-- Generated by Craft v2.6.2987 on Jul 29, 2017, 3:44:04 PM.

--
-- Disable foreign key checks and autocommit.
--

SET FOREIGN_KEY_CHECKS = 0;
SET SQL_MODE = "NO_AUTO_VALUE_ON_ZERO";
SET AUTOCOMMIT = 0;
SET NAMES utf8;


DROP TABLE IF EXISTS `craft_assetfiles`;


--
-- Schema for table `craft_assetfiles`
--
CREATE TABLE `craft_assetfiles` (
  `id` int(11) NOT NULL,
  `sourceId` int(11) DEFAULT NULL,
  `folderId` int(11) NOT NULL,
  `filename` varchar(255) COLLATE utf8_unicode_ci NOT NULL,
  `kind` varchar(50) COLLATE utf8_unicode_ci NOT NULL DEFAULT 'unknown',
  `width` int(11) unsigned DEFAULT NULL,
  `height` int(11) unsigned DEFAULT NULL,
  `size` bigint(20) unsigned DEFAULT NULL,
  `dateModified` datetime DEFAULT NULL,
  `dateCreated` datetime NOT NULL,
  `dateUpdated` datetime NOT NULL,
  `uid` char(36) COLLATE utf8_unicode_ci NOT NULL DEFAULT '0',
  PRIMARY KEY (`id`),
  UNIQUE KEY `craft_assetfiles_filename_folderId_unq_idx` (`filename`,`folderId`),
  KEY `craft_assetfiles_sourceId_fk` (`sourceId`),
  KEY `craft_assetfiles_folderId_fk` (`folderId`)
) ENGINE=InnoDB DEFAULT CHARSET=utf8 COLLATE=utf8_unicode_ci;

--
-- Data for table `craft_assetfiles`
--

INSERT INTO `craft_assetfiles` (`id`, `sourceId`, `folderId`, `filename`, `kind`, `width`, `height`, `size`, `dateModified`, `dateCreated`, `dateUpdated`, `uid`) VALUES
 ('5', '1', '1', 'test-CV.pdf', 'pdf', NULL, NULL, '15604', '2017-07-27 22:42:57', '2017-07-27 22:43:01', '2017-07-27 22:43:01', '3124ad04-1c21-4099-8013-c1c88bc3f9b0');



DROP TABLE IF EXISTS `craft_assetfolders`;


--
-- Schema for table `craft_assetfolders`
--
CREATE TABLE `craft_assetfolders` (
  `id` int(11) NOT NULL AUTO_INCREMENT,
  `parentId` int(11) DEFAULT NULL,
  `sourceId` int(11) DEFAULT NULL,
  `name` varchar(255) COLLATE utf8_unicode_ci NOT NULL,
  `path` varchar(255) COLLATE utf8_unicode_ci DEFAULT NULL,
  `dateCreated` datetime NOT NULL,
  `dateUpdated` datetime NOT NULL,
  `uid` char(36) COLLATE utf8_unicode_ci NOT NULL DEFAULT '0',
  PRIMARY KEY (`id`),
  UNIQUE KEY `craft_assetfolders_name_parentId_sourceId_unq_idx` (`name`,`parentId`,`sourceId`),
  KEY `craft_assetfolders_parentId_fk` (`parentId`),
  KEY `craft_assetfolders_sourceId_fk` (`sourceId`)
) ENGINE=InnoDB AUTO_INCREMENT=5 DEFAULT CHARSET=utf8 COLLATE=utf8_unicode_ci;

--
-- Data for table `craft_assetfolders`
--

INSERT INTO `craft_assetfolders` (`id`, `parentId`, `sourceId`, `name`, `path`, `dateCreated`, `dateUpdated`, `uid`) VALUES
 ('1', NULL, '1', 'Team Member CV', '', '2017-07-27 22:29:17', '2017-07-27 22:29:17', '4098935e-d670-4b02-86a6-e4884a379408'),
 ('2', NULL, NULL, 'Temporary source', NULL, '2017-07-27 22:35:40', '2017-07-27 22:35:40', 'e2ca1dca-c47f-4688-a488-d23bb70553c4'),
 ('3', '2', NULL, 'user_1', 'user_1/', '2017-07-27 22:35:40', '2017-07-27 22:35:40', '057ffb1a-0b5d-4599-9737-6733a26c102a'),
 ('4', '3', NULL, 'field_3', 'user_1/field_3/', '2017-07-27 22:35:40', '2017-07-27 22:35:40', '68e56e56-ea41-47c0-bdf0-ac61e3be2776');



DROP TABLE IF EXISTS `craft_assetindexdata`;


--
-- Schema for table `craft_assetindexdata`
--
CREATE TABLE `craft_assetindexdata` (
  `id` int(11) NOT NULL AUTO_INCREMENT,
  `sessionId` varchar(36) COLLATE utf8_unicode_ci NOT NULL DEFAULT '',
  `sourceId` int(10) NOT NULL,
  `offset` int(10) NOT NULL,
  `uri` varchar(255) COLLATE utf8_unicode_ci DEFAULT NULL,
  `size` varchar(255) COLLATE utf8_unicode_ci DEFAULT NULL,
  `recordId` int(10) DEFAULT NULL,
  `dateCreated` datetime NOT NULL,
  `dateUpdated` datetime NOT NULL,
  `uid` char(36) COLLATE utf8_unicode_ci NOT NULL DEFAULT '0',
  PRIMARY KEY (`id`),
  UNIQUE KEY `craft_assetindexdata_sessionId_sourceId_offset_unq_idx` (`sessionId`,`sourceId`,`offset`),
  KEY `craft_assetindexdata_sourceId_fk` (`sourceId`)
) ENGINE=InnoDB DEFAULT CHARSET=utf8 COLLATE=utf8_unicode_ci;

DROP TABLE IF EXISTS `craft_assetsources`;


--
-- Schema for table `craft_assetsources`
--
CREATE TABLE `craft_assetsources` (
  `id` int(11) NOT NULL AUTO_INCREMENT,
  `name` varchar(255) COLLATE utf8_unicode_ci NOT NULL,
  `handle` varchar(255) COLLATE utf8_unicode_ci NOT NULL,
  `type` varchar(150) COLLATE utf8_unicode_ci NOT NULL,
  `settings` text COLLATE utf8_unicode_ci,
  `sortOrder` smallint(6) unsigned DEFAULT NULL,
  `fieldLayoutId` int(10) DEFAULT NULL,
  `dateCreated` datetime NOT NULL,
  `dateUpdated` datetime NOT NULL,
  `uid` char(36) COLLATE utf8_unicode_ci NOT NULL DEFAULT '0',
  PRIMARY KEY (`id`),
  UNIQUE KEY `craft_assetsources_name_unq_idx` (`name`),
  UNIQUE KEY `craft_assetsources_handle_unq_idx` (`handle`),
  KEY `craft_assetsources_fieldLayoutId_fk` (`fieldLayoutId`)
) ENGINE=InnoDB AUTO_INCREMENT=2 DEFAULT CHARSET=utf8 COLLATE=utf8_unicode_ci;

--
-- Data for table `craft_assetsources`
--

INSERT INTO `craft_assetsources` (`id`, `name`, `handle`, `type`, `settings`, `sortOrder`, `fieldLayoutId`, `dateCreated`, `dateUpdated`, `uid`) VALUES
 ('1', 'Team Member CV', 'teamMemberCv', 'Local', '{\"path\":\"\\/srv\\/users\\/serverpilot\\/apps\\/water-institute\\/public\\/docs\\/teamMemberCv\\/\",\"publicURLs\":\"1\",\"url\":\"http:\\/\\/162.243.174.16\\/docs\\/teamMemberCv\\/\"}', '1', '11', '2017-07-27 22:29:17', '2017-07-27 22:42:41', '31a9523c-eb57-4e6b-80a7-874d9762f7e1');



DROP TABLE IF EXISTS `craft_assettransformindex`;


--
-- Schema for table `craft_assettransformindex`
--
CREATE TABLE `craft_assettransformindex` (
  `id` int(11) NOT NULL AUTO_INCREMENT,
  `fileId` int(11) NOT NULL,
  `filename` varchar(255) COLLATE utf8_unicode_ci DEFAULT NULL,
  `format` varchar(255) COLLATE utf8_unicode_ci DEFAULT NULL,
  `location` varchar(255) COLLATE utf8_unicode_ci NOT NULL,
  `sourceId` int(11) DEFAULT NULL,
  `fileExists` tinyint(1) DEFAULT NULL,
  `inProgress` tinyint(1) DEFAULT NULL,
  `dateIndexed` datetime DEFAULT NULL,
  `dateCreated` datetime NOT NULL,
  `dateUpdated` datetime NOT NULL,
  `uid` char(36) COLLATE utf8_unicode_ci NOT NULL DEFAULT '0',
  PRIMARY KEY (`id`),
  KEY `craft_assettransformindex_sourceId_fileId_location_idx` (`sourceId`,`fileId`,`location`)
) ENGINE=InnoDB DEFAULT CHARSET=utf8 COLLATE=utf8_unicode_ci;

DROP TABLE IF EXISTS `craft_assettransforms`;


--
-- Schema for table `craft_assettransforms`
--
CREATE TABLE `craft_assettransforms` (
  `id` int(11) NOT NULL AUTO_INCREMENT,
  `name` varchar(255) COLLATE utf8_unicode_ci NOT NULL,
  `handle` varchar(255) COLLATE utf8_unicode_ci NOT NULL,
  `mode` enum('stretch','fit','crop') COLLATE utf8_unicode_ci NOT NULL DEFAULT 'crop',
  `position` enum('top-left','top-center','top-right','center-left','center-center','center-right','bottom-left','bottom-center','bottom-right') COLLATE utf8_unicode_ci NOT NULL DEFAULT 'center-center',
  `height` int(10) DEFAULT NULL,
  `width` int(10) DEFAULT NULL,
  `format` varchar(255) COLLATE utf8_unicode_ci DEFAULT NULL,
  `quality` int(10) DEFAULT NULL,
  `dimensionChangeTime` datetime DEFAULT NULL,
  `dateCreated` datetime NOT NULL,
  `dateUpdated` datetime NOT NULL,
  `uid` char(36) COLLATE utf8_unicode_ci NOT NULL DEFAULT '0',
  PRIMARY KEY (`id`),
  UNIQUE KEY `craft_assettransforms_name_unq_idx` (`name`),
  UNIQUE KEY `craft_assettransforms_handle_unq_idx` (`handle`)
) ENGINE=InnoDB DEFAULT CHARSET=utf8 COLLATE=utf8_unicode_ci;

DROP TABLE IF EXISTS `craft_categories`;


--
-- Schema for table `craft_categories`
--
CREATE TABLE `craft_categories` (
  `id` int(11) NOT NULL,
  `groupId` int(11) NOT NULL,
  `dateCreated` datetime NOT NULL,
  `dateUpdated` datetime NOT NULL,
  `uid` char(36) COLLATE utf8_unicode_ci NOT NULL DEFAULT '0',
  PRIMARY KEY (`id`),
  KEY `craft_categories_groupId_fk` (`groupId`)
) ENGINE=InnoDB DEFAULT CHARSET=utf8 COLLATE=utf8_unicode_ci;

DROP TABLE IF EXISTS `craft_categorygroups`;


--
-- Schema for table `craft_categorygroups`
--
CREATE TABLE `craft_categorygroups` (
  `id` int(11) NOT NULL AUTO_INCREMENT,
  `structureId` int(11) NOT NULL,
  `fieldLayoutId` int(11) DEFAULT NULL,
  `name` varchar(255) COLLATE utf8_unicode_ci NOT NULL,
  `handle` varchar(255) COLLATE utf8_unicode_ci NOT NULL,
  `hasUrls` tinyint(1) unsigned NOT NULL DEFAULT '1',
  `template` varchar(500) COLLATE utf8_unicode_ci DEFAULT NULL,
  `dateCreated` datetime NOT NULL,
  `dateUpdated` datetime NOT NULL,
  `uid` char(36) COLLATE utf8_unicode_ci NOT NULL DEFAULT '0',
  PRIMARY KEY (`id`),
  UNIQUE KEY `craft_categorygroups_name_unq_idx` (`name`),
  UNIQUE KEY `craft_categorygroups_handle_unq_idx` (`handle`),
  KEY `craft_categorygroups_structureId_fk` (`structureId`),
  KEY `craft_categorygroups_fieldLayoutId_fk` (`fieldLayoutId`)
) ENGINE=InnoDB DEFAULT CHARSET=utf8 COLLATE=utf8_unicode_ci;

DROP TABLE IF EXISTS `craft_categorygroups_i18n`;


--
-- Schema for table `craft_categorygroups_i18n`
--
CREATE TABLE `craft_categorygroups_i18n` (
  `id` int(11) NOT NULL AUTO_INCREMENT,
  `groupId` int(11) NOT NULL,
  `locale` char(12) COLLATE utf8_unicode_ci NOT NULL,
  `urlFormat` text COLLATE utf8_unicode_ci,
  `nestedUrlFormat` text COLLATE utf8_unicode_ci,
  `dateCreated` datetime NOT NULL,
  `dateUpdated` datetime NOT NULL,
  `uid` char(36) COLLATE utf8_unicode_ci NOT NULL DEFAULT '0',
  PRIMARY KEY (`id`),
  UNIQUE KEY `craft_categorygroups_i18n_groupId_locale_unq_idx` (`groupId`,`locale`),
  KEY `craft_categorygroups_i18n_locale_fk` (`locale`)
) ENGINE=InnoDB DEFAULT CHARSET=utf8 COLLATE=utf8_unicode_ci;

DROP TABLE IF EXISTS `craft_content`;


--
-- Schema for table `craft_content`
--
CREATE TABLE `craft_content` (
  `id` int(11) NOT NULL AUTO_INCREMENT,
  `elementId` int(11) NOT NULL,
  `locale` char(12) COLLATE utf8_unicode_ci NOT NULL,
  `title` varchar(255) COLLATE utf8_unicode_ci DEFAULT NULL,
  `field_body` text COLLATE utf8_unicode_ci,
  `field_teamMemberEmail` text COLLATE utf8_unicode_ci,
  `field_teamMemberPhone` text COLLATE utf8_unicode_ci,
  `field_teamMemberTitle` text COLLATE utf8_unicode_ci,
  `dateCreated` datetime NOT NULL,
  `dateUpdated` datetime NOT NULL,
  `uid` char(36) COLLATE utf8_unicode_ci NOT NULL DEFAULT '0',
  PRIMARY KEY (`id`),
  UNIQUE KEY `craft_content_elementId_locale_unq_idx` (`elementId`,`locale`),
  KEY `craft_content_title_idx` (`title`),
  KEY `craft_content_locale_fk` (`locale`)
) ENGINE=InnoDB AUTO_INCREMENT=6 DEFAULT CHARSET=utf8 COLLATE=utf8_unicode_ci;

--
-- Data for table `craft_content`
--

INSERT INTO `craft_content` (`id`, `elementId`, `locale`, `title`, `field_body`, `field_teamMemberEmail`, `field_teamMemberPhone`, `field_teamMemberTitle`, `dateCreated`, `dateUpdated`, `uid`) VALUES
 ('1', '1', 'en_us', NULL, NULL, NULL, NULL, NULL, '2017-07-26 23:54:37', '2017-07-26 23:54:37', 'a0b53b82-576a-44f2-8258-e4851858cfcc'),
 ('2', '2', 'en_us', 'Applied Research. Technical Support.', '<p>The Water Institute of the Gulf connects academic, public, and private research providers and conducts applied research to serve communities and industry. The Institute’s work helps ensure livable communities and a thriving economy and environment.</p>', NULL, NULL, NULL, '2017-07-26 23:54:39', '2017-07-27 23:02:45', '849434bf-01bb-43ed-a696-0dac9dfd88fe'),
 ('3', '3', 'en_us', 'Justin R. Ehrenwerth', '<p>Justin R. Ehrenwerth took the helm as President and CEO of The Water Institute of the Gulf in early 2017. Founded in 2011, the Institute is a not-for-profit, independent research institute dedicated to advancing the understanding of coastal, deltaic, river and water resource systems, both within the Gulf Coast and around the world. The Institute works to foster the practical application of innovative science and engineering, providing cutting-edge solutions to complex environmental problems for the betterment of society.</p>\n<p>Most recently, Ehrenwerth served as the inaugural Executive Director of the Gulf Coast Ecosystem Restoration Council (Council).  The Council was created in the aftermath of the BP Deepwater Horizon oil spill and is comprised of the Governors of five Gulf Coast States andSecretaries from six Federal agencies.  The Council is responsible forrestoring the ecosystem and revitalizing the economy of the Gulf Coast.  Ehrenwerth successfully established the Council as the newest independent agency in the Federal government and oversaw all aspects of its programmatic, technical and operational activities.  Under his leadership, the Council approved an Initial Comprehensive Plan and Funded Priorities List, created a Federal grants system to allocate and monitor billions of dollars in restoration projects, and approved a Comprehensive Plan Update outlining a strategy for moving forward with large-scale ecosystem restoration in the coming decades.</p>\n<p>Prior to joining the Council, Ehrenwerth served as Chief of Staff tothe U.S. Deputy Secretary of Commerce where he assisted theSecretary and Deputy Secretary in overseeing issues of management,policy and strategic planning for the Department which has an annualbudget of $10 billion and approximately 47,000 employees.  Among other responsibilities, Ehrenwerth focused on strategic opportunities and management challenges facing the National Oceanic and Atmospheric Administration (NOAA) and the International Trade Administration, two major bureaus of the Department.  </p>\n<p>Previously, Ehrenwerth served as Assistant Counsel to the Presidentwhere he took the lead on Deepwater Horizon litigation for the White House working with the Department of Justice.  He also served as a member of the Oversight and Litigation group representing the White House in Congressional investigations and advising Federal agencies on oversight matters.</p>\n<p>Ehrenwerth has held leadership positions on a number of national and statewide  political campaigns. He has been active in the non-profit sector having worked at the University of Pittsburgh Institute of Politics and the Northern California Grantmakers. He also served as a Marshall-Brennan Constitutional Literacy Teaching Fellow as well asa Coro Fellow in Public Affairs. He currently serves on the Board of Directors of the Coro Center for Civic Leadership.</p>\n<p>Ehrenwerth is a summa cum laude graduate of Colby College and holds an MA in Philosophy, Politics and Economics from theUniversity of Oxford and a J.D. from the University of PennsylvaniaLaw School. He and his wife, Dana Dupré, originally from Opelousas, have called Louisiana home since 2013.</p>', 'justin.ehrenwerth@thewaterinstitue.org', '225.448.2813', 'President and CEO', '2017-07-27 22:42:47', '2017-07-27 23:04:49', '6dbdd54f-ac3f-40de-88a3-ecbbcbfdebe0'),
 ('5', '5', 'en_us', 'Test  Cv', NULL, NULL, NULL, NULL, '2017-07-27 22:43:00', '2017-07-27 22:43:01', '6ed7e5de-3c09-4649-9f14-2f20f0772120');



DROP TABLE IF EXISTS `craft_deprecationerrors`;


--
-- Schema for table `craft_deprecationerrors`
--
CREATE TABLE `craft_deprecationerrors` (
  `id` int(11) NOT NULL AUTO_INCREMENT,
  `key` varchar(255) COLLATE utf8_unicode_ci NOT NULL,
  `fingerprint` varchar(255) COLLATE utf8_unicode_ci NOT NULL,
  `lastOccurrence` datetime NOT NULL,
  `file` varchar(255) COLLATE utf8_unicode_ci NOT NULL,
  `line` smallint(6) unsigned NOT NULL,
  `class` varchar(255) COLLATE utf8_unicode_ci DEFAULT NULL,
  `method` varchar(255) COLLATE utf8_unicode_ci DEFAULT NULL,
  `template` varchar(255) COLLATE utf8_unicode_ci DEFAULT NULL,
  `templateLine` smallint(6) unsigned DEFAULT NULL,
  `message` varchar(255) COLLATE utf8_unicode_ci DEFAULT NULL,
  `traces` text COLLATE utf8_unicode_ci,
  `dateCreated` datetime NOT NULL,
  `dateUpdated` datetime NOT NULL,
  `uid` char(36) COLLATE utf8_unicode_ci NOT NULL DEFAULT '0',
  PRIMARY KEY (`id`),
  UNIQUE KEY `craft_deprecationerrors_key_fingerprint_unq_idx` (`key`,`fingerprint`)
) ENGINE=InnoDB AUTO_INCREMENT=2 DEFAULT CHARSET=utf8 COLLATE=utf8_unicode_ci;

DROP TABLE IF EXISTS `craft_elementindexsettings`;


--
-- Schema for table `craft_elementindexsettings`
--
CREATE TABLE `craft_elementindexsettings` (
  `id` int(11) NOT NULL AUTO_INCREMENT,
  `type` varchar(150) COLLATE utf8_unicode_ci NOT NULL,
  `settings` text COLLATE utf8_unicode_ci,
  `dateCreated` datetime NOT NULL,
  `dateUpdated` datetime NOT NULL,
  `uid` char(36) COLLATE utf8_unicode_ci NOT NULL DEFAULT '0',
  PRIMARY KEY (`id`),
  UNIQUE KEY `craft_elementindexsettings_type_unq_idx` (`type`)
) ENGINE=InnoDB DEFAULT CHARSET=utf8 COLLATE=utf8_unicode_ci;

DROP TABLE IF EXISTS `craft_elements`;


--
-- Schema for table `craft_elements`
--
CREATE TABLE `craft_elements` (
  `id` int(11) NOT NULL AUTO_INCREMENT,
  `type` varchar(150) COLLATE utf8_unicode_ci NOT NULL,
  `enabled` tinyint(1) unsigned NOT NULL DEFAULT '1',
  `archived` tinyint(1) unsigned NOT NULL DEFAULT '0',
  `dateCreated` datetime NOT NULL,
  `dateUpdated` datetime NOT NULL,
  `uid` char(36) COLLATE utf8_unicode_ci NOT NULL DEFAULT '0',
  PRIMARY KEY (`id`),
  KEY `craft_elements_type_idx` (`type`),
  KEY `craft_elements_enabled_idx` (`enabled`),
  KEY `craft_elements_archived_dateCreated_idx` (`archived`,`dateCreated`)
) ENGINE=InnoDB AUTO_INCREMENT=6 DEFAULT CHARSET=utf8 COLLATE=utf8_unicode_ci;

--
-- Data for table `craft_elements`
--

INSERT INTO `craft_elements` (`id`, `type`, `enabled`, `archived`, `dateCreated`, `dateUpdated`, `uid`) VALUES
 ('1', 'User', '1', '0', '2017-07-26 23:54:37', '2017-07-26 23:54:37', '14e3c32f-fad9-4a93-9f0d-146820a53003'),
 ('2', 'Entry', '1', '0', '2017-07-26 23:54:39', '2017-07-27 23:02:45', '4a8ffd7b-8bea-48f1-bdff-4eb3743aa999'),
 ('3', 'Entry', '1', '0', '2017-07-27 22:42:47', '2017-07-27 23:04:49', 'ceee3343-001f-4873-966a-1abc5ba48cc5'),
 ('5', 'Asset', '1', '0', '2017-07-27 22:43:00', '2017-07-27 22:43:01', '309bbbaa-8201-4292-a94f-8637be9e6754');



DROP TABLE IF EXISTS `craft_elements_i18n`;


--
-- Schema for table `craft_elements_i18n`
--
CREATE TABLE `craft_elements_i18n` (
  `id` int(11) NOT NULL AUTO_INCREMENT,
  `elementId` int(11) NOT NULL,
  `locale` char(12) COLLATE utf8_unicode_ci NOT NULL,
  `slug` varchar(255) COLLATE utf8_unicode_ci DEFAULT NULL,
  `uri` varchar(255) COLLATE utf8_unicode_ci DEFAULT NULL,
  `enabled` tinyint(1) unsigned NOT NULL DEFAULT '1',
  `dateCreated` datetime NOT NULL,
  `dateUpdated` datetime NOT NULL,
  `uid` char(36) COLLATE utf8_unicode_ci NOT NULL DEFAULT '0',
  PRIMARY KEY (`id`),
  UNIQUE KEY `craft_elements_i18n_elementId_locale_unq_idx` (`elementId`,`locale`),
  UNIQUE KEY `craft_elements_i18n_uri_locale_unq_idx` (`uri`,`locale`),
  KEY `craft_elements_i18n_slug_locale_idx` (`slug`,`locale`),
  KEY `craft_elements_i18n_enabled_idx` (`enabled`),
  KEY `craft_elements_i18n_locale_fk` (`locale`)
) ENGINE=InnoDB AUTO_INCREMENT=6 DEFAULT CHARSET=utf8 COLLATE=utf8_unicode_ci;

--
-- Data for table `craft_elements_i18n`
--

INSERT INTO `craft_elements_i18n` (`id`, `elementId`, `locale`, `slug`, `uri`, `enabled`, `dateCreated`, `dateUpdated`, `uid`) VALUES
 ('1', '1', 'en_us', '', NULL, '1', '2017-07-26 23:54:37', '2017-07-26 23:54:37', '51538a4b-88c7-47c4-83e8-65b3ce2e3ad0'),
 ('2', '2', 'en_us', 'homepage', '__home__', '1', '2017-07-26 23:54:39', '2017-07-27 23:02:45', '07514a45-df65-4b35-8376-a6a7a56b9a9c'),
 ('3', '3', 'en_us', 'justin-r-ehrenwerth', 'team-members/justin-r-ehrenwerth', '1', '2017-07-27 22:42:47', '2017-07-27 23:04:49', '43a1a571-b4af-4691-ba86-261a180c8dbd'),
 ('5', '5', 'en_us', 'test-cv', NULL, '1', '2017-07-27 22:43:01', '2017-07-27 22:43:01', '407bac05-0636-48f5-8d9a-0dcc29aca2ed');



DROP TABLE IF EXISTS `craft_emailmessages`;


--
-- Schema for table `craft_emailmessages`
--
CREATE TABLE `craft_emailmessages` (
  `id` int(11) NOT NULL AUTO_INCREMENT,
  `key` char(150) COLLATE utf8_unicode_ci NOT NULL,
  `locale` char(12) COLLATE utf8_unicode_ci NOT NULL,
  `subject` varchar(1000) COLLATE utf8_unicode_ci NOT NULL,
  `body` text COLLATE utf8_unicode_ci NOT NULL,
  `dateCreated` datetime NOT NULL,
  `dateUpdated` datetime NOT NULL,
  `uid` char(36) COLLATE utf8_unicode_ci NOT NULL DEFAULT '0',
  PRIMARY KEY (`id`),
  UNIQUE KEY `craft_emailmessages_key_locale_unq_idx` (`key`,`locale`),
  KEY `craft_emailmessages_locale_fk` (`locale`)
) ENGINE=InnoDB DEFAULT CHARSET=utf8 COLLATE=utf8_unicode_ci;

DROP TABLE IF EXISTS `craft_entries`;


--
-- Schema for table `craft_entries`
--
CREATE TABLE `craft_entries` (
  `id` int(11) NOT NULL,
  `sectionId` int(11) NOT NULL,
  `typeId` int(11) DEFAULT NULL,
  `authorId` int(11) DEFAULT NULL,
  `postDate` datetime DEFAULT NULL,
  `expiryDate` datetime DEFAULT NULL,
  `dateCreated` datetime NOT NULL,
  `dateUpdated` datetime NOT NULL,
  `uid` char(36) COLLATE utf8_unicode_ci NOT NULL DEFAULT '0',
  PRIMARY KEY (`id`),
  KEY `craft_entries_sectionId_idx` (`sectionId`),
  KEY `craft_entries_typeId_idx` (`typeId`),
  KEY `craft_entries_postDate_idx` (`postDate`),
  KEY `craft_entries_expiryDate_idx` (`expiryDate`),
  KEY `craft_entries_authorId_fk` (`authorId`)
) ENGINE=InnoDB DEFAULT CHARSET=utf8 COLLATE=utf8_unicode_ci;

--
-- Data for table `craft_entries`
--

INSERT INTO `craft_entries` (`id`, `sectionId`, `typeId`, `authorId`, `postDate`, `expiryDate`, `dateCreated`, `dateUpdated`, `uid`) VALUES
 ('2', '1', NULL, NULL, '2017-07-26 23:54:39', NULL, '2017-07-26 23:54:39', '2017-07-27 23:02:45', '0e4ebb36-2be9-43df-9598-20c284d3d0e4'),
 ('3', '4', '4', '1', '2017-07-27 22:42:00', NULL, '2017-07-27 22:42:47', '2017-07-27 23:04:49', 'e539515a-2100-4989-baf5-59dd6b10c5d5');



DROP TABLE IF EXISTS `craft_entrydrafts`;


--
-- Schema for table `craft_entrydrafts`
--
CREATE TABLE `craft_entrydrafts` (
  `id` int(11) NOT NULL AUTO_INCREMENT,
  `entryId` int(11) NOT NULL,
  `sectionId` int(11) NOT NULL,
  `creatorId` int(11) NOT NULL,
  `locale` char(12) COLLATE utf8_unicode_ci NOT NULL,
  `name` varchar(255) COLLATE utf8_unicode_ci NOT NULL,
  `notes` tinytext COLLATE utf8_unicode_ci,
  `data` mediumtext COLLATE utf8_unicode_ci NOT NULL,
  `dateCreated` datetime NOT NULL,
  `dateUpdated` datetime NOT NULL,
  `uid` char(36) COLLATE utf8_unicode_ci NOT NULL DEFAULT '0',
  PRIMARY KEY (`id`),
  KEY `craft_entrydrafts_entryId_locale_idx` (`entryId`,`locale`),
  KEY `craft_entrydrafts_sectionId_fk` (`sectionId`),
  KEY `craft_entrydrafts_creatorId_fk` (`creatorId`),
  KEY `craft_entrydrafts_locale_fk` (`locale`)
) ENGINE=InnoDB DEFAULT CHARSET=utf8 COLLATE=utf8_unicode_ci;

DROP TABLE IF EXISTS `craft_entrytypes`;


--
-- Schema for table `craft_entrytypes`
--
CREATE TABLE `craft_entrytypes` (
  `id` int(11) NOT NULL AUTO_INCREMENT,
  `sectionId` int(11) NOT NULL,
  `fieldLayoutId` int(11) DEFAULT NULL,
  `name` varchar(255) COLLATE utf8_unicode_ci NOT NULL,
  `handle` varchar(255) COLLATE utf8_unicode_ci NOT NULL,
  `hasTitleField` tinyint(1) unsigned NOT NULL DEFAULT '1',
  `titleLabel` varchar(255) COLLATE utf8_unicode_ci DEFAULT 'Title',
  `titleFormat` varchar(255) COLLATE utf8_unicode_ci DEFAULT NULL,
  `sortOrder` smallint(6) unsigned DEFAULT NULL,
  `dateCreated` datetime NOT NULL,
  `dateUpdated` datetime NOT NULL,
  `uid` char(36) COLLATE utf8_unicode_ci NOT NULL DEFAULT '0',
  PRIMARY KEY (`id`),
  UNIQUE KEY `craft_entrytypes_name_sectionId_unq_idx` (`name`,`sectionId`),
  UNIQUE KEY `craft_entrytypes_handle_sectionId_unq_idx` (`handle`,`sectionId`),
  KEY `craft_entrytypes_sectionId_fk` (`sectionId`),
  KEY `craft_entrytypes_fieldLayoutId_fk` (`fieldLayoutId`)
) ENGINE=InnoDB AUTO_INCREMENT=5 DEFAULT CHARSET=utf8 COLLATE=utf8_unicode_ci;

--
-- Data for table `craft_entrytypes`
--

INSERT INTO `craft_entrytypes` (`id`, `sectionId`, `fieldLayoutId`, `name`, `handle`, `hasTitleField`, `titleLabel`, `titleFormat`, `sortOrder`, `dateCreated`, `dateUpdated`, `uid`) VALUES
 ('1', '1', '3', 'Homepage', 'homepage', '1', 'Title', NULL, '1', '2017-07-26 23:54:39', '2017-07-26 23:54:39', 'ed0428f6-9079-4f86-9bbe-354a232cebf6'),
 ('2', '2', '8', 'News', 'news', '1', 'Title', NULL, '1', '2017-07-27 20:57:58', '2017-07-27 22:34:20', '8529fae2-7f75-4962-be76-68ba79f57d28'),
 ('3', '3', '5', 'Pages', 'pages', '1', 'Title', NULL, '1', '2017-07-27 20:58:13', '2017-07-27 20:58:13', '2299e02c-1ffa-49c8-9a3e-0bb6668799cc'),
 ('4', '4', '9', 'Team Members', 'teamMembers', '1', 'Title', NULL, '1', '2017-07-27 20:58:33', '2017-07-27 22:35:31', 'a8b2826c-d364-419e-a555-d013b439a131');



DROP TABLE IF EXISTS `craft_entryversions`;


--
-- Schema for table `craft_entryversions`
--
CREATE TABLE `craft_entryversions` (
  `id` int(11) NOT NULL AUTO_INCREMENT,
  `entryId` int(11) NOT NULL,
  `sectionId` int(11) NOT NULL,
  `creatorId` int(11) DEFAULT NULL,
  `locale` char(12) COLLATE utf8_unicode_ci NOT NULL,
  `num` smallint(6) unsigned NOT NULL,
  `notes` tinytext COLLATE utf8_unicode_ci,
  `data` mediumtext COLLATE utf8_unicode_ci NOT NULL,
  `dateCreated` datetime NOT NULL,
  `dateUpdated` datetime NOT NULL,
  `uid` char(36) COLLATE utf8_unicode_ci NOT NULL DEFAULT '0',
  PRIMARY KEY (`id`),
  KEY `craft_entryversions_entryId_locale_idx` (`entryId`,`locale`),
  KEY `craft_entryversions_sectionId_fk` (`sectionId`),
  KEY `craft_entryversions_creatorId_fk` (`creatorId`),
  KEY `craft_entryversions_locale_fk` (`locale`)
) ENGINE=InnoDB AUTO_INCREMENT=6 DEFAULT CHARSET=utf8 COLLATE=utf8_unicode_ci;

--
-- Data for table `craft_entryversions`
--

INSERT INTO `craft_entryversions` (`id`, `entryId`, `sectionId`, `creatorId`, `locale`, `num`, `notes`, `data`, `dateCreated`, `dateUpdated`, `uid`) VALUES
 ('1', '2', '1', '1', 'en_us', '1', NULL, '{\"typeId\":\"1\",\"authorId\":null,\"title\":\"Homepage\",\"slug\":\"homepage\",\"postDate\":1501113279,\"expiryDate\":null,\"enabled\":1,\"parentId\":null,\"fields\":[]}', '2017-07-26 23:54:39', '2017-07-26 23:54:39', '5b9da031-8439-4fa9-bd1d-c9e79aae2a73'),
 ('2', '3', '4', '1', 'en_us', '1', '', '{\"typeId\":null,\"authorId\":\"1\",\"title\":\"Justin R. Ehrenwerth\",\"slug\":\"justin-r-ehrenwerth\",\"postDate\":1501195367,\"expiryDate\":null,\"enabled\":1,\"parentId\":\"\",\"fields\":{\"1\":\"<p>Justin R. Ehrenwerth took the helm as President and CEO of The Water Institute of the Gulf in early 2017. Founded in 2011, the Institute is a not-for-profit, independent research institute dedicated to advancing the understanding of coastal, deltaic, river and water resource systems, both within the Gulf Coast and around the world. The Institute works to foster the practical application of innovative science and engineering, providing cutting-edge solutions to complex environmental problems for the betterment of society.<\\/p>\\r\\n<p>Most recently, Ehrenwerth served as the inaugural Executive Director of the Gulf Coast Ecosystem Restoration Council (Council). &nbsp;The Council was created in the aftermath of the BP&nbsp;Deepwater Horizon&nbsp;oil spill and is comprised&nbsp;of&nbsp;the&nbsp;Governors&nbsp;of&nbsp;five&nbsp;Gulf&nbsp;Coast&nbsp;States&nbsp;andSecretaries&nbsp;from&nbsp;six&nbsp;Federal&nbsp;agencies.&nbsp; The&nbsp;Council&nbsp;is&nbsp;responsible&nbsp;forrestoring the&nbsp;ecosystem and revitalizing the economy of the Gulf Coast.&nbsp; Ehrenwerth successfully established the Council as the newest independent agency in the Federal government and oversaw all aspects of its programmatic, technical and operational activities.&nbsp; Under his leadership, the Council approved an Initial Comprehensive Plan and Funded Priorities List, created a Federal grants system to allocate and monitor billions of dollars in restoration projects, and approved a Comprehensive Plan Update outlining a strategy for moving forward with large-scale ecosystem restoration in the coming decades.<\\/p>\\r\\n<p>Prior&nbsp;to&nbsp;joining&nbsp;the&nbsp;Council,&nbsp;Ehrenwerth&nbsp;served&nbsp;as&nbsp;Chief&nbsp;of&nbsp;Staff&nbsp;tothe&nbsp;U.S.&nbsp;Deputy&nbsp;Secretary&nbsp;of&nbsp;Commerce&nbsp;where he&nbsp;assisted&nbsp;theSecretary and Deputy Secretary&nbsp;in&nbsp;overseeing&nbsp;issues&nbsp;of&nbsp;management,policy&nbsp;and&nbsp;strategic planning for&nbsp;the&nbsp;Department&nbsp;which&nbsp;has&nbsp;an&nbsp;annualbudget&nbsp;of&nbsp;$10&nbsp;billion&nbsp;and&nbsp;approximately 47,000&nbsp;employees.&nbsp; Among other responsibilities, Ehrenwerth focused on strategic opportunities and management challenges facing the National Oceanic and Atmospheric Administration (NOAA) and the International Trade Administration, two major bureaus of the Department.&nbsp;&nbsp;<\\/p>\\r\\n<p>Previously,&nbsp;Ehrenwerth&nbsp;served&nbsp;as&nbsp;Assistant&nbsp;Counsel&nbsp;to&nbsp;the&nbsp;Presidentwhere he&nbsp;took the lead on&nbsp;Deepwater Horizon&nbsp;litigation for the White House working with the Department of Justice.&nbsp; He also served as a member&nbsp;of&nbsp;the&nbsp;Oversight&nbsp;and Litigation&nbsp;group&nbsp;representing the&nbsp;White&nbsp;House&nbsp;in Congressional&nbsp;investigations&nbsp;and advising&nbsp;Federal&nbsp;agencies&nbsp;on&nbsp;oversight&nbsp;matters.<\\/p>\\r\\n<p>Ehrenwerth&nbsp;has&nbsp;held&nbsp;leadership&nbsp;positions&nbsp;on&nbsp;a&nbsp;number&nbsp;of&nbsp;national&nbsp;and&nbsp;statewide&nbsp; political&nbsp;campaigns.&nbsp;He&nbsp;has&nbsp;been&nbsp;active&nbsp;in&nbsp;the&nbsp;non-profit&nbsp;sector having&nbsp;worked&nbsp;at&nbsp;the&nbsp;University&nbsp;of&nbsp;Pittsburgh&nbsp;Institute&nbsp;of Politics&nbsp;and&nbsp;the&nbsp;Northern&nbsp;California&nbsp;Grantmakers. He&nbsp;also&nbsp;served&nbsp;as&nbsp;a Marshall-Brennan&nbsp;Constitutional&nbsp;Literacy Teaching&nbsp;Fellow&nbsp;as&nbsp;well&nbsp;asa&nbsp;Coro&nbsp;Fellow&nbsp;in&nbsp;Public&nbsp;Affairs. He currently serves on the Board of Directors of the Coro Center for Civic Leadership.<\\/p>\\r\\n<p>Ehrenwerth&nbsp;is&nbsp;a&nbsp;summa&nbsp;cum&nbsp;laude&nbsp;graduate&nbsp;of&nbsp;Colby&nbsp;College&nbsp;and holds&nbsp;an&nbsp;MA&nbsp;in&nbsp;Philosophy,&nbsp;Politics&nbsp;and Economics from&nbsp;theUniversity&nbsp;of&nbsp;Oxford&nbsp;and&nbsp;a&nbsp;J.D.&nbsp;from the&nbsp;University&nbsp;of&nbsp;PennsylvaniaLaw School.&nbsp;He and his wife, Dana Dupr\\u00e9, originally from Opelousas, have called Louisiana home since 2013.<\\/p>\",\"3\":\"\",\"2\":\"\",\"4\":\"\",\"5\":\"justin.ehrenwerth@thewaterinstitue.org\",\"6\":\"225.448.2813\",\"7\":\"President and CEO\"}}', '2017-07-27 22:42:47', '2017-07-27 22:42:47', '7adb71ec-db9d-4355-8d1e-b59f849c08e4'),
 ('3', '2', '1', '1', 'en_us', '2', '', '{\"typeId\":null,\"authorId\":null,\"title\":\"Applied Research. Technical Support.\",\"slug\":\"homepage\",\"postDate\":1501113279,\"expiryDate\":null,\"enabled\":1,\"parentId\":null,\"fields\":{\"1\":\"<p>The Water Institute of the Gulf connects academic, public, and private research providers and conducts applied research to serve communities and industry. The Institute\\u2019s work helps ensure livable communities and a thriving economy and environment.<\\/p>\"}}', '2017-07-27 23:02:45', '2017-07-27 23:02:45', '53d0ad22-6ab4-490e-a7ea-8886c4abb00a'),
 ('4', '3', '4', '1', 'en_us', '2', '', '{\"typeId\":\"4\",\"authorId\":\"1\",\"title\":\"Justin R. Ehrenwerth\",\"slug\":\"justin-r-ehrenwerth\",\"postDate\":1501195320,\"expiryDate\":null,\"enabled\":1,\"parentId\":\"\",\"fields\":{\"1\":\"<p>Justin R. Ehrenwerth took the helm as President and CEO of The Water Institute of the Gulf in early 2017. Founded in 2011, the Institute is a not-for-profit, independent research institute dedicated to advancing the understanding of coastal, deltaic, river and water resource systems, both within the Gulf Coast and around the world. The Institute works to foster the practical application of innovative science and engineering, providing cutting-edge solutions to complex environmental problems for the betterment of society.<\\/p>\\r\\n<p>Most recently, Ehrenwerth served as the inaugural Executive Director of the Gulf Coast Ecosystem Restoration Council (Council). &nbsp;The Council was created in the aftermath of the BP&nbsp;Deepwater Horizon&nbsp;oil spill and is comprised&nbsp;of&nbsp;the&nbsp;Governors&nbsp;of&nbsp;five&nbsp;Gulf&nbsp;Coast&nbsp;States&nbsp;andSecretaries&nbsp;from&nbsp;six&nbsp;Federal&nbsp;agencies.&nbsp; The&nbsp;Council&nbsp;is&nbsp;responsible&nbsp;forrestoring the&nbsp;ecosystem and revitalizing the economy of the Gulf Coast.&nbsp; Ehrenwerth successfully established the Council as the newest independent agency in the Federal government and oversaw all aspects of its programmatic, technical and operational activities.&nbsp; Under his leadership, the Council approved an Initial Comprehensive Plan and Funded Priorities List, created a Federal grants system to allocate and monitor billions of dollars in restoration projects, and approved a Comprehensive Plan Update outlining a strategy for moving forward with large-scale ecosystem restoration in the coming decades.<\\/p>\\r\\n<p>Prior&nbsp;to&nbsp;joining&nbsp;the&nbsp;Council,&nbsp;Ehrenwerth&nbsp;served&nbsp;as&nbsp;Chief&nbsp;of&nbsp;Staff&nbsp;tothe&nbsp;U.S.&nbsp;Deputy&nbsp;Secretary&nbsp;of&nbsp;Commerce&nbsp;where he&nbsp;assisted&nbsp;theSecretary and Deputy Secretary&nbsp;in&nbsp;overseeing&nbsp;issues&nbsp;of&nbsp;management,policy&nbsp;and&nbsp;strategic planning for&nbsp;the&nbsp;Department&nbsp;which&nbsp;has&nbsp;an&nbsp;annualbudget&nbsp;of&nbsp;$10&nbsp;billion&nbsp;and&nbsp;approximately 47,000&nbsp;employees.&nbsp; Among other responsibilities, Ehrenwerth focused on strategic opportunities and management challenges facing the National Oceanic and Atmospheric Administration (NOAA) and the International Trade Administration, two major bureaus of the Department.&nbsp;&nbsp;<\\/p>\\r\\n<p>Previously,&nbsp;Ehrenwerth&nbsp;served&nbsp;as&nbsp;Assistant&nbsp;Counsel&nbsp;to&nbsp;the&nbsp;Presidentwhere he&nbsp;took the lead on&nbsp;Deepwater Horizon&nbsp;litigation for the White House working with the Department of Justice.&nbsp; He also served as a member&nbsp;of&nbsp;the&nbsp;Oversight&nbsp;and Litigation&nbsp;group&nbsp;representing the&nbsp;White&nbsp;House&nbsp;in Congressional&nbsp;investigations&nbsp;and advising&nbsp;Federal&nbsp;agencies&nbsp;on&nbsp;oversight&nbsp;matters.<\\/p>\\r\\n<p>Ehrenwerth&nbsp;has&nbsp;held&nbsp;leadership&nbsp;positions&nbsp;on&nbsp;a&nbsp;number&nbsp;of&nbsp;national&nbsp;and&nbsp;statewide&nbsp; political&nbsp;campaigns.&nbsp;He&nbsp;has&nbsp;been&nbsp;active&nbsp;in&nbsp;the&nbsp;non-profit&nbsp;sector having&nbsp;worked&nbsp;at&nbsp;the&nbsp;University&nbsp;of&nbsp;Pittsburgh&nbsp;Institute&nbsp;of Politics&nbsp;and&nbsp;the&nbsp;Northern&nbsp;California&nbsp;Grantmakers. He&nbsp;also&nbsp;served&nbsp;as&nbsp;a Marshall-Brennan&nbsp;Constitutional&nbsp;Literacy Teaching&nbsp;Fellow&nbsp;as&nbsp;well&nbsp;asa&nbsp;Coro&nbsp;Fellow&nbsp;in&nbsp;Public&nbsp;Affairs. He currently serves on the Board of Directors of the Coro Center for Civic Leadership.<\\/p>\\r\\n<p>Ehrenwerth&nbsp;is&nbsp;a&nbsp;summa&nbsp;cum&nbsp;laude&nbsp;graduate&nbsp;of&nbsp;Colby&nbsp;College&nbsp;and holds&nbsp;an&nbsp;MA&nbsp;in&nbsp;Philosophy,&nbsp;Politics&nbsp;and Economics from&nbsp;theUniversity&nbsp;of&nbsp;Oxford&nbsp;and&nbsp;a&nbsp;J.D.&nbsp;from the&nbsp;University&nbsp;of&nbsp;PennsylvaniaLaw School.&nbsp;He and his wife, Dana Dupr\\u00e9, originally from Opelousas, have called Louisiana home since 2013.<\\/p>\",\"3\":\"\",\"2\":\"\",\"4\":[\"5\"],\"5\":\"justin.ehrenwerth@thewaterinstitue.org\",\"6\":\"225.448.2813\",\"7\":\"President and CEO\"}}', '2017-07-27 23:04:14', '2017-07-27 23:04:14', '600cdc10-b614-4663-96b7-c68f555c111c'),
 ('5', '3', '4', '1', 'en_us', '3', '', '{\"typeId\":\"4\",\"authorId\":\"1\",\"title\":\"Justin R. Ehrenwerth\",\"slug\":\"justin-r-ehrenwerth\",\"postDate\":1501195320,\"expiryDate\":null,\"enabled\":1,\"parentId\":\"\",\"fields\":{\"1\":\"<p>Justin R. Ehrenwerth took the helm as President and CEO of The Water Institute of the Gulf in early 2017. Founded in 2011, the Institute is a not-for-profit, independent research institute dedicated to advancing the understanding of coastal, deltaic, river and water resource systems, both within the Gulf Coast and around the world. The Institute works to foster the practical application of innovative science and engineering, providing cutting-edge solutions to complex environmental problems for the betterment of society.<\\/p>\\r\\n<p>Most recently, Ehrenwerth served as the inaugural Executive Director of the Gulf Coast Ecosystem Restoration Council (Council). &nbsp;The Council was created in the aftermath of the BP&nbsp;Deepwater Horizon&nbsp;oil spill and is comprised&nbsp;of&nbsp;the&nbsp;Governors&nbsp;of&nbsp;five&nbsp;Gulf&nbsp;Coast&nbsp;States&nbsp;andSecretaries&nbsp;from&nbsp;six&nbsp;Federal&nbsp;agencies.&nbsp; The&nbsp;Council&nbsp;is&nbsp;responsible&nbsp;forrestoring the&nbsp;ecosystem and revitalizing the economy of the Gulf Coast.&nbsp; Ehrenwerth successfully established the Council as the newest independent agency in the Federal government and oversaw all aspects of its programmatic, technical and operational activities.&nbsp; Under his leadership, the Council approved an Initial Comprehensive Plan and Funded Priorities List, created a Federal grants system to allocate and monitor billions of dollars in restoration projects, and approved a Comprehensive Plan Update outlining a strategy for moving forward with large-scale ecosystem restoration in the coming decades.<\\/p>\\r\\n<p>Prior&nbsp;to&nbsp;joining&nbsp;the&nbsp;Council,&nbsp;Ehrenwerth&nbsp;served&nbsp;as&nbsp;Chief&nbsp;of&nbsp;Staff&nbsp;tothe&nbsp;U.S.&nbsp;Deputy&nbsp;Secretary&nbsp;of&nbsp;Commerce&nbsp;where he&nbsp;assisted&nbsp;theSecretary and Deputy Secretary&nbsp;in&nbsp;overseeing&nbsp;issues&nbsp;of&nbsp;management,policy&nbsp;and&nbsp;strategic planning for&nbsp;the&nbsp;Department&nbsp;which&nbsp;has&nbsp;an&nbsp;annualbudget&nbsp;of&nbsp;$10&nbsp;billion&nbsp;and&nbsp;approximately 47,000&nbsp;employees.&nbsp; Among other responsibilities, Ehrenwerth focused on strategic opportunities and management challenges facing the National Oceanic and Atmospheric Administration (NOAA) and the International Trade Administration, two major bureaus of the Department.&nbsp;&nbsp;<\\/p>\\r\\n<p>Previously,&nbsp;Ehrenwerth&nbsp;served&nbsp;as&nbsp;Assistant&nbsp;Counsel&nbsp;to&nbsp;the&nbsp;Presidentwhere he&nbsp;took the lead on&nbsp;Deepwater Horizon&nbsp;litigation for the White House working with the Department of Justice.&nbsp; He also served as a member&nbsp;of&nbsp;the&nbsp;Oversight&nbsp;and Litigation&nbsp;group&nbsp;representing the&nbsp;White&nbsp;House&nbsp;in Congressional&nbsp;investigations&nbsp;and advising&nbsp;Federal&nbsp;agencies&nbsp;on&nbsp;oversight&nbsp;matters.<\\/p>\\r\\n<p>Ehrenwerth&nbsp;has&nbsp;held&nbsp;leadership&nbsp;positions&nbsp;on&nbsp;a&nbsp;number&nbsp;of&nbsp;national&nbsp;and&nbsp;statewide&nbsp; political&nbsp;campaigns.&nbsp;He&nbsp;has&nbsp;been&nbsp;active&nbsp;in&nbsp;the&nbsp;non-profit&nbsp;sector having&nbsp;worked&nbsp;at&nbsp;the&nbsp;University&nbsp;of&nbsp;Pittsburgh&nbsp;Institute&nbsp;of Politics&nbsp;and&nbsp;the&nbsp;Northern&nbsp;California&nbsp;Grantmakers. He&nbsp;also&nbsp;served&nbsp;as&nbsp;a Marshall-Brennan&nbsp;Constitutional&nbsp;Literacy Teaching&nbsp;Fellow&nbsp;as&nbsp;well&nbsp;asa&nbsp;Coro&nbsp;Fellow&nbsp;in&nbsp;Public&nbsp;Affairs. He currently serves on the Board of Directors of the Coro Center for Civic Leadership.<\\/p>\\r\\n<p>Ehrenwerth&nbsp;is&nbsp;a&nbsp;summa&nbsp;cum&nbsp;laude&nbsp;graduate&nbsp;of&nbsp;Colby&nbsp;College&nbsp;and holds&nbsp;an&nbsp;MA&nbsp;in&nbsp;Philosophy,&nbsp;Politics&nbsp;and Economics from&nbsp;theUniversity&nbsp;of&nbsp;Oxford&nbsp;and&nbsp;a&nbsp;J.D.&nbsp;from the&nbsp;University&nbsp;of&nbsp;PennsylvaniaLaw School.&nbsp;He and his wife, Dana Dupr\\u00e9, originally from Opelousas, have called Louisiana home since 2013.<\\/p>\",\"3\":\"\",\"2\":\"\",\"4\":[\"5\"],\"5\":\"justin.ehrenwerth@thewaterinstitue.org\",\"6\":\"225.448.2813\",\"7\":\"President and CEO\"}}', '2017-07-27 23:04:49', '2017-07-27 23:04:49', '08fa7f73-0597-43f9-af2c-ec767c258062');



DROP TABLE IF EXISTS `craft_fieldgroups`;


--
-- Schema for table `craft_fieldgroups`
--
CREATE TABLE `craft_fieldgroups` (
  `id` int(11) NOT NULL AUTO_INCREMENT,
  `name` varchar(255) COLLATE utf8_unicode_ci NOT NULL,
  `dateCreated` datetime NOT NULL,
  `dateUpdated` datetime NOT NULL,
  `uid` char(36) COLLATE utf8_unicode_ci NOT NULL DEFAULT '0',
  PRIMARY KEY (`id`),
  UNIQUE KEY `craft_fieldgroups_name_unq_idx` (`name`)
) ENGINE=InnoDB AUTO_INCREMENT=3 DEFAULT CHARSET=utf8 COLLATE=utf8_unicode_ci;

--
-- Data for table `craft_fieldgroups`
--

INSERT INTO `craft_fieldgroups` (`id`, `name`, `dateCreated`, `dateUpdated`, `uid`) VALUES
 ('1', 'Default', '2017-07-26 23:54:39', '2017-07-26 23:54:39', '3d06334b-4bf7-49e6-8226-4dd312b99c42'),
 ('2', 'Team Member', '2017-07-27 22:27:22', '2017-07-27 22:27:22', '7ad298ef-b623-4a61-a6b0-ca18e43a43f3');



DROP TABLE IF EXISTS `craft_fieldlayoutfields`;


--
-- Schema for table `craft_fieldlayoutfields`
--
CREATE TABLE `craft_fieldlayoutfields` (
  `id` int(11) NOT NULL AUTO_INCREMENT,
  `layoutId` int(11) NOT NULL,
  `tabId` int(11) NOT NULL,
  `fieldId` int(11) NOT NULL,
  `required` tinyint(1) unsigned NOT NULL DEFAULT '0',
  `sortOrder` smallint(6) unsigned DEFAULT NULL,
  `dateCreated` datetime NOT NULL,
  `dateUpdated` datetime NOT NULL,
  `uid` char(36) COLLATE utf8_unicode_ci NOT NULL DEFAULT '0',
  PRIMARY KEY (`id`),
  UNIQUE KEY `craft_fieldlayoutfields_layoutId_fieldId_unq_idx` (`layoutId`,`fieldId`),
  KEY `craft_fieldlayoutfields_sortOrder_idx` (`sortOrder`),
  KEY `craft_fieldlayoutfields_tabId_fk` (`tabId`),
  KEY `craft_fieldlayoutfields_fieldId_fk` (`fieldId`)
) ENGINE=InnoDB AUTO_INCREMENT=11 DEFAULT CHARSET=utf8 COLLATE=utf8_unicode_ci;

--
-- Data for table `craft_fieldlayoutfields`
--

INSERT INTO `craft_fieldlayoutfields` (`id`, `layoutId`, `tabId`, `fieldId`, `required`, `sortOrder`, `dateCreated`, `dateUpdated`, `uid`) VALUES
 ('1', '3', '1', '1', '1', '1', '2017-07-26 23:54:39', '2017-07-26 23:54:39', 'e5930b6f-3f78-4c41-a9cb-4b960b709c5c'),
 ('2', '8', '2', '1', '0', '1', '2017-07-27 22:34:20', '2017-07-27 22:34:20', 'e4805a22-4633-4a19-8848-856701131dab'),
 ('3', '8', '2', '2', '0', '2', '2017-07-27 22:34:20', '2017-07-27 22:34:20', '3312ded7-dac9-4d66-b689-fb0f9c7b3b87'),
 ('4', '9', '3', '7', '0', '1', '2017-07-27 22:35:31', '2017-07-27 22:35:31', '9c9981c6-e975-4f4a-a9d7-e72c9c4f2e95'),
 ('5', '9', '3', '6', '0', '2', '2017-07-27 22:35:31', '2017-07-27 22:35:31', '3f331645-ee26-45f9-aa4b-4ec286446cce'),
 ('6', '9', '3', '5', '0', '3', '2017-07-27 22:35:31', '2017-07-27 22:35:31', '5c9416ac-f831-4eed-8f85-66f457ef524e'),
 ('7', '9', '3', '4', '0', '4', '2017-07-27 22:35:31', '2017-07-27 22:35:31', '73fbb0b0-5fe5-4f2c-9a46-a0d41fa898dc'),
 ('8', '9', '3', '3', '0', '5', '2017-07-27 22:35:31', '2017-07-27 22:35:31', '38276694-2c25-4d50-95c1-d15a03903d66'),
 ('9', '9', '3', '1', '0', '6', '2017-07-27 22:35:31', '2017-07-27 22:35:31', '5129e9c5-457d-40b3-a8c3-f266aaffa8d2'),
 ('10', '9', '3', '2', '0', '7', '2017-07-27 22:35:31', '2017-07-27 22:35:31', '070e1d09-4d21-4a18-8ccb-5b14dcdbdc28');



DROP TABLE IF EXISTS `craft_fieldlayouts`;


--
-- Schema for table `craft_fieldlayouts`
--
CREATE TABLE `craft_fieldlayouts` (
  `id` int(11) NOT NULL AUTO_INCREMENT,
  `type` varchar(150) COLLATE utf8_unicode_ci NOT NULL,
  `dateCreated` datetime NOT NULL,
  `dateUpdated` datetime NOT NULL,
  `uid` char(36) COLLATE utf8_unicode_ci NOT NULL DEFAULT '0',
  PRIMARY KEY (`id`),
  KEY `craft_fieldlayouts_type_idx` (`type`)
) ENGINE=InnoDB AUTO_INCREMENT=12 DEFAULT CHARSET=utf8 COLLATE=utf8_unicode_ci;

--
-- Data for table `craft_fieldlayouts`
--

INSERT INTO `craft_fieldlayouts` (`id`, `type`, `dateCreated`, `dateUpdated`, `uid`) VALUES
 ('1', 'Tag', '2017-07-26 23:54:38', '2017-07-26 23:54:38', '1fcf4abb-0a1a-449a-aaf9-3983c1d941ab'),
 ('3', 'Entry', '2017-07-26 23:54:39', '2017-07-26 23:54:39', 'f0ff43d3-a621-4ff5-ba97-0df291ed8275'),
 ('5', 'Entry', '2017-07-27 20:58:13', '2017-07-27 20:58:13', '1dd5ff0f-27bf-453b-aab6-460fea4ebf2a'),
 ('8', 'Entry', '2017-07-27 22:34:20', '2017-07-27 22:34:20', 'e0bd2ec6-bf99-43c2-949c-84ed29c3547d'),
 ('9', 'Entry', '2017-07-27 22:35:31', '2017-07-27 22:35:31', 'a826af43-56ae-4af4-b033-f61df9419250'),
 ('11', 'Asset', '2017-07-27 22:42:41', '2017-07-27 22:42:41', 'c12f2797-99a7-48c2-8598-11c4544db41a');



DROP TABLE IF EXISTS `craft_fieldlayouttabs`;


--
-- Schema for table `craft_fieldlayouttabs`
--
CREATE TABLE `craft_fieldlayouttabs` (
  `id` int(11) NOT NULL AUTO_INCREMENT,
  `layoutId` int(11) NOT NULL,
  `name` varchar(255) COLLATE utf8_unicode_ci NOT NULL,
  `sortOrder` smallint(6) unsigned DEFAULT NULL,
  `dateCreated` datetime NOT NULL,
  `dateUpdated` datetime NOT NULL,
  `uid` char(36) COLLATE utf8_unicode_ci NOT NULL DEFAULT '0',
  PRIMARY KEY (`id`),
  KEY `craft_fieldlayouttabs_sortOrder_idx` (`sortOrder`),
  KEY `craft_fieldlayouttabs_layoutId_fk` (`layoutId`)
) ENGINE=InnoDB AUTO_INCREMENT=4 DEFAULT CHARSET=utf8 COLLATE=utf8_unicode_ci;

--
-- Data for table `craft_fieldlayouttabs`
--

INSERT INTO `craft_fieldlayouttabs` (`id`, `layoutId`, `name`, `sortOrder`, `dateCreated`, `dateUpdated`, `uid`) VALUES
 ('1', '3', 'Content', '1', '2017-07-26 23:54:39', '2017-07-26 23:54:39', '37f015bc-99bd-424f-9e76-1e840c616b80'),
 ('2', '8', 'Content', '1', '2017-07-27 22:34:20', '2017-07-27 22:34:20', '8ca830b3-5606-475c-8e7d-1bc4f8304b41'),
 ('3', '9', 'Team Member Info', '1', '2017-07-27 22:35:31', '2017-07-27 22:35:31', '44a72435-f335-4f67-b20c-f6d87f5095ef');



DROP TABLE IF EXISTS `craft_fields`;


--
-- Schema for table `craft_fields`
--
CREATE TABLE `craft_fields` (
  `id` int(11) NOT NULL AUTO_INCREMENT,
  `groupId` int(11) DEFAULT NULL,
  `name` varchar(255) COLLATE utf8_unicode_ci NOT NULL,
  `handle` varchar(58) COLLATE utf8_unicode_ci NOT NULL,
  `context` varchar(255) COLLATE utf8_unicode_ci NOT NULL DEFAULT 'global',
  `instructions` text COLLATE utf8_unicode_ci,
  `translatable` tinyint(1) unsigned NOT NULL DEFAULT '0',
  `type` varchar(150) COLLATE utf8_unicode_ci NOT NULL,
  `settings` text COLLATE utf8_unicode_ci,
  `dateCreated` datetime NOT NULL,
  `dateUpdated` datetime NOT NULL,
  `uid` char(36) COLLATE utf8_unicode_ci NOT NULL DEFAULT '0',
  PRIMARY KEY (`id`),
  UNIQUE KEY `craft_fields_handle_context_unq_idx` (`handle`,`context`),
  KEY `craft_fields_context_idx` (`context`),
  KEY `craft_fields_groupId_fk` (`groupId`)
) ENGINE=InnoDB AUTO_INCREMENT=8 DEFAULT CHARSET=utf8 COLLATE=utf8_unicode_ci;

--
-- Data for table `craft_fields`
--

INSERT INTO `craft_fields` (`id`, `groupId`, `name`, `handle`, `context`, `instructions`, `translatable`, `type`, `settings`, `dateCreated`, `dateUpdated`, `uid`) VALUES
 ('1', '1', 'Body', 'body', 'global', NULL, '1', 'RichText', '{\"configFile\":\"Standard.json\",\"columnType\":\"text\"}', '2017-07-26 23:54:39', '2017-07-26 23:54:39', 'f1cdf913-7a55-4a32-b889-3e9010a846c9'),
 ('2', '1', 'Tags', 'tags', 'global', NULL, '0', 'Tags', '{\"source\":\"taggroup:1\"}', '2017-07-26 23:54:39', '2017-07-26 23:54:39', '53e0bfa5-045f-4b42-a0cd-2d8c45377e5b'),
 ('3', '1', 'Feature Image', 'featureImage', 'global', 'This will add the feature image', '0', 'Assets', '{\"useSingleFolder\":\"\",\"defaultUploadLocationSubpath\":\"\\/images\\/\",\"singleUploadLocationSubpath\":\"\",\"restrictFiles\":\"\",\"limit\":\"1\",\"viewMode\":\"large\",\"selectionLabel\":\"Add an image\"}', '2017-07-27 22:26:58', '2017-07-27 22:26:58', 'ab0509f5-32f3-4821-a16a-b7722f6fbf5c'),
 ('4', '2', 'Team Member CV', 'teamMemberCv', 'global', 'Upload the team member\'s CV', '0', 'Assets', '{\"useSingleFolder\":\"\",\"sources\":\"*\",\"defaultUploadLocationSource\":\"1\",\"defaultUploadLocationSubpath\":\"\",\"singleUploadLocationSource\":\"1\",\"singleUploadLocationSubpath\":\"\",\"restrictFiles\":\"1\",\"allowedKinds\":[\"pdf\",\"word\"],\"limit\":\"1\",\"viewMode\":\"list\",\"selectionLabel\":\"Select CV\"}', '2017-07-27 22:31:02', '2017-07-27 22:31:02', 'b1fadcc8-f9d2-430b-89f4-f51810fe3d4f'),
 ('5', '2', 'Team Member Email', 'teamMemberEmail', 'global', 'Enter the team member\'s email address', '0', 'PlainText', '{\"placeholder\":\"\",\"maxLength\":\"\",\"multiline\":\"\",\"initialRows\":\"4\"}', '2017-07-27 22:31:29', '2017-07-27 22:31:29', '9804130a-1807-471e-8f94-c13598cbe169'),
 ('6', '2', 'Team Member Phone', 'teamMemberPhone', 'global', 'Enter the team member\'s phone number (ex. 225.448.2813)', '0', 'PlainText', '{\"placeholder\":\"225.448.2813\",\"maxLength\":\"\",\"multiline\":\"\",\"initialRows\":\"4\"}', '2017-07-27 22:31:52', '2017-07-27 22:31:52', '771a8d09-c79f-4713-a3e5-6eee6fce328b'),
 ('7', '2', 'Team Member Title', 'teamMemberTitle', 'global', 'Title of team member (ex. President and CEO)', '0', 'PlainText', '{\"placeholder\":\"\",\"maxLength\":\"\",\"multiline\":\"\",\"initialRows\":\"4\"}', '2017-07-27 22:32:08', '2017-07-27 22:32:08', '01446618-e1ef-4b02-8f3b-11940665ac15');



DROP TABLE IF EXISTS `craft_globalsets`;


--
-- Schema for table `craft_globalsets`
--
CREATE TABLE `craft_globalsets` (
  `id` int(11) NOT NULL,
  `name` varchar(255) COLLATE utf8_unicode_ci NOT NULL,
  `handle` varchar(255) COLLATE utf8_unicode_ci NOT NULL,
  `fieldLayoutId` int(10) DEFAULT NULL,
  `dateCreated` datetime NOT NULL,
  `dateUpdated` datetime NOT NULL,
  `uid` char(36) COLLATE utf8_unicode_ci NOT NULL DEFAULT '0',
  PRIMARY KEY (`id`),
  UNIQUE KEY `craft_globalsets_name_unq_idx` (`name`),
  UNIQUE KEY `craft_globalsets_handle_unq_idx` (`handle`),
  KEY `craft_globalsets_fieldLayoutId_fk` (`fieldLayoutId`)
) ENGINE=InnoDB DEFAULT CHARSET=utf8 COLLATE=utf8_unicode_ci;

DROP TABLE IF EXISTS `craft_import_entries`;


--
-- Schema for table `craft_import_entries`
--
CREATE TABLE `craft_import_entries` (
  `id` int(11) NOT NULL AUTO_INCREMENT,
  `historyId` int(11) DEFAULT NULL,
  `entryId` int(11) DEFAULT NULL,
  `dateCreated` datetime NOT NULL,
  `dateUpdated` datetime NOT NULL,
  `uid` char(36) COLLATE utf8_unicode_ci NOT NULL DEFAULT '0',
  PRIMARY KEY (`id`),
  KEY `craft_import_entries_historyId_fk` (`historyId`),
  KEY `craft_import_entries_entryId_fk` (`entryId`)
) ENGINE=InnoDB DEFAULT CHARSET=utf8 COLLATE=utf8_unicode_ci;

DROP TABLE IF EXISTS `craft_import_history`;


--
-- Schema for table `craft_import_history`
--
CREATE TABLE `craft_import_history` (
  `id` int(11) NOT NULL AUTO_INCREMENT,
  `userId` int(11) DEFAULT NULL,
  `type` varchar(255) COLLATE utf8_unicode_ci DEFAULT NULL,
  `file` varchar(255) COLLATE utf8_unicode_ci DEFAULT NULL,
  `rows` int(10) DEFAULT NULL,
  `behavior` enum('append','replace','delete') COLLATE utf8_unicode_ci DEFAULT NULL,
  `status` enum('started','finished','reverted') COLLATE utf8_unicode_ci DEFAULT NULL,
  `dateCreated` datetime NOT NULL,
  `dateUpdated` datetime NOT NULL,
  `uid` char(36) COLLATE utf8_unicode_ci NOT NULL DEFAULT '0',
  PRIMARY KEY (`id`),
  KEY `craft_import_history_userId_fk` (`userId`)
) ENGINE=InnoDB DEFAULT CHARSET=utf8 COLLATE=utf8_unicode_ci;

DROP TABLE IF EXISTS `craft_import_log`;


--
-- Schema for table `craft_import_log`
--
CREATE TABLE `craft_import_log` (
  `id` int(11) NOT NULL AUTO_INCREMENT,
  `historyId` int(11) DEFAULT NULL,
  `line` int(10) DEFAULT NULL,
  `errors` text COLLATE utf8_unicode_ci,
  `dateCreated` datetime NOT NULL,
  `dateUpdated` datetime NOT NULL,
  `uid` char(36) COLLATE utf8_unicode_ci NOT NULL DEFAULT '0',
  PRIMARY KEY (`id`),
  KEY `craft_import_log_historyId_fk` (`historyId`)
) ENGINE=InnoDB DEFAULT CHARSET=utf8 COLLATE=utf8_unicode_ci;

DROP TABLE IF EXISTS `craft_info`;


--
-- Schema for table `craft_info`
--
CREATE TABLE `craft_info` (
  `id` int(11) NOT NULL AUTO_INCREMENT,
  `version` varchar(50) COLLATE utf8_unicode_ci NOT NULL,
  `schemaVersion` varchar(15) COLLATE utf8_unicode_ci NOT NULL,
  `edition` tinyint(1) unsigned NOT NULL DEFAULT '0',
  `siteName` varchar(100) COLLATE utf8_unicode_ci NOT NULL,
  `siteUrl` varchar(255) COLLATE utf8_unicode_ci NOT NULL,
  `timezone` varchar(30) COLLATE utf8_unicode_ci DEFAULT NULL,
  `on` tinyint(1) unsigned NOT NULL DEFAULT '0',
  `maintenance` tinyint(1) unsigned NOT NULL DEFAULT '0',
  `dateCreated` datetime NOT NULL,
  `dateUpdated` datetime NOT NULL,
  `uid` char(36) COLLATE utf8_unicode_ci NOT NULL DEFAULT '0',
  PRIMARY KEY (`id`)
) ENGINE=InnoDB AUTO_INCREMENT=2 DEFAULT CHARSET=utf8 COLLATE=utf8_unicode_ci;

--
-- Data for table `craft_info`
--

INSERT INTO `craft_info` (`id`, `version`, `schemaVersion`, `edition`, `siteName`, `siteUrl`, `timezone`, `on`, `maintenance`, `dateCreated`, `dateUpdated`, `uid`) VALUES
 ('1', '2.6.2987', '2.6.10', '0', 'Water Institute', 'http://162.243.174.16', 'UTC', '1', '1', '2017-07-26 23:54:36', '2017-07-29 15:44:04', '013dfc72-6d09-4801-8b8c-6e338d0d4e93');



DROP TABLE IF EXISTS `craft_locales`;


--
-- Schema for table `craft_locales`
--
CREATE TABLE `craft_locales` (
  `locale` char(12) COLLATE utf8_unicode_ci NOT NULL,
  `sortOrder` smallint(6) unsigned DEFAULT NULL,
  `dateCreated` datetime NOT NULL,
  `dateUpdated` datetime NOT NULL,
  `uid` char(36) COLLATE utf8_unicode_ci NOT NULL DEFAULT '0',
  PRIMARY KEY (`locale`),
  KEY `craft_locales_sortOrder_idx` (`sortOrder`)
) ENGINE=InnoDB DEFAULT CHARSET=utf8 COLLATE=utf8_unicode_ci;

--
-- Data for table `craft_locales`
--

INSERT INTO `craft_locales` (`locale`, `sortOrder`, `dateCreated`, `dateUpdated`, `uid`) VALUES
 ('en_us', '1', '2017-07-26 23:54:36', '2017-07-26 23:54:36', '000fb9af-7b92-4296-ad12-9f4710a4ddb5');



DROP TABLE IF EXISTS `craft_matrixblocks`;


--
-- Schema for table `craft_matrixblocks`
--
CREATE TABLE `craft_matrixblocks` (
  `id` int(11) NOT NULL,
  `ownerId` int(11) NOT NULL,
  `fieldId` int(11) NOT NULL,
  `typeId` int(11) DEFAULT NULL,
  `sortOrder` smallint(6) unsigned DEFAULT NULL,
  `ownerLocale` char(12) COLLATE utf8_unicode_ci DEFAULT NULL,
  `dateCreated` datetime NOT NULL,
  `dateUpdated` datetime NOT NULL,
  `uid` char(36) COLLATE utf8_unicode_ci NOT NULL DEFAULT '0',
  PRIMARY KEY (`id`),
  KEY `craft_matrixblocks_ownerId_idx` (`ownerId`),
  KEY `craft_matrixblocks_fieldId_idx` (`fieldId`),
  KEY `craft_matrixblocks_typeId_idx` (`typeId`),
  KEY `craft_matrixblocks_sortOrder_idx` (`sortOrder`),
  KEY `craft_matrixblocks_ownerLocale_fk` (`ownerLocale`)
) ENGINE=InnoDB DEFAULT CHARSET=utf8 COLLATE=utf8_unicode_ci;

DROP TABLE IF EXISTS `craft_matrixblocktypes`;


--
-- Schema for table `craft_matrixblocktypes`
--
CREATE TABLE `craft_matrixblocktypes` (
  `id` int(11) NOT NULL AUTO_INCREMENT,
  `fieldId` int(11) NOT NULL,
  `fieldLayoutId` int(11) DEFAULT NULL,
  `name` varchar(255) COLLATE utf8_unicode_ci NOT NULL,
  `handle` varchar(255) COLLATE utf8_unicode_ci NOT NULL,
  `sortOrder` smallint(6) unsigned DEFAULT NULL,
  `dateCreated` datetime NOT NULL,
  `dateUpdated` datetime NOT NULL,
  `uid` char(36) COLLATE utf8_unicode_ci NOT NULL DEFAULT '0',
  PRIMARY KEY (`id`),
  UNIQUE KEY `craft_matrixblocktypes_name_fieldId_unq_idx` (`name`,`fieldId`),
  UNIQUE KEY `craft_matrixblocktypes_handle_fieldId_unq_idx` (`handle`,`fieldId`),
  KEY `craft_matrixblocktypes_fieldId_fk` (`fieldId`),
  KEY `craft_matrixblocktypes_fieldLayoutId_fk` (`fieldLayoutId`)
) ENGINE=InnoDB DEFAULT CHARSET=utf8 COLLATE=utf8_unicode_ci;

DROP TABLE IF EXISTS `craft_migrations`;


--
-- Schema for table `craft_migrations`
--
CREATE TABLE `craft_migrations` (
  `id` int(11) NOT NULL AUTO_INCREMENT,
  `pluginId` int(11) DEFAULT NULL,
  `version` varchar(255) COLLATE utf8_unicode_ci NOT NULL,
  `applyTime` datetime NOT NULL,
  `dateCreated` datetime NOT NULL,
  `dateUpdated` datetime NOT NULL,
  `uid` char(36) COLLATE utf8_unicode_ci NOT NULL DEFAULT '0',
  PRIMARY KEY (`id`),
  UNIQUE KEY `craft_migrations_version_unq_idx` (`version`),
  KEY `craft_migrations_pluginId_fk` (`pluginId`)
) ENGINE=InnoDB AUTO_INCREMENT=43 DEFAULT CHARSET=utf8 COLLATE=utf8_unicode_ci;

--
-- Data for table `craft_migrations`
--

INSERT INTO `craft_migrations` (`id`, `pluginId`, `version`, `applyTime`, `dateCreated`, `dateUpdated`, `uid`) VALUES
 ('1', NULL, 'm000000_000000_base', '2017-07-26 23:54:36', '2017-07-26 23:54:36', '2017-07-26 23:54:36', '250696a9-df98-4ecc-9f9b-ef3806378517'),
 ('2', NULL, 'm140730_000001_add_filename_and_format_to_transformindex', '2017-07-26 23:54:36', '2017-07-26 23:54:36', '2017-07-26 23:54:36', 'f2f9958a-fd96-4630-96b9-a43df5012261'),
 ('3', NULL, 'm140815_000001_add_format_to_transforms', '2017-07-26 23:54:36', '2017-07-26 23:54:36', '2017-07-26 23:54:36', '32993c8e-2b79-4f2f-978c-fd3391c100b1'),
 ('4', NULL, 'm140822_000001_allow_more_than_128_items_per_field', '2017-07-26 23:54:36', '2017-07-26 23:54:36', '2017-07-26 23:54:36', 'fcf073b8-7214-439b-b343-15a9b7af42e8'),
 ('5', NULL, 'm140829_000001_single_title_formats', '2017-07-26 23:54:36', '2017-07-26 23:54:36', '2017-07-26 23:54:36', '8ee3746d-7f21-441e-b88c-d049f3d813bf'),
 ('6', NULL, 'm140831_000001_extended_cache_keys', '2017-07-26 23:54:36', '2017-07-26 23:54:36', '2017-07-26 23:54:36', 'ff2e9a1e-bbe6-4e5e-a982-7078349253ab'),
 ('7', NULL, 'm140922_000001_delete_orphaned_matrix_blocks', '2017-07-26 23:54:36', '2017-07-26 23:54:36', '2017-07-26 23:54:36', '3ede4c95-11d7-4ebe-b002-ccf2fabe4613'),
 ('8', NULL, 'm141008_000001_elements_index_tune', '2017-07-26 23:54:36', '2017-07-26 23:54:36', '2017-07-26 23:54:36', '317a77cc-9677-4cc1-aa47-490858a4d2b5'),
 ('9', NULL, 'm141009_000001_assets_source_handle', '2017-07-26 23:54:36', '2017-07-26 23:54:36', '2017-07-26 23:54:36', '3c21dcb4-af8b-4769-8398-d4c285c7cc8e'),
 ('10', NULL, 'm141024_000001_field_layout_tabs', '2017-07-26 23:54:36', '2017-07-26 23:54:36', '2017-07-26 23:54:36', '38806a29-4d87-4f8a-8fe6-8fbc30f4737d'),
 ('11', NULL, 'm141030_000000_plugin_schema_versions', '2017-07-26 23:54:36', '2017-07-26 23:54:36', '2017-07-26 23:54:36', '55df20e1-c0cf-40a8-8d07-aa9430fbc215'),
 ('12', NULL, 'm141030_000001_drop_structure_move_permission', '2017-07-26 23:54:36', '2017-07-26 23:54:36', '2017-07-26 23:54:36', '9209e976-fd95-496c-9b57-78f8d0782c05'),
 ('13', NULL, 'm141103_000001_tag_titles', '2017-07-26 23:54:36', '2017-07-26 23:54:36', '2017-07-26 23:54:36', '9385a213-a4dc-4715-9d49-53d3e80cc95a'),
 ('14', NULL, 'm141109_000001_user_status_shuffle', '2017-07-26 23:54:36', '2017-07-26 23:54:36', '2017-07-26 23:54:36', '7af0114a-39e5-444d-906b-b39904a6f049'),
 ('15', NULL, 'm141126_000001_user_week_start_day', '2017-07-26 23:54:36', '2017-07-26 23:54:36', '2017-07-26 23:54:36', '8a7f9568-5231-4edf-b9cd-b3cb95be82cb'),
 ('16', NULL, 'm150210_000001_adjust_user_photo_size', '2017-07-26 23:54:36', '2017-07-26 23:54:36', '2017-07-26 23:54:36', '3bb1a70c-accc-4c22-a9a2-a236b267ded6'),
 ('17', NULL, 'm150724_000001_adjust_quality_settings', '2017-07-26 23:54:36', '2017-07-26 23:54:36', '2017-07-26 23:54:36', 'a76f91b2-0f27-44a6-b5ca-2ec9e7ca63ca'),
 ('18', NULL, 'm150827_000000_element_index_settings', '2017-07-26 23:54:36', '2017-07-26 23:54:36', '2017-07-26 23:54:36', '250976fc-6355-45b8-a94d-f43901b2ab68'),
 ('19', NULL, 'm150918_000001_add_colspan_to_widgets', '2017-07-26 23:54:36', '2017-07-26 23:54:36', '2017-07-26 23:54:36', 'b72bc97c-015b-4aab-835a-10748d9db5ad'),
 ('20', NULL, 'm151007_000000_clear_asset_caches', '2017-07-26 23:54:36', '2017-07-26 23:54:36', '2017-07-26 23:54:36', '36d425a8-3a2a-47bb-ae51-0edb619f39ff'),
 ('21', NULL, 'm151109_000000_text_url_formats', '2017-07-26 23:54:36', '2017-07-26 23:54:36', '2017-07-26 23:54:36', 'ea5a8899-2f52-4fa5-8818-fa1681e4545d'),
 ('22', NULL, 'm151110_000000_move_logo', '2017-07-26 23:54:36', '2017-07-26 23:54:36', '2017-07-26 23:54:36', '942ae9e9-69c8-40e1-881b-c3a7e8ab9fc8'),
 ('23', NULL, 'm151117_000000_adjust_image_widthheight', '2017-07-26 23:54:36', '2017-07-26 23:54:36', '2017-07-26 23:54:36', 'c402f600-6e4a-4f44-b91a-4e801651174d'),
 ('24', NULL, 'm151127_000000_clear_license_key_status', '2017-07-26 23:54:36', '2017-07-26 23:54:36', '2017-07-26 23:54:36', '46621684-25f5-4bc4-a1a8-a33fe38dc4e2'),
 ('25', NULL, 'm151127_000000_plugin_license_keys', '2017-07-26 23:54:36', '2017-07-26 23:54:36', '2017-07-26 23:54:36', '11df02ad-1bab-4943-baf6-4f072e87c6c3'),
 ('26', NULL, 'm151130_000000_update_pt_widget_feeds', '2017-07-26 23:54:36', '2017-07-26 23:54:36', '2017-07-26 23:54:36', '20e41636-740f-485a-8574-10bc4bf2b40b'),
 ('27', NULL, 'm160114_000000_asset_sources_public_url_default_true', '2017-07-26 23:54:36', '2017-07-26 23:54:36', '2017-07-26 23:54:36', 'e751b981-0c8a-485e-b4f0-c756f5c72cb1'),
 ('28', NULL, 'm160223_000000_sortorder_to_smallint', '2017-07-26 23:54:36', '2017-07-26 23:54:36', '2017-07-26 23:54:36', 'e5cf308c-c1ed-4eca-abbc-092ba611bd98'),
 ('29', NULL, 'm160229_000000_set_default_entry_statuses', '2017-07-26 23:54:36', '2017-07-26 23:54:36', '2017-07-26 23:54:36', 'c0829e7f-8be7-4008-b566-a062c7b0b607'),
 ('30', NULL, 'm160304_000000_client_permissions', '2017-07-26 23:54:36', '2017-07-26 23:54:36', '2017-07-26 23:54:36', '732de4a0-cc2f-43be-86ea-a4b744de4744'),
 ('31', NULL, 'm160322_000000_asset_filesize', '2017-07-26 23:54:36', '2017-07-26 23:54:36', '2017-07-26 23:54:36', 'af03672f-f532-4750-81f7-ee67edfc7b1f'),
 ('32', NULL, 'm160503_000000_orphaned_fieldlayouts', '2017-07-26 23:54:36', '2017-07-26 23:54:36', '2017-07-26 23:54:36', '550b508a-62ec-4735-bee5-dfbfb1f0d796'),
 ('33', NULL, 'm160510_000000_tasksettings', '2017-07-26 23:54:36', '2017-07-26 23:54:36', '2017-07-26 23:54:36', '9a8bcab7-89b1-4437-99d6-cd17c483c0e7'),
 ('34', NULL, 'm160829_000000_pending_user_content_cleanup', '2017-07-26 23:54:36', '2017-07-26 23:54:36', '2017-07-26 23:54:36', 'dfaf8efd-0b52-41b0-b141-c7d880240c6b'),
 ('35', NULL, 'm160830_000000_asset_index_uri_increase', '2017-07-26 23:54:36', '2017-07-26 23:54:36', '2017-07-26 23:54:36', 'c43eb8df-f652-4b77-9bce-d1186b15e049'),
 ('36', NULL, 'm160919_000000_usergroup_handle_title_unique', '2017-07-26 23:54:36', '2017-07-26 23:54:36', '2017-07-26 23:54:36', 'a644025d-980a-4f46-a9a8-b37aa99a2129'),
 ('37', NULL, 'm161108_000000_new_version_format', '2017-07-26 23:54:36', '2017-07-26 23:54:36', '2017-07-26 23:54:36', '25c0f958-9f4d-4f2e-ac0c-bb8887762aae'),
 ('38', NULL, 'm161109_000000_index_shuffle', '2017-07-26 23:54:36', '2017-07-26 23:54:36', '2017-07-26 23:54:36', '51b1c0ac-6ec7-4e9a-ad93-74b4ba50b119'),
 ('39', NULL, 'm170612_000000_route_index_shuffle', '2017-07-26 23:54:36', '2017-07-26 23:54:36', '2017-07-26 23:54:36', 'e0146446-2940-4659-abce-797ebce9ab2a'),
 ('40', '1', 'm140430_122214_import_ImportHistory', '2017-07-27 20:46:59', '2017-07-27 20:46:59', '2017-07-27 20:46:59', '36529362-083c-4acf-a078-431ba1449937'),
 ('41', '1', 'm140616_080724_import_saveEntryIdAndVersion', '2017-07-27 20:46:59', '2017-07-27 20:46:59', '2017-07-27 20:46:59', 'f4f4b79c-3281-4edd-be50-524571d652c0'),
 ('42', '1', 'm140903_075432_import_ImportElements', '2017-07-27 20:46:59', '2017-07-27 20:46:59', '2017-07-27 20:46:59', '676e0bf7-5a2c-41e6-b175-e41406fc9619');



DROP TABLE IF EXISTS `craft_plugins`;


--
-- Schema for table `craft_plugins`
--
CREATE TABLE `craft_plugins` (
  `id` int(11) NOT NULL AUTO_INCREMENT,
  `class` varchar(150) COLLATE utf8_unicode_ci NOT NULL,
  `version` varchar(15) COLLATE utf8_unicode_ci NOT NULL,
  `schemaVersion` varchar(15) COLLATE utf8_unicode_ci DEFAULT NULL,
  `licenseKey` char(24) COLLATE utf8_unicode_ci DEFAULT NULL,
  `licenseKeyStatus` enum('valid','invalid','mismatched','unknown') COLLATE utf8_unicode_ci NOT NULL DEFAULT 'unknown',
  `enabled` tinyint(1) unsigned NOT NULL DEFAULT '0',
  `settings` text COLLATE utf8_unicode_ci,
  `installDate` datetime NOT NULL,
  `dateCreated` datetime NOT NULL,
  `dateUpdated` datetime NOT NULL,
  `uid` char(36) COLLATE utf8_unicode_ci NOT NULL DEFAULT '0',
  PRIMARY KEY (`id`)
) ENGINE=InnoDB AUTO_INCREMENT=2 DEFAULT CHARSET=utf8 COLLATE=utf8_unicode_ci;

--
-- Data for table `craft_plugins`
--

INSERT INTO `craft_plugins` (`id`, `class`, `version`, `schemaVersion`, `licenseKey`, `licenseKeyStatus`, `enabled`, `settings`, `installDate`, `dateCreated`, `dateUpdated`, `uid`) VALUES
 ('1', 'Import', '0.8.34', NULL, NULL, 'unknown', '1', NULL, '2017-07-27 20:46:59', '2017-07-27 20:46:59', '2017-07-29 15:44:04', '4ef29124-ce25-45c5-88a9-55d01d1e1342');



DROP TABLE IF EXISTS `craft_rackspaceaccess`;


--
-- Schema for table `craft_rackspaceaccess`
--
CREATE TABLE `craft_rackspaceaccess` (
  `id` int(11) NOT NULL AUTO_INCREMENT,
  `connectionKey` varchar(255) COLLATE utf8_unicode_ci NOT NULL,
  `token` varchar(255) COLLATE utf8_unicode_ci NOT NULL,
  `storageUrl` varchar(255) COLLATE utf8_unicode_ci NOT NULL,
  `cdnUrl` varchar(255) COLLATE utf8_unicode_ci NOT NULL,
  `dateCreated` datetime NOT NULL,
  `dateUpdated` datetime NOT NULL,
  `uid` char(36) COLLATE utf8_unicode_ci NOT NULL DEFAULT '0',
  PRIMARY KEY (`id`),
  UNIQUE KEY `craft_rackspaceaccess_connectionKey_unq_idx` (`connectionKey`)
) ENGINE=InnoDB DEFAULT CHARSET=utf8 COLLATE=utf8_unicode_ci;

DROP TABLE IF EXISTS `craft_relations`;


--
-- Schema for table `craft_relations`
--
CREATE TABLE `craft_relations` (
  `id` int(11) NOT NULL AUTO_INCREMENT,
  `fieldId` int(11) NOT NULL,
  `sourceId` int(11) NOT NULL,
  `sourceLocale` char(12) COLLATE utf8_unicode_ci DEFAULT NULL,
  `targetId` int(11) NOT NULL,
  `sortOrder` smallint(6) DEFAULT NULL,
  `dateCreated` datetime NOT NULL,
  `dateUpdated` datetime NOT NULL,
  `uid` char(36) COLLATE utf8_unicode_ci NOT NULL DEFAULT '0',
  PRIMARY KEY (`id`),
  UNIQUE KEY `craft_relations_fieldId_sourceId_sourceLocale_targetId_unq_idx` (`fieldId`,`sourceId`,`sourceLocale`,`targetId`),
  KEY `craft_relations_sourceId_fk` (`sourceId`),
  KEY `craft_relations_sourceLocale_fk` (`sourceLocale`),
  KEY `craft_relations_targetId_fk` (`targetId`)
) ENGINE=InnoDB AUTO_INCREMENT=3 DEFAULT CHARSET=utf8 COLLATE=utf8_unicode_ci;

--
-- Data for table `craft_relations`
--

INSERT INTO `craft_relations` (`id`, `fieldId`, `sourceId`, `sourceLocale`, `targetId`, `sortOrder`, `dateCreated`, `dateUpdated`, `uid`) VALUES
 ('2', '4', '3', NULL, '5', '1', '2017-07-27 23:04:49', '2017-07-27 23:04:49', '226f0985-7f1b-4319-842f-8b67e3485a0f');



DROP TABLE IF EXISTS `craft_routes`;


--
-- Schema for table `craft_routes`
--
CREATE TABLE `craft_routes` (
  `id` int(11) NOT NULL AUTO_INCREMENT,
  `locale` char(12) COLLATE utf8_unicode_ci DEFAULT NULL,
  `urlParts` varchar(255) COLLATE utf8_unicode_ci NOT NULL,
  `urlPattern` varchar(255) COLLATE utf8_unicode_ci NOT NULL,
  `template` varchar(255) COLLATE utf8_unicode_ci NOT NULL,
  `sortOrder` smallint(6) unsigned DEFAULT NULL,
  `dateCreated` datetime NOT NULL,
  `dateUpdated` datetime NOT NULL,
  `uid` char(36) COLLATE utf8_unicode_ci NOT NULL DEFAULT '0',
  PRIMARY KEY (`id`),
  KEY `craft_routes_locale_idx` (`locale`),
  KEY `craft_routes_urlPattern_idx` (`urlPattern`)
) ENGINE=InnoDB DEFAULT CHARSET=utf8 COLLATE=utf8_unicode_ci;

DROP TABLE IF EXISTS `craft_searchindex`;


--
-- Schema for table `craft_searchindex`
--
CREATE TABLE `craft_searchindex` (
  `elementId` int(11) NOT NULL,
  `attribute` varchar(25) COLLATE utf8_unicode_ci NOT NULL,
  `fieldId` int(11) NOT NULL,
  `locale` char(12) COLLATE utf8_unicode_ci NOT NULL,
  `keywords` text COLLATE utf8_unicode_ci NOT NULL,
  PRIMARY KEY (`elementId`,`attribute`,`fieldId`,`locale`),
  FULLTEXT KEY `craft_searchindex_keywords_idx` (`keywords`)
) ENGINE=MyISAM DEFAULT CHARSET=utf8 COLLATE=utf8_unicode_ci;

--
-- Data for table `craft_searchindex`
--

INSERT INTO `craft_searchindex` (`elementId`, `attribute`, `fieldId`, `locale`, `keywords`) VALUES
 ('1', 'username', '0', 'en_us', ' mollie emergentmethod com '),
 ('1', 'firstname', '0', 'en_us', ''),
 ('1', 'lastname', '0', 'en_us', ''),
 ('1', 'fullname', '0', 'en_us', ''),
 ('1', 'email', '0', 'en_us', ' mollie emergentmethod com '),
 ('1', 'slug', '0', 'en_us', ''),
 ('2', 'slug', '0', 'en_us', ' homepage '),
 ('2', 'title', '0', 'en_us', ' applied research technical support '),
 ('3', 'field', '7', 'en_us', ' president and ceo '),
 ('3', 'field', '6', 'en_us', ' 225 448 2813 '),
 ('3', 'field', '5', 'en_us', ' justin ehrenwerth thewaterinstitue org '),
 ('3', 'field', '4', 'en_us', ' test cv '),
 ('3', 'field', '3', 'en_us', ''),
 ('3', 'field', '1', 'en_us', ' justin r ehrenwerth took the helm as president and ceo of the water institute of the gulf in early 2017 founded in 2011 the institute is a not for profit independent research institute dedicated to advancing the understanding of coastal deltaic river and water resource systems both within the gulf coast and around the world the institute works to foster the practical application of innovative science and engineering providing cutting edge solutions to complex environmental problems for the betterment of society most recently ehrenwerth served as the inaugural executive director of the gulf coast ecosystem restoration council council the council was created in the aftermath of the bp deepwater horizon oil spill and is comprised of the governors of five gulf coast states andsecretaries from six federal agencies the council is responsible forrestoring the ecosystem and revitalizing the economy of the gulf coast ehrenwerth successfully established the council as the newest independent agency in the federal government and oversaw all aspects of its programmatic technical and operational activities under his leadership the council approved an initial comprehensive plan and funded priorities list created a federal grants system to allocate and monitor billions of dollars in restoration projects and approved a comprehensive plan update outlining a strategy for moving forward with large scale ecosystem restoration in the coming decades prior to joining the council ehrenwerth served as chief of staff tothe u s deputy secretary of commerce where he assisted thesecretary and deputy secretary in overseeing issues of management policy and strategic planning for the department which has an annualbudget of $10 billion and approximately 47 000 employees among other responsibilities ehrenwerth focused on strategic opportunities and management challenges facing the national oceanic and atmospheric administration noaa and the international trade administration two major bureaus of the department previously ehrenwerth served as assistant counsel to the presidentwhere he took the lead on deepwater horizon litigation for the white house working with the department of justice he also served as a member of the oversight and litigation group representing the white house in congressional investigations and advising federal agencies on oversight matters ehrenwerth has held leadership positions on a number of national and statewide political campaigns he has been active in the non profit sector having worked at the university of pittsburgh institute of politics and the northern california grantmakers he also served as a marshall brennan constitutional literacy teaching fellow as well asa coro fellow in public affairs he currently serves on the board of directors of the coro center for civic leadership ehrenwerth is a summa cum laude graduate of colby college and holds an ma in philosophy politics and economics from theuniversity of oxford and a j d from the university of pennsylvanialaw school he and his wife dana dupre originally from opelousas have called louisiana home since 2013 '),
 ('3', 'field', '2', 'en_us', ''),
 ('3', 'slug', '0', 'en_us', ' justin r ehrenwerth '),
 ('3', 'title', '0', 'en_us', ' justin r ehrenwerth '),
 ('2', 'field', '1', 'en_us', ' the water institute of the gulf connects academic public and private research providers and conducts applied research to serve communities and industry the institute s work helps ensure livable communities and a thriving economy and environment '),
 ('5', 'filename', '0', 'en_us', ' test cv pdf '),
 ('5', 'extension', '0', 'en_us', ' pdf '),
 ('5', 'kind', '0', 'en_us', ' pdf '),
 ('5', 'slug', '0', 'en_us', ' test cv '),
 ('5', 'title', '0', 'en_us', ' test cv ');



DROP TABLE IF EXISTS `craft_sections`;


--
-- Schema for table `craft_sections`
--
CREATE TABLE `craft_sections` (
  `id` int(11) NOT NULL AUTO_INCREMENT,
  `structureId` int(11) DEFAULT NULL,
  `name` varchar(255) COLLATE utf8_unicode_ci NOT NULL,
  `handle` varchar(255) COLLATE utf8_unicode_ci NOT NULL,
  `type` enum('single','channel','structure') COLLATE utf8_unicode_ci NOT NULL DEFAULT 'channel',
  `hasUrls` tinyint(1) unsigned NOT NULL DEFAULT '1',
  `template` varchar(500) COLLATE utf8_unicode_ci DEFAULT NULL,
  `enableVersioning` tinyint(1) unsigned NOT NULL DEFAULT '0',
  `dateCreated` datetime NOT NULL,
  `dateUpdated` datetime NOT NULL,
  `uid` char(36) COLLATE utf8_unicode_ci NOT NULL DEFAULT '0',
  PRIMARY KEY (`id`),
  UNIQUE KEY `craft_sections_name_unq_idx` (`name`),
  UNIQUE KEY `craft_sections_handle_unq_idx` (`handle`),
  KEY `craft_sections_structureId_fk` (`structureId`)
) ENGINE=InnoDB AUTO_INCREMENT=5 DEFAULT CHARSET=utf8 COLLATE=utf8_unicode_ci;

--
-- Data for table `craft_sections`
--

INSERT INTO `craft_sections` (`id`, `structureId`, `name`, `handle`, `type`, `hasUrls`, `template`, `enableVersioning`, `dateCreated`, `dateUpdated`, `uid`) VALUES
 ('1', NULL, 'Homepage', 'homepage', 'single', '1', 'index', '1', '2017-07-26 23:54:39', '2017-07-26 23:54:39', '3813322a-bc51-4dba-b3f7-bfb070593a79'),
 ('2', NULL, 'News', 'news', 'channel', '1', 'news/_entry', '1', '2017-07-27 20:57:58', '2017-07-27 20:57:58', 'cfb01607-d658-4936-aaab-e7e35e9120b8'),
 ('3', NULL, 'Pages', 'pages', 'channel', '1', 'pages/_entry', '1', '2017-07-27 20:58:13', '2017-07-27 20:58:13', '31e7f313-3d26-4b6d-9b5f-cc330098740d'),
 ('4', '1', 'Team Members', 'teamMembers', 'structure', '1', 'team-members/_entry', '1', '2017-07-27 20:58:33', '2017-07-27 20:58:33', '74602ac5-8d84-4cd2-b7ed-69166166bff5');



DROP TABLE IF EXISTS `craft_sections_i18n`;


--
-- Schema for table `craft_sections_i18n`
--
CREATE TABLE `craft_sections_i18n` (
  `id` int(11) NOT NULL AUTO_INCREMENT,
  `sectionId` int(11) NOT NULL,
  `locale` char(12) COLLATE utf8_unicode_ci NOT NULL,
  `enabledByDefault` tinyint(1) unsigned NOT NULL DEFAULT '1',
  `urlFormat` text COLLATE utf8_unicode_ci,
  `nestedUrlFormat` text COLLATE utf8_unicode_ci,
  `dateCreated` datetime NOT NULL,
  `dateUpdated` datetime NOT NULL,
  `uid` char(36) COLLATE utf8_unicode_ci NOT NULL DEFAULT '0',
  PRIMARY KEY (`id`),
  UNIQUE KEY `craft_sections_i18n_sectionId_locale_unq_idx` (`sectionId`,`locale`),
  KEY `craft_sections_i18n_locale_fk` (`locale`)
) ENGINE=InnoDB AUTO_INCREMENT=5 DEFAULT CHARSET=utf8 COLLATE=utf8_unicode_ci;

--
-- Data for table `craft_sections_i18n`
--

INSERT INTO `craft_sections_i18n` (`id`, `sectionId`, `locale`, `enabledByDefault`, `urlFormat`, `nestedUrlFormat`, `dateCreated`, `dateUpdated`, `uid`) VALUES
 ('1', '1', 'en_us', '1', '__home__', NULL, '2017-07-26 23:54:39', '2017-07-26 23:54:39', '20d60140-9088-4ed6-bf4c-4762c508c88c'),
 ('2', '2', 'en_us', '1', 'news/{postDate.year}/{slug}', NULL, '2017-07-27 20:57:58', '2017-07-27 20:57:58', '5e34e6de-9a35-4278-a3ca-344e3541da21'),
 ('3', '3', 'en_us', '1', 'pages/{slug}', NULL, '2017-07-27 20:58:13', '2017-07-27 20:58:13', '97612159-a75e-40f0-bc56-b11259e3dcf5'),
 ('4', '4', 'en_us', '1', 'team-members/{slug}', '{parent.uri}/{slug}', '2017-07-27 20:58:33', '2017-07-27 20:58:33', 'bf0a818e-9441-4f9e-9590-089cd05132ef');



DROP TABLE IF EXISTS `craft_sessions`;


--
-- Schema for table `craft_sessions`
--
CREATE TABLE `craft_sessions` (
  `id` int(11) NOT NULL AUTO_INCREMENT,
  `userId` int(11) NOT NULL,
  `token` char(100) COLLATE utf8_unicode_ci NOT NULL,
  `dateCreated` datetime NOT NULL,
  `dateUpdated` datetime NOT NULL,
  `uid` char(36) COLLATE utf8_unicode_ci NOT NULL DEFAULT '0',
  PRIMARY KEY (`id`),
  KEY `craft_sessions_uid_idx` (`uid`),
  KEY `craft_sessions_token_idx` (`token`),
  KEY `craft_sessions_dateUpdated_idx` (`dateUpdated`),
  KEY `craft_sessions_userId_fk` (`userId`)
) ENGINE=InnoDB AUTO_INCREMENT=5 DEFAULT CHARSET=utf8 COLLATE=utf8_unicode_ci;

DROP TABLE IF EXISTS `craft_shunnedmessages`;


--
-- Schema for table `craft_shunnedmessages`
--
CREATE TABLE `craft_shunnedmessages` (
  `id` int(11) NOT NULL AUTO_INCREMENT,
  `userId` int(11) NOT NULL,
  `message` varchar(255) COLLATE utf8_unicode_ci NOT NULL,
  `expiryDate` datetime DEFAULT NULL,
  `dateCreated` datetime NOT NULL,
  `dateUpdated` datetime NOT NULL,
  `uid` char(36) COLLATE utf8_unicode_ci NOT NULL DEFAULT '0',
  PRIMARY KEY (`id`),
  UNIQUE KEY `craft_shunnedmessages_userId_message_unq_idx` (`userId`,`message`)
) ENGINE=InnoDB DEFAULT CHARSET=utf8 COLLATE=utf8_unicode_ci;

DROP TABLE IF EXISTS `craft_structureelements`;


--
-- Schema for table `craft_structureelements`
--
CREATE TABLE `craft_structureelements` (
  `id` int(11) NOT NULL AUTO_INCREMENT,
  `structureId` int(11) NOT NULL,
  `elementId` int(11) DEFAULT NULL,
  `root` int(11) unsigned DEFAULT NULL,
  `lft` int(11) unsigned NOT NULL,
  `rgt` int(11) unsigned NOT NULL,
  `level` smallint(6) unsigned NOT NULL,
  `dateCreated` datetime NOT NULL,
  `dateUpdated` datetime NOT NULL,
  `uid` char(36) COLLATE utf8_unicode_ci NOT NULL DEFAULT '0',
  PRIMARY KEY (`id`),
  UNIQUE KEY `craft_structureelements_structureId_elementId_unq_idx` (`structureId`,`elementId`),
  KEY `craft_structureelements_root_idx` (`root`),
  KEY `craft_structureelements_lft_idx` (`lft`),
  KEY `craft_structureelements_rgt_idx` (`rgt`),
  KEY `craft_structureelements_level_idx` (`level`),
  KEY `craft_structureelements_elementId_fk` (`elementId`)
) ENGINE=InnoDB AUTO_INCREMENT=3 DEFAULT CHARSET=utf8 COLLATE=utf8_unicode_ci;

--
-- Data for table `craft_structureelements`
--

INSERT INTO `craft_structureelements` (`id`, `structureId`, `elementId`, `root`, `lft`, `rgt`, `level`, `dateCreated`, `dateUpdated`, `uid`) VALUES
 ('1', '1', NULL, '1', '1', '4', '0', '2017-07-27 22:42:47', '2017-07-27 22:42:47', '9aa26dc4-7b0d-479a-8824-995623980a88'),
 ('2', '1', '3', '1', '2', '3', '1', '2017-07-27 22:42:47', '2017-07-27 22:42:47', '0b1e3374-a0bc-456b-8cd7-ae6fa1a312e0');



DROP TABLE IF EXISTS `craft_structures`;


--
-- Schema for table `craft_structures`
--
CREATE TABLE `craft_structures` (
  `id` int(11) NOT NULL AUTO_INCREMENT,
  `maxLevels` smallint(6) unsigned DEFAULT NULL,
  `dateCreated` datetime NOT NULL,
  `dateUpdated` datetime NOT NULL,
  `uid` char(36) COLLATE utf8_unicode_ci NOT NULL DEFAULT '0',
  PRIMARY KEY (`id`)
) ENGINE=InnoDB AUTO_INCREMENT=2 DEFAULT CHARSET=utf8 COLLATE=utf8_unicode_ci;

--
-- Data for table `craft_structures`
--

INSERT INTO `craft_structures` (`id`, `maxLevels`, `dateCreated`, `dateUpdated`, `uid`) VALUES
 ('1', NULL, '2017-07-27 20:58:33', '2017-07-27 20:58:33', 'd6160881-3849-407c-91a5-34d5cfa5a619');



DROP TABLE IF EXISTS `craft_systemsettings`;


--
-- Schema for table `craft_systemsettings`
--
CREATE TABLE `craft_systemsettings` (
  `id` int(11) NOT NULL AUTO_INCREMENT,
  `category` varchar(15) COLLATE utf8_unicode_ci NOT NULL,
  `settings` text COLLATE utf8_unicode_ci,
  `dateCreated` datetime NOT NULL,
  `dateUpdated` datetime NOT NULL,
  `uid` char(36) COLLATE utf8_unicode_ci NOT NULL DEFAULT '0',
  PRIMARY KEY (`id`),
  UNIQUE KEY `craft_systemsettings_category_unq_idx` (`category`)
) ENGINE=InnoDB AUTO_INCREMENT=2 DEFAULT CHARSET=utf8 COLLATE=utf8_unicode_ci;

--
-- Data for table `craft_systemsettings`
--

INSERT INTO `craft_systemsettings` (`id`, `category`, `settings`, `dateCreated`, `dateUpdated`, `uid`) VALUES
 ('1', 'email', '{\"protocol\":\"php\",\"emailAddress\":\"mollie@emergentmethod.com\",\"senderName\":\"Water Institute\"}', '2017-07-26 23:54:38', '2017-07-26 23:54:38', 'd0933636-12c4-4bbc-aef5-bb842a9d7a33');



DROP TABLE IF EXISTS `craft_taggroups`;


--
-- Schema for table `craft_taggroups`
--
CREATE TABLE `craft_taggroups` (
  `id` int(11) NOT NULL AUTO_INCREMENT,
  `name` varchar(255) COLLATE utf8_unicode_ci NOT NULL,
  `handle` varchar(255) COLLATE utf8_unicode_ci NOT NULL,
  `fieldLayoutId` int(10) DEFAULT NULL,
  `dateCreated` datetime NOT NULL,
  `dateUpdated` datetime NOT NULL,
  `uid` char(36) COLLATE utf8_unicode_ci NOT NULL DEFAULT '0',
  PRIMARY KEY (`id`),
  UNIQUE KEY `craft_taggroups_name_unq_idx` (`name`),
  UNIQUE KEY `craft_taggroups_handle_unq_idx` (`handle`),
  KEY `craft_taggroups_fieldLayoutId_fk` (`fieldLayoutId`)
) ENGINE=InnoDB AUTO_INCREMENT=2 DEFAULT CHARSET=utf8 COLLATE=utf8_unicode_ci;

--
-- Data for table `craft_taggroups`
--

INSERT INTO `craft_taggroups` (`id`, `name`, `handle`, `fieldLayoutId`, `dateCreated`, `dateUpdated`, `uid`) VALUES
 ('1', 'Default', 'default', '1', '2017-07-26 23:54:39', '2017-07-26 23:54:39', 'a8e9dd54-622e-4eff-8c02-4e6d02b85613');



DROP TABLE IF EXISTS `craft_tags`;


--
-- Schema for table `craft_tags`
--
CREATE TABLE `craft_tags` (
  `id` int(11) NOT NULL,
  `groupId` int(11) NOT NULL,
  `dateCreated` datetime NOT NULL,
  `dateUpdated` datetime NOT NULL,
  `uid` char(36) COLLATE utf8_unicode_ci NOT NULL DEFAULT '0',
  PRIMARY KEY (`id`),
  KEY `craft_tags_groupId_fk` (`groupId`)
) ENGINE=InnoDB DEFAULT CHARSET=utf8 COLLATE=utf8_unicode_ci;

DROP TABLE IF EXISTS `craft_tasks`;


--
-- Schema for table `craft_tasks`
--
CREATE TABLE `craft_tasks` (
  `id` int(11) NOT NULL AUTO_INCREMENT,
  `root` int(11) unsigned DEFAULT NULL,
  `lft` int(11) unsigned NOT NULL,
  `rgt` int(11) unsigned NOT NULL,
  `level` smallint(6) unsigned NOT NULL,
  `currentStep` int(11) unsigned DEFAULT NULL,
  `totalSteps` int(11) unsigned DEFAULT NULL,
  `status` enum('pending','error','running') COLLATE utf8_unicode_ci DEFAULT NULL,
  `type` varchar(150) COLLATE utf8_unicode_ci NOT NULL,
  `description` varchar(255) COLLATE utf8_unicode_ci DEFAULT NULL,
  `settings` mediumtext COLLATE utf8_unicode_ci,
  `dateCreated` datetime NOT NULL,
  `dateUpdated` datetime NOT NULL,
  `uid` char(36) COLLATE utf8_unicode_ci NOT NULL DEFAULT '0',
  PRIMARY KEY (`id`),
  KEY `craft_tasks_root_idx` (`root`),
  KEY `craft_tasks_lft_idx` (`lft`),
  KEY `craft_tasks_rgt_idx` (`rgt`),
  KEY `craft_tasks_level_idx` (`level`)
) ENGINE=InnoDB AUTO_INCREMENT=9 DEFAULT CHARSET=utf8 COLLATE=utf8_unicode_ci;

DROP TABLE IF EXISTS `craft_templatecachecriteria`;


--
-- Schema for table `craft_templatecachecriteria`
--
CREATE TABLE `craft_templatecachecriteria` (
  `id` int(11) NOT NULL AUTO_INCREMENT,
  `cacheId` int(11) NOT NULL,
  `type` varchar(150) COLLATE utf8_unicode_ci NOT NULL,
  `criteria` text COLLATE utf8_unicode_ci NOT NULL,
  PRIMARY KEY (`id`),
  KEY `craft_templatecachecriteria_cacheId_fk` (`cacheId`),
  KEY `craft_templatecachecriteria_type_idx` (`type`)
) ENGINE=InnoDB DEFAULT CHARSET=utf8 COLLATE=utf8_unicode_ci;

DROP TABLE IF EXISTS `craft_templatecacheelements`;


--
-- Schema for table `craft_templatecacheelements`
--
CREATE TABLE `craft_templatecacheelements` (
  `cacheId` int(11) NOT NULL,
  `elementId` int(11) NOT NULL,
  KEY `craft_templatecacheelements_cacheId_fk` (`cacheId`),
  KEY `craft_templatecacheelements_elementId_fk` (`elementId`)
) ENGINE=InnoDB DEFAULT CHARSET=utf8 COLLATE=utf8_unicode_ci;

DROP TABLE IF EXISTS `craft_templatecaches`;


--
-- Schema for table `craft_templatecaches`
--
CREATE TABLE `craft_templatecaches` (
  `id` int(11) NOT NULL AUTO_INCREMENT,
  `cacheKey` varchar(255) COLLATE utf8_unicode_ci NOT NULL,
  `locale` char(12) COLLATE utf8_unicode_ci NOT NULL,
  `path` varchar(255) COLLATE utf8_unicode_ci DEFAULT NULL,
  `expiryDate` datetime NOT NULL,
  `body` mediumtext COLLATE utf8_unicode_ci NOT NULL,
  PRIMARY KEY (`id`),
  KEY `craft_templatecaches_expiryDate_cacheKey_locale_path_idx` (`expiryDate`,`cacheKey`,`locale`,`path`),
  KEY `craft_templatecaches_locale_fk` (`locale`)
) ENGINE=InnoDB DEFAULT CHARSET=utf8 COLLATE=utf8_unicode_ci;

DROP TABLE IF EXISTS `craft_tokens`;


--
-- Schema for table `craft_tokens`
--
CREATE TABLE `craft_tokens` (
  `id` int(11) NOT NULL AUTO_INCREMENT,
  `token` char(32) COLLATE utf8_unicode_ci NOT NULL,
  `route` text COLLATE utf8_unicode_ci,
  `usageLimit` tinyint(3) unsigned DEFAULT NULL,
  `usageCount` tinyint(3) unsigned DEFAULT NULL,
  `expiryDate` datetime NOT NULL,
  `dateCreated` datetime NOT NULL,
  `dateUpdated` datetime NOT NULL,
  `uid` char(36) COLLATE utf8_unicode_ci NOT NULL DEFAULT '0',
  PRIMARY KEY (`id`),
  UNIQUE KEY `craft_tokens_token_unq_idx` (`token`),
  KEY `craft_tokens_expiryDate_idx` (`expiryDate`)
) ENGINE=InnoDB DEFAULT CHARSET=utf8 COLLATE=utf8_unicode_ci;

DROP TABLE IF EXISTS `craft_usergroups`;


--
-- Schema for table `craft_usergroups`
--
CREATE TABLE `craft_usergroups` (
  `id` int(11) NOT NULL AUTO_INCREMENT,
  `name` varchar(255) COLLATE utf8_unicode_ci NOT NULL,
  `handle` varchar(255) COLLATE utf8_unicode_ci NOT NULL,
  `dateCreated` datetime NOT NULL,
  `dateUpdated` datetime NOT NULL,
  `uid` char(36) COLLATE utf8_unicode_ci NOT NULL DEFAULT '0',
  PRIMARY KEY (`id`),
  UNIQUE KEY `craft_usergroups_name_unq_idx` (`name`),
  UNIQUE KEY `craft_usergroups_handle_unq_idx` (`handle`)
) ENGINE=InnoDB DEFAULT CHARSET=utf8 COLLATE=utf8_unicode_ci;

DROP TABLE IF EXISTS `craft_usergroups_users`;


--
-- Schema for table `craft_usergroups_users`
--
CREATE TABLE `craft_usergroups_users` (
  `id` int(11) NOT NULL AUTO_INCREMENT,
  `groupId` int(11) NOT NULL,
  `userId` int(11) NOT NULL,
  `dateCreated` datetime NOT NULL,
  `dateUpdated` datetime NOT NULL,
  `uid` char(36) COLLATE utf8_unicode_ci NOT NULL DEFAULT '0',
  PRIMARY KEY (`id`),
  UNIQUE KEY `craft_usergroups_users_groupId_userId_unq_idx` (`groupId`,`userId`),
  KEY `craft_usergroups_users_userId_fk` (`userId`)
) ENGINE=InnoDB DEFAULT CHARSET=utf8 COLLATE=utf8_unicode_ci;

DROP TABLE IF EXISTS `craft_userpermissions`;


--
-- Schema for table `craft_userpermissions`
--
CREATE TABLE `craft_userpermissions` (
  `id` int(11) NOT NULL AUTO_INCREMENT,
  `name` varchar(255) COLLATE utf8_unicode_ci NOT NULL,
  `dateCreated` datetime NOT NULL,
  `dateUpdated` datetime NOT NULL,
  `uid` char(36) COLLATE utf8_unicode_ci NOT NULL DEFAULT '0',
  PRIMARY KEY (`id`),
  UNIQUE KEY `craft_userpermissions_name_unq_idx` (`name`)
) ENGINE=InnoDB DEFAULT CHARSET=utf8 COLLATE=utf8_unicode_ci;

DROP TABLE IF EXISTS `craft_userpermissions_usergroups`;


--
-- Schema for table `craft_userpermissions_usergroups`
--
CREATE TABLE `craft_userpermissions_usergroups` (
  `id` int(11) NOT NULL AUTO_INCREMENT,
  `permissionId` int(11) NOT NULL,
  `groupId` int(11) NOT NULL,
  `dateCreated` datetime NOT NULL,
  `dateUpdated` datetime NOT NULL,
  `uid` char(36) COLLATE utf8_unicode_ci NOT NULL DEFAULT '0',
  PRIMARY KEY (`id`),
  UNIQUE KEY `craft_userpermissions_usergroups_permissionId_groupId_unq_idx` (`permissionId`,`groupId`),
  KEY `craft_userpermissions_usergroups_groupId_fk` (`groupId`)
) ENGINE=InnoDB DEFAULT CHARSET=utf8 COLLATE=utf8_unicode_ci;

DROP TABLE IF EXISTS `craft_userpermissions_users`;


--
-- Schema for table `craft_userpermissions_users`
--
CREATE TABLE `craft_userpermissions_users` (
  `id` int(11) NOT NULL AUTO_INCREMENT,
  `permissionId` int(11) NOT NULL,
  `userId` int(11) NOT NULL,
  `dateCreated` datetime NOT NULL,
  `dateUpdated` datetime NOT NULL,
  `uid` char(36) COLLATE utf8_unicode_ci NOT NULL DEFAULT '0',
  PRIMARY KEY (`id`),
  UNIQUE KEY `craft_userpermissions_users_permissionId_userId_unq_idx` (`permissionId`,`userId`),
  KEY `craft_userpermissions_users_userId_fk` (`userId`)
) ENGINE=InnoDB DEFAULT CHARSET=utf8 COLLATE=utf8_unicode_ci;

DROP TABLE IF EXISTS `craft_users`;


--
-- Schema for table `craft_users`
--
CREATE TABLE `craft_users` (
  `id` int(11) NOT NULL,
  `username` varchar(100) COLLATE utf8_unicode_ci NOT NULL,
  `photo` varchar(100) COLLATE utf8_unicode_ci DEFAULT NULL,
  `firstName` varchar(100) COLLATE utf8_unicode_ci DEFAULT NULL,
  `lastName` varchar(100) COLLATE utf8_unicode_ci DEFAULT NULL,
  `email` varchar(255) COLLATE utf8_unicode_ci NOT NULL,
  `password` char(255) COLLATE utf8_unicode_ci DEFAULT NULL,
  `preferredLocale` char(12) COLLATE utf8_unicode_ci DEFAULT NULL,
  `weekStartDay` tinyint(1) unsigned NOT NULL DEFAULT '0',
  `admin` tinyint(1) unsigned NOT NULL DEFAULT '0',
  `client` tinyint(1) unsigned NOT NULL DEFAULT '0',
  `locked` tinyint(1) unsigned NOT NULL DEFAULT '0',
  `suspended` tinyint(1) unsigned NOT NULL DEFAULT '0',
  `pending` tinyint(1) unsigned NOT NULL DEFAULT '0',
  `archived` tinyint(1) unsigned NOT NULL DEFAULT '0',
  `lastLoginDate` datetime DEFAULT NULL,
  `lastLoginAttemptIPAddress` varchar(45) COLLATE utf8_unicode_ci DEFAULT NULL,
  `invalidLoginWindowStart` datetime DEFAULT NULL,
  `invalidLoginCount` tinyint(4) unsigned DEFAULT NULL,
  `lastInvalidLoginDate` datetime DEFAULT NULL,
  `lockoutDate` datetime DEFAULT NULL,
  `verificationCode` char(100) COLLATE utf8_unicode_ci DEFAULT NULL,
  `verificationCodeIssuedDate` datetime DEFAULT NULL,
  `unverifiedEmail` varchar(255) COLLATE utf8_unicode_ci DEFAULT NULL,
  `passwordResetRequired` tinyint(1) unsigned NOT NULL DEFAULT '0',
  `lastPasswordChangeDate` datetime DEFAULT NULL,
  `dateCreated` datetime NOT NULL,
  `dateUpdated` datetime NOT NULL,
  `uid` char(36) COLLATE utf8_unicode_ci NOT NULL DEFAULT '0',
  PRIMARY KEY (`id`),
  UNIQUE KEY `craft_users_username_unq_idx` (`username`),
  UNIQUE KEY `craft_users_email_unq_idx` (`email`),
  KEY `craft_users_verificationCode_idx` (`verificationCode`),
  KEY `craft_users_uid_idx` (`uid`),
  KEY `craft_users_preferredLocale_fk` (`preferredLocale`)
) ENGINE=InnoDB DEFAULT CHARSET=utf8 COLLATE=utf8_unicode_ci;

--
-- Data for table `craft_users`
--

INSERT INTO `craft_users` (`id`, `username`, `photo`, `firstName`, `lastName`, `email`, `password`, `preferredLocale`, `weekStartDay`, `admin`, `client`, `locked`, `suspended`, `pending`, `archived`, `lastLoginDate`, `lastLoginAttemptIPAddress`, `invalidLoginWindowStart`, `invalidLoginCount`, `lastInvalidLoginDate`, `lockoutDate`, `verificationCode`, `verificationCodeIssuedDate`, `unverifiedEmail`, `passwordResetRequired`, `lastPasswordChangeDate`, `dateCreated`, `dateUpdated`, `uid`) VALUES
 ('1', 'mollie@emergentmethod.com', NULL, NULL, NULL, 'mollie@emergentmethod.com', '$2y$13$SPzKwYvJwBZgGjgrnHip6u2WVgGOtTJhn4Rix9UqItYl1o/MzgRZK', NULL, '0', '1', '0', '0', '0', '0', '0', '2017-07-29 15:43:52', '72.207.203.51', NULL, NULL, NULL, NULL, NULL, NULL, NULL, '0', '2017-07-26 23:54:37', '2017-07-26 23:54:37', '2017-07-29 15:43:52', '1169155a-9d64-4f15-8c67-fe17ddf37914');



DROP TABLE IF EXISTS `craft_widgets`;


--
-- Schema for table `craft_widgets`
--
CREATE TABLE `craft_widgets` (
  `id` int(11) NOT NULL AUTO_INCREMENT,
  `userId` int(11) NOT NULL,
  `type` varchar(150) COLLATE utf8_unicode_ci NOT NULL,
  `sortOrder` smallint(6) unsigned DEFAULT NULL,
  `colspan` tinyint(4) unsigned DEFAULT NULL,
  `settings` text COLLATE utf8_unicode_ci,
  `enabled` tinyint(1) unsigned NOT NULL DEFAULT '1',
  `dateCreated` datetime NOT NULL,
  `dateUpdated` datetime NOT NULL,
  `uid` char(36) COLLATE utf8_unicode_ci NOT NULL DEFAULT '0',
  PRIMARY KEY (`id`),
  KEY `craft_widgets_userId_fk` (`userId`)
) ENGINE=InnoDB AUTO_INCREMENT=5 DEFAULT CHARSET=utf8 COLLATE=utf8_unicode_ci;

--
-- Data for table `craft_widgets`
--

INSERT INTO `craft_widgets` (`id`, `userId`, `type`, `sortOrder`, `colspan`, `settings`, `enabled`, `dateCreated`, `dateUpdated`, `uid`) VALUES
 ('1', '1', 'RecentEntries', '1', NULL, NULL, '1', '2017-07-27 00:33:14', '2017-07-27 00:33:14', '85d5467f-c46b-425a-b222-0cdd99694240'),
 ('2', '1', 'GetHelp', '2', NULL, NULL, '1', '2017-07-27 00:33:14', '2017-07-27 00:33:14', '1829f54d-f098-46ec-b718-72cdcc35aab5'),
 ('3', '1', 'Updates', '3', NULL, NULL, '1', '2017-07-27 00:33:14', '2017-07-27 00:33:14', '0324fce4-771d-4cd4-a298-9064019ccab0'),
 ('4', '1', 'Feed', '4', NULL, '{\"url\":\"https:\\/\\/craftcms.com\\/news.rss\",\"title\":\"Craft News\"}', '1', '2017-07-27 00:33:14', '2017-07-27 00:33:14', 'd534c246-ec50-40a1-aef5-d0029f679fd7');


--
-- Constraints for tables
--


--
-- Constraints for table `craft_assetfiles`
--
ALTER TABLE `craft_assetfiles`
	ADD CONSTRAINT `craft_assetfiles_folderId_fk` FOREIGN KEY (`folderId`) REFERENCES `craft_assetfolders` (`id`) ON DELETE CASCADE,
	ADD CONSTRAINT `craft_assetfiles_id_fk` FOREIGN KEY (`id`) REFERENCES `craft_elements` (`id`) ON DELETE CASCADE,
	ADD CONSTRAINT `craft_assetfiles_sourceId_fk` FOREIGN KEY (`sourceId`) REFERENCES `craft_assetsources` (`id`) ON DELETE CASCADE;

--
-- Constraints for table `craft_assetfolders`
--
ALTER TABLE `craft_assetfolders`
	ADD CONSTRAINT `craft_assetfolders_parentId_fk` FOREIGN KEY (`parentId`) REFERENCES `craft_assetfolders` (`id`) ON DELETE CASCADE,
	ADD CONSTRAINT `craft_assetfolders_sourceId_fk` FOREIGN KEY (`sourceId`) REFERENCES `craft_assetsources` (`id`) ON DELETE CASCADE;

--
-- Constraints for table `craft_assetindexdata`
--
ALTER TABLE `craft_assetindexdata`
	ADD CONSTRAINT `craft_assetindexdata_sourceId_fk` FOREIGN KEY (`sourceId`) REFERENCES `craft_assetsources` (`id`) ON DELETE CASCADE;

--
-- Constraints for table `craft_assetsources`
--
ALTER TABLE `craft_assetsources`
	ADD CONSTRAINT `craft_assetsources_fieldLayoutId_fk` FOREIGN KEY (`fieldLayoutId`) REFERENCES `craft_fieldlayouts` (`id`) ON DELETE SET NULL;

--
-- Constraints for table `craft_categories`
--
ALTER TABLE `craft_categories`
	ADD CONSTRAINT `craft_categories_groupId_fk` FOREIGN KEY (`groupId`) REFERENCES `craft_categorygroups` (`id`) ON DELETE CASCADE,
	ADD CONSTRAINT `craft_categories_id_fk` FOREIGN KEY (`id`) REFERENCES `craft_elements` (`id`) ON DELETE CASCADE;

--
-- Constraints for table `craft_categorygroups`
--
ALTER TABLE `craft_categorygroups`
	ADD CONSTRAINT `craft_categorygroups_fieldLayoutId_fk` FOREIGN KEY (`fieldLayoutId`) REFERENCES `craft_fieldlayouts` (`id`) ON DELETE SET NULL,
	ADD CONSTRAINT `craft_categorygroups_structureId_fk` FOREIGN KEY (`structureId`) REFERENCES `craft_structures` (`id`) ON DELETE CASCADE;

--
-- Constraints for table `craft_categorygroups_i18n`
--
ALTER TABLE `craft_categorygroups_i18n`
	ADD CONSTRAINT `craft_categorygroups_i18n_groupId_fk` FOREIGN KEY (`groupId`) REFERENCES `craft_categorygroups` (`id`) ON DELETE CASCADE,
	ADD CONSTRAINT `craft_categorygroups_i18n_locale_fk` FOREIGN KEY (`locale`) REFERENCES `craft_locales` (`locale`) ON DELETE CASCADE ON UPDATE CASCADE;

--
-- Constraints for table `craft_content`
--
ALTER TABLE `craft_content`
	ADD CONSTRAINT `craft_content_elementId_fk` FOREIGN KEY (`elementId`) REFERENCES `craft_elements` (`id`) ON DELETE CASCADE,
	ADD CONSTRAINT `craft_content_locale_fk` FOREIGN KEY (`locale`) REFERENCES `craft_locales` (`locale`) ON DELETE CASCADE ON UPDATE CASCADE;

--
-- Constraints for table `craft_elements_i18n`
--
ALTER TABLE `craft_elements_i18n`
	ADD CONSTRAINT `craft_elements_i18n_elementId_fk` FOREIGN KEY (`elementId`) REFERENCES `craft_elements` (`id`) ON DELETE CASCADE,
	ADD CONSTRAINT `craft_elements_i18n_locale_fk` FOREIGN KEY (`locale`) REFERENCES `craft_locales` (`locale`) ON DELETE CASCADE ON UPDATE CASCADE;

--
-- Constraints for table `craft_emailmessages`
--
ALTER TABLE `craft_emailmessages`
	ADD CONSTRAINT `craft_emailmessages_locale_fk` FOREIGN KEY (`locale`) REFERENCES `craft_locales` (`locale`) ON DELETE CASCADE ON UPDATE CASCADE;

--
-- Constraints for table `craft_entries`
--
ALTER TABLE `craft_entries`
	ADD CONSTRAINT `craft_entries_authorId_fk` FOREIGN KEY (`authorId`) REFERENCES `craft_users` (`id`) ON DELETE CASCADE,
	ADD CONSTRAINT `craft_entries_id_fk` FOREIGN KEY (`id`) REFERENCES `craft_elements` (`id`) ON DELETE CASCADE,
	ADD CONSTRAINT `craft_entries_sectionId_fk` FOREIGN KEY (`sectionId`) REFERENCES `craft_sections` (`id`) ON DELETE CASCADE,
	ADD CONSTRAINT `craft_entries_typeId_fk` FOREIGN KEY (`typeId`) REFERENCES `craft_entrytypes` (`id`) ON DELETE CASCADE;

--
-- Constraints for table `craft_entrydrafts`
--
ALTER TABLE `craft_entrydrafts`
	ADD CONSTRAINT `craft_entrydrafts_creatorId_fk` FOREIGN KEY (`creatorId`) REFERENCES `craft_users` (`id`) ON DELETE CASCADE,
	ADD CONSTRAINT `craft_entrydrafts_entryId_fk` FOREIGN KEY (`entryId`) REFERENCES `craft_entries` (`id`) ON DELETE CASCADE,
	ADD CONSTRAINT `craft_entrydrafts_locale_fk` FOREIGN KEY (`locale`) REFERENCES `craft_locales` (`locale`) ON DELETE CASCADE ON UPDATE CASCADE,
	ADD CONSTRAINT `craft_entrydrafts_sectionId_fk` FOREIGN KEY (`sectionId`) REFERENCES `craft_sections` (`id`) ON DELETE CASCADE;

--
-- Constraints for table `craft_entrytypes`
--
ALTER TABLE `craft_entrytypes`
	ADD CONSTRAINT `craft_entrytypes_fieldLayoutId_fk` FOREIGN KEY (`fieldLayoutId`) REFERENCES `craft_fieldlayouts` (`id`) ON DELETE SET NULL,
	ADD CONSTRAINT `craft_entrytypes_sectionId_fk` FOREIGN KEY (`sectionId`) REFERENCES `craft_sections` (`id`) ON DELETE CASCADE;

--
-- Constraints for table `craft_entryversions`
--
ALTER TABLE `craft_entryversions`
	ADD CONSTRAINT `craft_entryversions_creatorId_fk` FOREIGN KEY (`creatorId`) REFERENCES `craft_users` (`id`) ON DELETE SET NULL,
	ADD CONSTRAINT `craft_entryversions_entryId_fk` FOREIGN KEY (`entryId`) REFERENCES `craft_entries` (`id`) ON DELETE CASCADE,
	ADD CONSTRAINT `craft_entryversions_locale_fk` FOREIGN KEY (`locale`) REFERENCES `craft_locales` (`locale`) ON DELETE CASCADE ON UPDATE CASCADE,
	ADD CONSTRAINT `craft_entryversions_sectionId_fk` FOREIGN KEY (`sectionId`) REFERENCES `craft_sections` (`id`) ON DELETE CASCADE;

--
-- Constraints for table `craft_fieldlayoutfields`
--
ALTER TABLE `craft_fieldlayoutfields`
	ADD CONSTRAINT `craft_fieldlayoutfields_fieldId_fk` FOREIGN KEY (`fieldId`) REFERENCES `craft_fields` (`id`) ON DELETE CASCADE,
	ADD CONSTRAINT `craft_fieldlayoutfields_layoutId_fk` FOREIGN KEY (`layoutId`) REFERENCES `craft_fieldlayouts` (`id`) ON DELETE CASCADE,
	ADD CONSTRAINT `craft_fieldlayoutfields_tabId_fk` FOREIGN KEY (`tabId`) REFERENCES `craft_fieldlayouttabs` (`id`) ON DELETE CASCADE;

--
-- Constraints for table `craft_fieldlayouttabs`
--
ALTER TABLE `craft_fieldlayouttabs`
	ADD CONSTRAINT `craft_fieldlayouttabs_layoutId_fk` FOREIGN KEY (`layoutId`) REFERENCES `craft_fieldlayouts` (`id`) ON DELETE CASCADE;

--
-- Constraints for table `craft_fields`
--
ALTER TABLE `craft_fields`
	ADD CONSTRAINT `craft_fields_groupId_fk` FOREIGN KEY (`groupId`) REFERENCES `craft_fieldgroups` (`id`) ON DELETE CASCADE;

--
-- Constraints for table `craft_globalsets`
--
ALTER TABLE `craft_globalsets`
	ADD CONSTRAINT `craft_globalsets_fieldLayoutId_fk` FOREIGN KEY (`fieldLayoutId`) REFERENCES `craft_fieldlayouts` (`id`) ON DELETE SET NULL,
	ADD CONSTRAINT `craft_globalsets_id_fk` FOREIGN KEY (`id`) REFERENCES `craft_elements` (`id`) ON DELETE CASCADE;

--
-- Constraints for table `craft_import_entries`
--
ALTER TABLE `craft_import_entries`
	ADD CONSTRAINT `craft_import_entries_entryId_fk` FOREIGN KEY (`entryId`) REFERENCES `craft_entries` (`id`) ON DELETE CASCADE,
	ADD CONSTRAINT `craft_import_entries_historyId_fk` FOREIGN KEY (`historyId`) REFERENCES `craft_import_history` (`id`) ON DELETE SET NULL;

--
-- Constraints for table `craft_import_history`
--
ALTER TABLE `craft_import_history`
	ADD CONSTRAINT `craft_import_history_userId_fk` FOREIGN KEY (`userId`) REFERENCES `craft_users` (`id`) ON DELETE CASCADE;

--
-- Constraints for table `craft_import_log`
--
ALTER TABLE `craft_import_log`
	ADD CONSTRAINT `craft_import_log_historyId_fk` FOREIGN KEY (`historyId`) REFERENCES `craft_import_history` (`id`) ON DELETE SET NULL;

--
-- Constraints for table `craft_matrixblocks`
--
ALTER TABLE `craft_matrixblocks`
	ADD CONSTRAINT `craft_matrixblocks_fieldId_fk` FOREIGN KEY (`fieldId`) REFERENCES `craft_fields` (`id`) ON DELETE CASCADE,
	ADD CONSTRAINT `craft_matrixblocks_id_fk` FOREIGN KEY (`id`) REFERENCES `craft_elements` (`id`) ON DELETE CASCADE,
	ADD CONSTRAINT `craft_matrixblocks_ownerId_fk` FOREIGN KEY (`ownerId`) REFERENCES `craft_elements` (`id`) ON DELETE CASCADE,
	ADD CONSTRAINT `craft_matrixblocks_ownerLocale_fk` FOREIGN KEY (`ownerLocale`) REFERENCES `craft_locales` (`locale`) ON DELETE CASCADE ON UPDATE CASCADE,
	ADD CONSTRAINT `craft_matrixblocks_typeId_fk` FOREIGN KEY (`typeId`) REFERENCES `craft_matrixblocktypes` (`id`) ON DELETE CASCADE;

--
-- Constraints for table `craft_matrixblocktypes`
--
ALTER TABLE `craft_matrixblocktypes`
	ADD CONSTRAINT `craft_matrixblocktypes_fieldId_fk` FOREIGN KEY (`fieldId`) REFERENCES `craft_fields` (`id`) ON DELETE CASCADE,
	ADD CONSTRAINT `craft_matrixblocktypes_fieldLayoutId_fk` FOREIGN KEY (`fieldLayoutId`) REFERENCES `craft_fieldlayouts` (`id`) ON DELETE SET NULL;

--
-- Constraints for table `craft_migrations`
--
ALTER TABLE `craft_migrations`
	ADD CONSTRAINT `craft_migrations_pluginId_fk` FOREIGN KEY (`pluginId`) REFERENCES `craft_plugins` (`id`) ON DELETE CASCADE;

--
-- Constraints for table `craft_relations`
--
ALTER TABLE `craft_relations`
	ADD CONSTRAINT `craft_relations_fieldId_fk` FOREIGN KEY (`fieldId`) REFERENCES `craft_fields` (`id`) ON DELETE CASCADE,
	ADD CONSTRAINT `craft_relations_sourceId_fk` FOREIGN KEY (`sourceId`) REFERENCES `craft_elements` (`id`) ON DELETE CASCADE,
	ADD CONSTRAINT `craft_relations_sourceLocale_fk` FOREIGN KEY (`sourceLocale`) REFERENCES `craft_locales` (`locale`) ON DELETE CASCADE ON UPDATE CASCADE,
	ADD CONSTRAINT `craft_relations_targetId_fk` FOREIGN KEY (`targetId`) REFERENCES `craft_elements` (`id`) ON DELETE CASCADE;

--
-- Constraints for table `craft_routes`
--
ALTER TABLE `craft_routes`
	ADD CONSTRAINT `craft_routes_locale_fk` FOREIGN KEY (`locale`) REFERENCES `craft_locales` (`locale`) ON DELETE CASCADE ON UPDATE CASCADE;

--
-- Constraints for table `craft_sections`
--
ALTER TABLE `craft_sections`
	ADD CONSTRAINT `craft_sections_structureId_fk` FOREIGN KEY (`structureId`) REFERENCES `craft_structures` (`id`) ON DELETE SET NULL;

--
-- Constraints for table `craft_sections_i18n`
--
ALTER TABLE `craft_sections_i18n`
	ADD CONSTRAINT `craft_sections_i18n_locale_fk` FOREIGN KEY (`locale`) REFERENCES `craft_locales` (`locale`) ON DELETE CASCADE ON UPDATE CASCADE,
	ADD CONSTRAINT `craft_sections_i18n_sectionId_fk` FOREIGN KEY (`sectionId`) REFERENCES `craft_sections` (`id`) ON DELETE CASCADE;

--
-- Constraints for table `craft_sessions`
--
ALTER TABLE `craft_sessions`
	ADD CONSTRAINT `craft_sessions_userId_fk` FOREIGN KEY (`userId`) REFERENCES `craft_users` (`id`) ON DELETE CASCADE;

--
-- Constraints for table `craft_shunnedmessages`
--
ALTER TABLE `craft_shunnedmessages`
	ADD CONSTRAINT `craft_shunnedmessages_userId_fk` FOREIGN KEY (`userId`) REFERENCES `craft_users` (`id`) ON DELETE CASCADE;

--
-- Constraints for table `craft_structureelements`
--
ALTER TABLE `craft_structureelements`
	ADD CONSTRAINT `craft_structureelements_elementId_fk` FOREIGN KEY (`elementId`) REFERENCES `craft_elements` (`id`) ON DELETE CASCADE,
	ADD CONSTRAINT `craft_structureelements_structureId_fk` FOREIGN KEY (`structureId`) REFERENCES `craft_structures` (`id`) ON DELETE CASCADE;

--
-- Constraints for table `craft_taggroups`
--
ALTER TABLE `craft_taggroups`
	ADD CONSTRAINT `craft_taggroups_fieldLayoutId_fk` FOREIGN KEY (`fieldLayoutId`) REFERENCES `craft_fieldlayouts` (`id`) ON DELETE SET NULL;

--
-- Constraints for table `craft_tags`
--
ALTER TABLE `craft_tags`
	ADD CONSTRAINT `craft_tags_groupId_fk` FOREIGN KEY (`groupId`) REFERENCES `craft_taggroups` (`id`) ON DELETE CASCADE,
	ADD CONSTRAINT `craft_tags_id_fk` FOREIGN KEY (`id`) REFERENCES `craft_elements` (`id`) ON DELETE CASCADE;

--
-- Constraints for table `craft_templatecachecriteria`
--
ALTER TABLE `craft_templatecachecriteria`
	ADD CONSTRAINT `craft_templatecachecriteria_cacheId_fk` FOREIGN KEY (`cacheId`) REFERENCES `craft_templatecaches` (`id`) ON DELETE CASCADE;

--
-- Constraints for table `craft_templatecacheelements`
--
ALTER TABLE `craft_templatecacheelements`
	ADD CONSTRAINT `craft_templatecacheelements_cacheId_fk` FOREIGN KEY (`cacheId`) REFERENCES `craft_templatecaches` (`id`) ON DELETE CASCADE,
	ADD CONSTRAINT `craft_templatecacheelements_elementId_fk` FOREIGN KEY (`elementId`) REFERENCES `craft_elements` (`id`) ON DELETE CASCADE;

--
-- Constraints for table `craft_templatecaches`
--
ALTER TABLE `craft_templatecaches`
	ADD CONSTRAINT `craft_templatecaches_locale_fk` FOREIGN KEY (`locale`) REFERENCES `craft_locales` (`locale`) ON DELETE CASCADE ON UPDATE CASCADE;

--
-- Constraints for table `craft_usergroups_users`
--
ALTER TABLE `craft_usergroups_users`
	ADD CONSTRAINT `craft_usergroups_users_groupId_fk` FOREIGN KEY (`groupId`) REFERENCES `craft_usergroups` (`id`) ON DELETE CASCADE,
	ADD CONSTRAINT `craft_usergroups_users_userId_fk` FOREIGN KEY (`userId`) REFERENCES `craft_users` (`id`) ON DELETE CASCADE;

--
-- Constraints for table `craft_userpermissions_usergroups`
--
ALTER TABLE `craft_userpermissions_usergroups`
	ADD CONSTRAINT `craft_userpermissions_usergroups_groupId_fk` FOREIGN KEY (`groupId`) REFERENCES `craft_usergroups` (`id`) ON DELETE CASCADE,
	ADD CONSTRAINT `craft_userpermissions_usergroups_permissionId_fk` FOREIGN KEY (`permissionId`) REFERENCES `craft_userpermissions` (`id`) ON DELETE CASCADE;

--
-- Constraints for table `craft_userpermissions_users`
--
ALTER TABLE `craft_userpermissions_users`
	ADD CONSTRAINT `craft_userpermissions_users_permissionId_fk` FOREIGN KEY (`permissionId`) REFERENCES `craft_userpermissions` (`id`) ON DELETE CASCADE,
	ADD CONSTRAINT `craft_userpermissions_users_userId_fk` FOREIGN KEY (`userId`) REFERENCES `craft_users` (`id`) ON DELETE CASCADE;

--
-- Constraints for table `craft_users`
--
ALTER TABLE `craft_users`
	ADD CONSTRAINT `craft_users_id_fk` FOREIGN KEY (`id`) REFERENCES `craft_elements` (`id`) ON DELETE CASCADE,
	ADD CONSTRAINT `craft_users_preferredLocale_fk` FOREIGN KEY (`preferredLocale`) REFERENCES `craft_locales` (`locale`) ON DELETE SET NULL ON UPDATE CASCADE;

--
-- Constraints for table `craft_widgets`
--
ALTER TABLE `craft_widgets`
	ADD CONSTRAINT `craft_widgets_userId_fk` FOREIGN KEY (`userId`) REFERENCES `craft_users` (`id`) ON DELETE CASCADE;

SET FOREIGN_KEY_CHECKS = 1;
