-- Generated by Craft v2.6.2989 on Aug 16, 2017, 8:03:12 PM.

--
-- Disable foreign key checks and autocommit.
--

SET FOREIGN_KEY_CHECKS = 0;
SET SQL_MODE = "NO_AUTO_VALUE_ON_ZERO";
SET AUTOCOMMIT = 0;
SET NAMES utf8;


DROP TABLE IF EXISTS `craft_assetfiles`;


--
-- Schema for table `craft_assetfiles`
--
CREATE TABLE `craft_assetfiles` (
  `id` int(11) NOT NULL,
  `sourceId` int(11) DEFAULT NULL,
  `folderId` int(11) NOT NULL,
  `filename` varchar(255) COLLATE utf8_unicode_ci NOT NULL,
  `kind` varchar(50) COLLATE utf8_unicode_ci NOT NULL DEFAULT 'unknown',
  `width` int(11) unsigned DEFAULT NULL,
  `height` int(11) unsigned DEFAULT NULL,
  `size` bigint(20) unsigned DEFAULT NULL,
  `dateModified` datetime DEFAULT NULL,
  `dateCreated` datetime NOT NULL,
  `dateUpdated` datetime NOT NULL,
  `uid` char(36) COLLATE utf8_unicode_ci NOT NULL DEFAULT '0',
  PRIMARY KEY (`id`),
  UNIQUE KEY `craft_assetfiles_filename_folderId_unq_idx` (`filename`,`folderId`),
  KEY `craft_assetfiles_sourceId_fk` (`sourceId`),
  KEY `craft_assetfiles_folderId_fk` (`folderId`)
) ENGINE=InnoDB DEFAULT CHARSET=utf8 COLLATE=utf8_unicode_ci;

--
-- Data for table `craft_assetfiles`
--

INSERT INTO `craft_assetfiles` (`id`, `sourceId`, `folderId`, `filename`, `kind`, `width`, `height`, `size`, `dateModified`, `dateCreated`, `dateUpdated`, `uid`) VALUES
 ('5', '1', '1', 'test-CV.pdf', 'pdf', NULL, NULL, '15604', '2017-07-27 22:42:57', '2017-07-27 22:43:01', '2017-08-04 20:59:45', '3124ad04-1c21-4099-8013-c1c88bc3f9b0'),
 ('21', '1', '1', 'Denise-Reed-CV.pdf', 'pdf', NULL, NULL, '201511', '2017-08-04 00:38:31', '2017-08-04 00:38:31', '2017-08-04 20:59:44', '8bbfd82d-3381-4890-add0-743644da3b10'),
 ('23', '1', '1', 'Ramatchandirane-Cyndhia-CV.pdf', 'pdf', NULL, NULL, '59593', '2017-08-04 01:07:28', '2017-08-04 01:07:28', '2017-08-04 20:59:45', '23ccf488-baa6-40b8-b87f-431488cd7be3'),
 ('24', '1', '1', 'Ehab-Meselhe_CV.pdf', 'pdf', NULL, NULL, '840447', '2017-08-04 01:08:42', '2017-08-04 01:08:42', '2017-08-04 20:59:44', 'c7a7bbd4-2155-4a44-9c0b-0bba57fd07b4'),
 ('67', '4', '12', 'Cyndhia-RamatchchanderineFinal.jpg', 'image', '280', '350', '84887', '2017-08-04 00:19:17', '2017-08-04 20:59:48', '2017-08-04 20:59:48', 'd2ab087e-d498-44b4-89c0-9a3758cdba72'),
 ('68', '4', '12', 'Ehab-Meselhe-PhotoII-Final-web.jpg', 'image', '288', '360', '65027', '2017-08-04 00:32:33', '2017-08-04 20:59:48', '2017-08-04 20:59:48', '551eb081-d7aa-4494-ae02-2651d17a1fd5'),
 ('69', '4', '12', 'Jennifer-Butler-Final-2-web.jpg', 'image', '288', '360', '74403', '2017-08-04 01:12:03', '2017-08-04 20:59:48', '2017-08-04 20:59:48', '133ae1d2-12a3-4df8-942f-ed51cfb30b8d'),
 ('70', '4', '12', 'Denise-Reed-Final-web.jpg', 'image', '288', '360', '67736', '2017-08-04 00:37:03', '2017-08-04 20:59:48', '2017-08-04 20:59:48', '6ccff766-683a-4a63-a96e-f756e8e23f58'),
 ('71', '4', '12', 'Justin-photo.jpg', 'image', '440', '550', '165865', '2017-08-03 23:46:52', '2017-08-04 20:59:48', '2017-08-04 20:59:49', '52f57f8c-01cd-4da9-8f7c-7e4a83b11d47'),
 ('72', '4', '12', 'Mead-Allison-Final.jpg', 'image', '1200', '1500', '1099715', '2017-08-04 21:05:20', '2017-08-04 21:05:21', '2017-08-04 21:05:21', '4d1579ab-f911-47f4-a6c2-022d6d2ed5d2'),
 ('75', '5', '15', 'Cyndhia-RamatchchanderineFinal.jpg', 'image', '280', '350', '84887', '2017-08-04 00:19:17', '2017-08-04 21:15:29', '2017-08-06 22:21:51', '71054b12-c313-4278-999f-29e06d85adc0'),
 ('76', '5', '15', 'Denise-Reed-Final-web.jpg', 'image', '288', '360', '67736', '2017-08-04 00:37:03', '2017-08-04 21:15:29', '2017-08-06 22:21:51', 'dda9c682-6e1b-4337-b0f7-70c60f03c1ee'),
 ('77', '5', '15', 'Jennifer-Butler-Final-2-web.jpg', 'image', '288', '360', '74403', '2017-08-04 01:12:03', '2017-08-04 21:15:30', '2017-08-06 22:21:51', '427d206d-f277-4f64-9d3a-42334c1bc590'),
 ('78', '5', '15', 'Ehab-Meselhe-PhotoII-Final-web.jpg', 'image', '288', '360', '65027', '2017-08-04 00:32:33', '2017-08-04 21:15:30', '2017-08-06 22:21:51', 'cdbadc7b-1d74-47c4-87e3-29b0a7e0e14c'),
 ('79', '5', '15', 'Justin-photo.jpg', 'image', '440', '550', '165865', '2017-08-03 23:46:52', '2017-08-04 21:15:30', '2017-08-06 22:21:51', 'deba696e-87c1-4aae-9b72-7f00abe3e980'),
 ('80', '5', '15', 'Mead-Allison-Final.jpg', 'image', '1200', '1500', '1099715', '2017-08-04 21:05:20', '2017-08-04 21:15:30', '2017-08-06 22:21:51', '52eb175b-e883-42a4-9075-52b71ece0fd6'),
 ('81', '5', '17', 'Denise-Reed-CV.pdf', 'pdf', NULL, NULL, '201511', '2017-08-04 00:38:31', '2017-08-04 21:15:30', '2017-08-06 22:21:51', '0edcb297-1940-4f73-82d5-bfe4e7c70cf4'),
 ('82', '5', '17', 'Ehab-Meselhe_CV.pdf', 'pdf', NULL, NULL, '840447', '2017-08-04 01:08:42', '2017-08-04 21:15:30', '2017-08-06 22:21:52', '56cad9e3-c54d-4731-8a7b-4efe7304f43d'),
 ('83', '5', '17', 'test-CV.pdf', 'pdf', NULL, NULL, '15604', '2017-07-27 22:42:57', '2017-08-04 21:15:30', '2017-08-06 22:21:52', '9d18889a-cc4a-4afe-801e-119c3f63184b'),
 ('84', '5', '17', 'Ramatchandirane-Cyndhia-CV.pdf', 'pdf', NULL, NULL, '59593', '2017-08-04 01:07:28', '2017-08-04 21:15:30', '2017-08-06 22:21:52', '6c4537cc-a1db-43ee-a067-288c3f09544a'),
 ('85', '5', '14', 'img-chile.jpg', 'image', '757', '402', '334686', '2017-08-04 21:12:51', '2017-08-04 21:15:30', '2017-08-06 22:21:52', '9fb9d705-9787-448d-a4ec-9ea4a5a9dbd9'),
 ('86', '5', '14', 'img-signature.png', 'image', '80', '238', '7819', '2017-08-04 21:35:28', '2017-08-04 21:35:28', '2017-08-06 22:21:52', 'cb4b1256-db87-4a36-9674-cbc225456051'),
 ('92', '5', '19', 'img-feature-project.jpg', 'image', '1000', '467', '394390', '2017-08-06 22:22:12', '2017-08-06 22:22:12', '2017-08-06 22:22:12', 'db288e70-be37-4093-a0a6-b293ba7147fc'),
 ('94', '5', '19', 'img-feature-project-2.jpg', 'image', '1000', '465', '487661', '2017-08-08 19:45:24', '2017-08-08 19:45:24', '2017-08-08 19:45:24', 'aee25378-7ca1-41dc-9e0f-0e24058d66b6'),
 ('98', '1', '1', 'Carruthers_CV_2017.pdf', 'pdf', NULL, NULL, '484141', '2017-08-08 20:43:07', '2017-08-08 20:43:07', '2017-08-08 20:43:07', 'c86e44db-5152-46fe-b828-cc22a02bad3e'),
 ('99', '4', '12', 'Tim-Carruthers-Final-web.jpg', 'image', '288', '360', '64767', '2017-08-08 20:45:17', '2017-08-08 20:45:17', '2017-08-08 20:45:17', '3a10e858-7238-48d5-8036-906040b8a96d'),
 ('111', '6', '20', 'Changing-Restoration-Costs_Methodology_September-2016.pdf', 'pdf', NULL, NULL, '1289043', '2017-08-11 16:03:33', '2017-08-11 16:03:33', '2017-08-11 16:03:33', '5215b137-7a91-42e5-900f-d61b2066083b'),
 ('112', '6', '20', 'Changing-Restoration-Costs_SummaryFindings_September-2016.pdf', 'pdf', NULL, NULL, '197367', '2017-08-11 16:03:33', '2017-08-11 16:03:33', '2017-08-11 16:03:33', '20c414dc-0646-4d7c-9a7f-2b1693a2937c'),
 ('113', '6', '20', 'Changing-Restoration-Costs_SummaryPresentation_September-2016.pdf', 'pdf', NULL, NULL, '1089262', '2017-08-11 16:03:34', '2017-08-11 16:03:34', '2017-08-11 16:03:34', 'bc042374-2004-434f-b6a0-b9032463f083'),
 ('116', '7', '21', 'AllisonetalWestBay20171.pdf', 'pdf', NULL, NULL, '3419381', '2017-08-11 16:37:51', '2017-08-11 16:37:51', '2017-08-11 16:37:51', '332dfb0f-8a38-4447-9022-7f2af7c36e7a'),
 ('131', '5', '19', 'img-equipment.jpg', 'image', '526', '442', '212440', '2017-08-14 22:26:00', '2017-08-14 22:26:00', '2017-08-14 22:26:00', '323eb417-784a-4721-b12d-29635f96b59a');



DROP TABLE IF EXISTS `craft_assetfolders`;


--
-- Schema for table `craft_assetfolders`
--
CREATE TABLE `craft_assetfolders` (
  `id` int(11) NOT NULL AUTO_INCREMENT,
  `parentId` int(11) DEFAULT NULL,
  `sourceId` int(11) DEFAULT NULL,
  `name` varchar(255) COLLATE utf8_unicode_ci NOT NULL,
  `path` varchar(255) COLLATE utf8_unicode_ci DEFAULT NULL,
  `dateCreated` datetime NOT NULL,
  `dateUpdated` datetime NOT NULL,
  `uid` char(36) COLLATE utf8_unicode_ci NOT NULL DEFAULT '0',
  PRIMARY KEY (`id`),
  UNIQUE KEY `craft_assetfolders_name_parentId_sourceId_unq_idx` (`name`,`parentId`,`sourceId`),
  KEY `craft_assetfolders_parentId_fk` (`parentId`),
  KEY `craft_assetfolders_sourceId_fk` (`sourceId`)
) ENGINE=InnoDB AUTO_INCREMENT=22 DEFAULT CHARSET=utf8 COLLATE=utf8_unicode_ci;

--
-- Data for table `craft_assetfolders`
--

INSERT INTO `craft_assetfolders` (`id`, `parentId`, `sourceId`, `name`, `path`, `dateCreated`, `dateUpdated`, `uid`) VALUES
 ('1', NULL, '1', 'Team Member CV', '', '2017-07-27 22:29:17', '2017-07-27 22:29:17', '4098935e-d670-4b02-86a6-e4884a379408'),
 ('2', NULL, NULL, 'Temporary source', NULL, '2017-07-27 22:35:40', '2017-07-27 22:35:40', 'e2ca1dca-c47f-4688-a488-d23bb70553c4'),
 ('3', '2', NULL, 'user_1', 'user_1/', '2017-07-27 22:35:40', '2017-07-27 22:35:40', '057ffb1a-0b5d-4599-9737-6733a26c102a'),
 ('4', '3', NULL, 'field_3', 'user_1/field_3/', '2017-07-27 22:35:40', '2017-07-27 22:35:40', '68e56e56-ea41-47c0-bdf0-ac61e3be2776'),
 ('7', '3', NULL, 'field_19', 'user_1/field_19/', '2017-08-04 20:45:13', '2017-08-04 20:45:13', 'a4e50599-82b9-45f3-b95c-da2379812110'),
 ('12', NULL, '4', 'Bio Photo', '', '2017-08-04 20:54:40', '2017-08-04 20:54:40', 'db1450c1-6596-492e-bc40-9362cdba046d'),
 ('13', NULL, '5', 'Assets', '', '2017-08-04 21:02:04', '2017-08-04 21:02:04', 'dc8706cb-7e04-49ab-9e01-60eae19834a4'),
 ('14', '13', '5', 'homepage', 'homepage/', '2017-08-04 21:12:55', '2017-08-04 21:12:55', '69546bc2-fc48-4c95-a015-32be7f708a31'),
 ('15', '13', '5', 'bio-photos', 'bio-photos/', '2017-08-04 21:15:29', '2017-08-04 21:15:29', '679730d6-3326-4785-9cbb-6b6723b1fc44'),
 ('16', '13', '5', 'docs', 'docs/', '2017-08-04 21:15:29', '2017-08-04 21:15:29', 'adab8f6d-0391-46c6-89d3-a9c4b85d27f4'),
 ('17', '16', '5', 'teamMemberCv', 'docs/teamMemberCv/', '2017-08-04 21:15:29', '2017-08-04 21:15:29', '37f0ef32-50a5-412f-b095-3e1ca6d88654'),
 ('18', '3', NULL, 'field_29', 'user_1/field_29/', '2017-08-06 22:17:22', '2017-08-06 22:17:22', '5d5e03e1-f185-4bff-a0ee-260cd76320a8'),
 ('19', '13', '5', 'images', 'images/', '2017-08-06 22:21:51', '2017-08-06 22:21:51', 'ae688afb-f9e4-4e06-95ea-c0ed00623a89'),
 ('20', NULL, '6', 'Reports', '', '2017-08-11 15:56:53', '2017-08-11 15:56:53', '482e012f-3288-4f8b-b99f-6daa7c025d6f'),
 ('21', NULL, '7', 'Publications', '', '2017-08-11 16:33:23', '2017-08-11 16:33:23', '3e854182-f5a8-4e61-8af9-01c9ba3e44a4');



DROP TABLE IF EXISTS `craft_assetindexdata`;


--
-- Schema for table `craft_assetindexdata`
--
CREATE TABLE `craft_assetindexdata` (
  `id` int(11) NOT NULL AUTO_INCREMENT,
  `sessionId` varchar(36) COLLATE utf8_unicode_ci NOT NULL DEFAULT '',
  `sourceId` int(10) NOT NULL,
  `offset` int(10) NOT NULL,
  `uri` varchar(255) COLLATE utf8_unicode_ci DEFAULT NULL,
  `size` varchar(255) COLLATE utf8_unicode_ci DEFAULT NULL,
  `recordId` int(10) DEFAULT NULL,
  `dateCreated` datetime NOT NULL,
  `dateUpdated` datetime NOT NULL,
  `uid` char(36) COLLATE utf8_unicode_ci NOT NULL DEFAULT '0',
  PRIMARY KEY (`id`),
  UNIQUE KEY `craft_assetindexdata_sessionId_sourceId_offset_unq_idx` (`sessionId`,`sourceId`,`offset`),
  KEY `craft_assetindexdata_sourceId_fk` (`sourceId`)
) ENGINE=InnoDB AUTO_INCREMENT=120 DEFAULT CHARSET=utf8 COLLATE=utf8_unicode_ci;

DROP TABLE IF EXISTS `craft_assetsources`;


--
-- Schema for table `craft_assetsources`
--
CREATE TABLE `craft_assetsources` (
  `id` int(11) NOT NULL AUTO_INCREMENT,
  `name` varchar(255) COLLATE utf8_unicode_ci NOT NULL,
  `handle` varchar(255) COLLATE utf8_unicode_ci NOT NULL,
  `type` varchar(150) COLLATE utf8_unicode_ci NOT NULL,
  `settings` text COLLATE utf8_unicode_ci,
  `sortOrder` smallint(6) unsigned DEFAULT NULL,
  `fieldLayoutId` int(10) DEFAULT NULL,
  `dateCreated` datetime NOT NULL,
  `dateUpdated` datetime NOT NULL,
  `uid` char(36) COLLATE utf8_unicode_ci NOT NULL DEFAULT '0',
  PRIMARY KEY (`id`),
  UNIQUE KEY `craft_assetsources_name_unq_idx` (`name`),
  UNIQUE KEY `craft_assetsources_handle_unq_idx` (`handle`),
  KEY `craft_assetsources_fieldLayoutId_fk` (`fieldLayoutId`)
) ENGINE=InnoDB AUTO_INCREMENT=8 DEFAULT CHARSET=utf8 COLLATE=utf8_unicode_ci;

--
-- Data for table `craft_assetsources`
--

INSERT INTO `craft_assetsources` (`id`, `name`, `handle`, `type`, `settings`, `sortOrder`, `fieldLayoutId`, `dateCreated`, `dateUpdated`, `uid`) VALUES
 ('1', 'Team Member CV', 'teamMemberCv', 'Local', '{\"path\":\"{basePath}assets\\/docs\\/teamMemberCv\\/\",\"publicURLs\":\"1\",\"url\":\"{baseUrl}assets\\/docs\\/teamMemberCv\\/\"}', '1', '52', '2017-07-27 22:29:17', '2017-08-04 21:13:44', '31a9523c-eb57-4e6b-80a7-874d9762f7e1'),
 ('4', 'Bio Photo', 'bioPhoto', 'Local', '{\"path\":\"{basePath}assets\\/bio-photos\\/\",\"publicURLs\":\"1\",\"url\":\"{baseUrl}assets\\/bio-photos\\/\"}', '4', '51', '2017-08-04 20:54:40', '2017-08-04 21:13:38', 'bdf72277-8a4d-4b37-b830-eec675ba3511'),
 ('5', 'Assets', 'assets', 'Local', '{\"path\":\"{basePath}assets\\/\",\"publicURLs\":\"1\",\"url\":\"{baseUrl}assets\\/\"}', '5', '50', '2017-08-04 21:02:04', '2017-08-04 21:13:21', 'e04443c7-9c3d-4b32-b4a8-077988bb93b9'),
 ('6', 'Reports', 'reports', 'Local', '{\"path\":\"{basePath}assets\\/docs\\/reports\\/\",\"publicURLs\":\"1\",\"url\":\"{baseUrl}assets\\/docs\\/reports\\/\"}', '6', '93', '2017-08-11 15:56:53', '2017-08-11 15:56:53', '6d41fecf-2d87-45fd-96f9-342dfd7f002f'),
 ('7', 'Publications', 'publications', 'Local', '{\"path\":\"{basePath}assets\\/docs\\/publications\\/\",\"publicURLs\":\"1\",\"url\":\"{baseUrl}assets\\/docs\\/publications\\/\"}', '7', '97', '2017-08-11 16:33:23', '2017-08-11 16:33:23', '4b66e45c-c97c-4bbf-bc77-4100635209ce');



DROP TABLE IF EXISTS `craft_assettransformindex`;


--
-- Schema for table `craft_assettransformindex`
--
CREATE TABLE `craft_assettransformindex` (
  `id` int(11) NOT NULL AUTO_INCREMENT,
  `fileId` int(11) NOT NULL,
  `filename` varchar(255) COLLATE utf8_unicode_ci DEFAULT NULL,
  `format` varchar(255) COLLATE utf8_unicode_ci DEFAULT NULL,
  `location` varchar(255) COLLATE utf8_unicode_ci NOT NULL,
  `sourceId` int(11) DEFAULT NULL,
  `fileExists` tinyint(1) DEFAULT NULL,
  `inProgress` tinyint(1) DEFAULT NULL,
  `dateIndexed` datetime DEFAULT NULL,
  `dateCreated` datetime NOT NULL,
  `dateUpdated` datetime NOT NULL,
  `uid` char(36) COLLATE utf8_unicode_ci NOT NULL DEFAULT '0',
  PRIMARY KEY (`id`),
  KEY `craft_assettransformindex_sourceId_fileId_location_idx` (`sourceId`,`fileId`,`location`)
) ENGINE=InnoDB AUTO_INCREMENT=11 DEFAULT CHARSET=utf8 COLLATE=utf8_unicode_ci;

DROP TABLE IF EXISTS `craft_assettransforms`;


--
-- Schema for table `craft_assettransforms`
--
CREATE TABLE `craft_assettransforms` (
  `id` int(11) NOT NULL AUTO_INCREMENT,
  `name` varchar(255) COLLATE utf8_unicode_ci NOT NULL,
  `handle` varchar(255) COLLATE utf8_unicode_ci NOT NULL,
  `mode` enum('stretch','fit','crop') COLLATE utf8_unicode_ci NOT NULL DEFAULT 'crop',
  `position` enum('top-left','top-center','top-right','center-left','center-center','center-right','bottom-left','bottom-center','bottom-right') COLLATE utf8_unicode_ci NOT NULL DEFAULT 'center-center',
  `height` int(10) DEFAULT NULL,
  `width` int(10) DEFAULT NULL,
  `format` varchar(255) COLLATE utf8_unicode_ci DEFAULT NULL,
  `quality` int(10) DEFAULT NULL,
  `dimensionChangeTime` datetime DEFAULT NULL,
  `dateCreated` datetime NOT NULL,
  `dateUpdated` datetime NOT NULL,
  `uid` char(36) COLLATE utf8_unicode_ci NOT NULL DEFAULT '0',
  PRIMARY KEY (`id`),
  UNIQUE KEY `craft_assettransforms_name_unq_idx` (`name`),
  UNIQUE KEY `craft_assettransforms_handle_unq_idx` (`handle`)
) ENGINE=InnoDB AUTO_INCREMENT=3 DEFAULT CHARSET=utf8 COLLATE=utf8_unicode_ci;

--
-- Data for table `craft_assettransforms`
--

INSERT INTO `craft_assettransforms` (`id`, `name`, `handle`, `mode`, `position`, `height`, `width`, `format`, `quality`, `dimensionChangeTime`, `dateCreated`, `dateUpdated`, `uid`) VALUES
 ('1', 'bio photo', 'bioPhoto', 'crop', 'center-center', '220', '240', NULL, NULL, '2017-08-04 00:08:46', '2017-08-04 00:08:46', '2017-08-04 00:08:46', '46f4c7dc-3c11-4735-b2c6-f3d85f4538cb'),
 ('2', 'related photo', 'relatedPhoto', 'crop', 'center-center', '120', '120', NULL, NULL, '2017-08-07 14:55:00', '2017-08-07 14:33:33', '2017-08-07 14:55:00', '20ff15ae-b090-4c59-b838-4571af4cbd43');



DROP TABLE IF EXISTS `craft_categories`;


--
-- Schema for table `craft_categories`
--
CREATE TABLE `craft_categories` (
  `id` int(11) NOT NULL,
  `groupId` int(11) NOT NULL,
  `dateCreated` datetime NOT NULL,
  `dateUpdated` datetime NOT NULL,
  `uid` char(36) COLLATE utf8_unicode_ci NOT NULL DEFAULT '0',
  PRIMARY KEY (`id`),
  KEY `craft_categories_groupId_fk` (`groupId`)
) ENGINE=InnoDB DEFAULT CHARSET=utf8 COLLATE=utf8_unicode_ci;

DROP TABLE IF EXISTS `craft_categorygroups`;


--
-- Schema for table `craft_categorygroups`
--
CREATE TABLE `craft_categorygroups` (
  `id` int(11) NOT NULL AUTO_INCREMENT,
  `structureId` int(11) NOT NULL,
  `fieldLayoutId` int(11) DEFAULT NULL,
  `name` varchar(255) COLLATE utf8_unicode_ci NOT NULL,
  `handle` varchar(255) COLLATE utf8_unicode_ci NOT NULL,
  `hasUrls` tinyint(1) unsigned NOT NULL DEFAULT '1',
  `template` varchar(500) COLLATE utf8_unicode_ci DEFAULT NULL,
  `dateCreated` datetime NOT NULL,
  `dateUpdated` datetime NOT NULL,
  `uid` char(36) COLLATE utf8_unicode_ci NOT NULL DEFAULT '0',
  PRIMARY KEY (`id`),
  UNIQUE KEY `craft_categorygroups_name_unq_idx` (`name`),
  UNIQUE KEY `craft_categorygroups_handle_unq_idx` (`handle`),
  KEY `craft_categorygroups_structureId_fk` (`structureId`),
  KEY `craft_categorygroups_fieldLayoutId_fk` (`fieldLayoutId`)
) ENGINE=InnoDB DEFAULT CHARSET=utf8 COLLATE=utf8_unicode_ci;

DROP TABLE IF EXISTS `craft_categorygroups_i18n`;


--
-- Schema for table `craft_categorygroups_i18n`
--
CREATE TABLE `craft_categorygroups_i18n` (
  `id` int(11) NOT NULL AUTO_INCREMENT,
  `groupId` int(11) NOT NULL,
  `locale` char(12) COLLATE utf8_unicode_ci NOT NULL,
  `urlFormat` text COLLATE utf8_unicode_ci,
  `nestedUrlFormat` text COLLATE utf8_unicode_ci,
  `dateCreated` datetime NOT NULL,
  `dateUpdated` datetime NOT NULL,
  `uid` char(36) COLLATE utf8_unicode_ci NOT NULL DEFAULT '0',
  PRIMARY KEY (`id`),
  UNIQUE KEY `craft_categorygroups_i18n_groupId_locale_unq_idx` (`groupId`,`locale`),
  KEY `craft_categorygroups_i18n_locale_fk` (`locale`)
) ENGINE=InnoDB DEFAULT CHARSET=utf8 COLLATE=utf8_unicode_ci;

DROP TABLE IF EXISTS `craft_content`;


--
-- Schema for table `craft_content`
--
CREATE TABLE `craft_content` (
  `id` int(11) NOT NULL AUTO_INCREMENT,
  `elementId` int(11) NOT NULL,
  `locale` char(12) COLLATE utf8_unicode_ci NOT NULL,
  `title` varchar(255) COLLATE utf8_unicode_ci DEFAULT NULL,
  `field_body` text COLLATE utf8_unicode_ci,
  `field_teamMemberEmail` text COLLATE utf8_unicode_ci,
  `field_teamMemberPhone` text COLLATE utf8_unicode_ci,
  `field_teamMemberTitle` text COLLATE utf8_unicode_ci,
  `field_introTitle` text COLLATE utf8_unicode_ci,
  `field_indexIntro` text COLLATE utf8_unicode_ci,
  `field_teamMemberFirstName` text COLLATE utf8_unicode_ci,
  `field_teamMemberLastName` text COLLATE utf8_unicode_ci,
  `field_quoteTitle` varchar(40) COLLATE utf8_unicode_ci DEFAULT NULL,
  `field_quote` text COLLATE utf8_unicode_ci,
  `field_quotee` text COLLATE utf8_unicode_ci,
  `field_homepageFeatureImageCaption` varchar(200) COLLATE utf8_unicode_ci DEFAULT NULL,
  `field_quoteeTitle` text COLLATE utf8_unicode_ci,
  `field_clientName` text COLLATE utf8_unicode_ci,
  `field_duration` text COLLATE utf8_unicode_ci,
  `field_intro` text COLLATE utf8_unicode_ci,
  `field_summary` text COLLATE utf8_unicode_ci,
  `field_challenge` text COLLATE utf8_unicode_ci,
  `field_approach` text COLLATE utf8_unicode_ci,
  `field_projectName` text COLLATE utf8_unicode_ci,
  `field_areasOfExpertise` text COLLATE utf8_unicode_ci,
  `field_tagline` text COLLATE utf8_unicode_ci,
  `field_publicationName` text COLLATE utf8_unicode_ci,
  `field_equipmentIntro` text COLLATE utf8_unicode_ci,
  `field_fieldEquipment` text COLLATE utf8_unicode_ci,
  `field_laboratoryEquipment` text COLLATE utf8_unicode_ci,
  `field_firstColumnHeader` text COLLATE utf8_unicode_ci,
  `field_secondColumnHeader` text COLLATE utf8_unicode_ci,
  `field_thirdColumnHeader` text COLLATE utf8_unicode_ci,
  `field_location` text COLLATE utf8_unicode_ci,
  `dateCreated` datetime NOT NULL,
  `dateUpdated` datetime NOT NULL,
  `uid` char(36) COLLATE utf8_unicode_ci NOT NULL DEFAULT '0',
  PRIMARY KEY (`id`),
  UNIQUE KEY `craft_content_elementId_locale_unq_idx` (`elementId`,`locale`),
  KEY `craft_content_title_idx` (`title`),
  KEY `craft_content_locale_fk` (`locale`)
) ENGINE=InnoDB AUTO_INCREMENT=122 DEFAULT CHARSET=utf8 COLLATE=utf8_unicode_ci;

--
-- Data for table `craft_content`
--

INSERT INTO `craft_content` (`id`, `elementId`, `locale`, `title`, `field_body`, `field_teamMemberEmail`, `field_teamMemberPhone`, `field_teamMemberTitle`, `field_introTitle`, `field_indexIntro`, `field_teamMemberFirstName`, `field_teamMemberLastName`, `field_quoteTitle`, `field_quote`, `field_quotee`, `field_homepageFeatureImageCaption`, `field_quoteeTitle`, `field_clientName`, `field_duration`, `field_intro`, `field_summary`, `field_challenge`, `field_approach`, `field_projectName`, `field_areasOfExpertise`, `field_tagline`, `field_publicationName`, `field_equipmentIntro`, `field_fieldEquipment`, `field_laboratoryEquipment`, `field_firstColumnHeader`, `field_secondColumnHeader`, `field_thirdColumnHeader`, `field_location`, `dateCreated`, `dateUpdated`, `uid`) VALUES
 ('1', '1', 'en_us', NULL, NULL, NULL, NULL, NULL, NULL, NULL, NULL, NULL, NULL, NULL, NULL, NULL, NULL, NULL, NULL, NULL, NULL, NULL, NULL, NULL, NULL, NULL, NULL, NULL, NULL, NULL, NULL, NULL, NULL, NULL, '2017-07-26 23:54:37', '2017-07-26 23:54:37', 'a0b53b82-576a-44f2-8258-e4851858cfcc'),
 ('2', '2', 'en_us', 'Home', '<p>The Water Institute of the Gulf connects academic, public, and private research providers and conducts applied research to serve communities and industry. The Institute’s work helps ensure livable communities and a thriving economy and environment.</p>', NULL, NULL, NULL, 'Applied Research. Technical Support.', NULL, NULL, NULL, 'Dedicated to the future of our coast', 'We all know the statistics and the battle we face – seas are rising, land is subsiding, and coastal communities and business and industry are at risk. Bold action here in Louisiana and elsewhere is needed, and those decisions must be based on independent, sound science. In order to be successful, many diverse groups will have to come together.', 'Kevin Reilly, Jr.', 'Officials from the Institute and BRAF visit a site in Laraquette, Chile, with a Ph.D. student working on a thesis to maximize production and determine best methods for mussel aquaculture.', 'Chair of the Board', NULL, NULL, NULL, NULL, NULL, NULL, NULL, NULL, NULL, NULL, NULL, NULL, NULL, NULL, NULL, NULL, NULL, '2017-07-26 23:54:39', '2017-08-04 21:59:40', '849434bf-01bb-43ed-a696-0dac9dfd88fe'),
 ('5', '5', 'en_us', 'Test  Cv', NULL, NULL, NULL, NULL, NULL, NULL, NULL, NULL, NULL, NULL, NULL, NULL, NULL, NULL, NULL, NULL, NULL, NULL, NULL, NULL, NULL, NULL, NULL, NULL, NULL, NULL, NULL, NULL, NULL, NULL, '2017-07-27 22:43:00', '2017-08-04 20:59:45', '6ed7e5de-3c09-4649-9f14-2f20f0772120'),
 ('9', '9', 'en_us', 'Integrated Watershed Management', '<p>Details about this focus area. </p>', NULL, NULL, NULL, NULL, NULL, NULL, NULL, NULL, NULL, NULL, NULL, NULL, NULL, NULL, NULL, NULL, NULL, NULL, NULL, NULL, NULL, NULL, NULL, NULL, NULL, NULL, NULL, NULL, NULL, '2017-07-30 23:17:32', '2017-08-09 22:54:46', '3238bcf0-7950-4a10-8a52-9860eb081afd'),
 ('21', '21', 'en_us', 'Denise Reed Cv', NULL, NULL, NULL, NULL, NULL, NULL, NULL, NULL, NULL, NULL, NULL, NULL, NULL, NULL, NULL, NULL, NULL, NULL, NULL, NULL, NULL, NULL, NULL, NULL, NULL, NULL, NULL, NULL, NULL, NULL, '2017-08-04 00:38:31', '2017-08-04 20:59:44', '6b0459a1-ba4e-4cb1-9d23-20f74f39cc78'),
 ('23', '23', 'en_us', 'Cyndhia Ramatchandirane Cv', NULL, NULL, NULL, NULL, NULL, NULL, NULL, NULL, NULL, NULL, NULL, NULL, NULL, NULL, NULL, NULL, NULL, NULL, NULL, NULL, NULL, NULL, NULL, NULL, NULL, NULL, NULL, NULL, NULL, NULL, '2017-08-04 01:07:28', '2017-08-04 20:59:45', '6456a30f-1dc8-4ac4-88c5-be3a5f38ff2d'),
 ('24', '24', 'en_us', 'Ehab Meselhe CV', NULL, NULL, NULL, NULL, NULL, NULL, NULL, NULL, NULL, NULL, NULL, NULL, NULL, NULL, NULL, NULL, NULL, NULL, NULL, NULL, NULL, NULL, NULL, NULL, NULL, NULL, NULL, NULL, NULL, NULL, '2017-08-04 01:08:42', '2017-08-04 20:59:44', '18e057e3-9fa6-4788-82ff-02520e3eb7e0'),
 ('67', '67', 'en_us', 'Cyndhia  Ramatchchanderine Final', NULL, NULL, NULL, NULL, NULL, NULL, NULL, NULL, NULL, NULL, NULL, NULL, NULL, NULL, NULL, NULL, NULL, NULL, NULL, NULL, NULL, NULL, NULL, NULL, NULL, NULL, NULL, NULL, NULL, NULL, '2017-08-04 20:59:48', '2017-08-04 20:59:48', '911bc7f3-f182-4798-afd5-5da18fe7cc73'),
 ('68', '68', 'en_us', 'Ehab  Meselhe  Photo Ii  Final Web', NULL, NULL, NULL, NULL, NULL, NULL, NULL, NULL, NULL, NULL, NULL, NULL, NULL, NULL, NULL, NULL, NULL, NULL, NULL, NULL, NULL, NULL, NULL, NULL, NULL, NULL, NULL, NULL, NULL, NULL, '2017-08-04 20:59:48', '2017-08-04 20:59:48', 'd2a2cd9a-52dd-44bf-a4cd-a1109686b387'),
 ('69', '69', 'en_us', 'Jennifer  Butler  Final 2 Web', NULL, NULL, NULL, NULL, NULL, NULL, NULL, NULL, NULL, NULL, NULL, NULL, NULL, NULL, NULL, NULL, NULL, NULL, NULL, NULL, NULL, NULL, NULL, NULL, NULL, NULL, NULL, NULL, NULL, NULL, '2017-08-04 20:59:48', '2017-08-04 20:59:48', '01ac3fa2-43dc-4604-ab4a-ed3fc05d7fa7'),
 ('70', '70', 'en_us', 'Denise  Reed  Final Web', NULL, NULL, NULL, NULL, NULL, NULL, NULL, NULL, NULL, NULL, NULL, NULL, NULL, NULL, NULL, NULL, NULL, NULL, NULL, NULL, NULL, NULL, NULL, NULL, NULL, NULL, NULL, NULL, NULL, NULL, '2017-08-04 20:59:48', '2017-08-04 20:59:48', 'ae1a7e42-4361-484e-ba69-0f3f9deab55e'),
 ('71', '71', 'en_us', 'Justin Photo', NULL, NULL, NULL, NULL, NULL, NULL, NULL, NULL, NULL, NULL, NULL, NULL, NULL, NULL, NULL, NULL, NULL, NULL, NULL, NULL, NULL, NULL, NULL, NULL, NULL, NULL, NULL, NULL, NULL, NULL, '2017-08-04 20:59:48', '2017-08-04 20:59:49', '92ca0a9f-7df5-4ef5-8b43-f7f4a7ddde2b'),
 ('72', '72', 'en_us', 'Mead Allison Final', NULL, NULL, NULL, NULL, NULL, NULL, NULL, NULL, NULL, NULL, NULL, NULL, NULL, NULL, NULL, NULL, NULL, NULL, NULL, NULL, NULL, NULL, NULL, NULL, NULL, NULL, NULL, NULL, NULL, NULL, '2017-08-04 21:05:20', '2017-08-04 21:05:20', '7ffe50d1-017c-4be2-a324-ee7480024b81'),
 ('75', '75', 'en_us', 'Cyndhia  Ramatchchanderine Final', NULL, NULL, NULL, NULL, NULL, NULL, NULL, NULL, NULL, NULL, NULL, NULL, NULL, NULL, NULL, NULL, NULL, NULL, NULL, NULL, NULL, NULL, NULL, NULL, NULL, NULL, NULL, NULL, NULL, NULL, '2017-08-04 21:15:29', '2017-08-06 22:21:51', 'd1204873-f88d-497d-8206-d6b38c2642e4'),
 ('76', '76', 'en_us', 'Denise  Reed  Final Web', NULL, NULL, NULL, NULL, NULL, NULL, NULL, NULL, NULL, NULL, NULL, NULL, NULL, NULL, NULL, NULL, NULL, NULL, NULL, NULL, NULL, NULL, NULL, NULL, NULL, NULL, NULL, NULL, NULL, NULL, '2017-08-04 21:15:29', '2017-08-06 22:21:51', '2a47e6b6-3758-40d2-88fa-3f0b0615f035'),
 ('77', '77', 'en_us', 'Jennifer  Butler  Final 2 Web', NULL, NULL, NULL, NULL, NULL, NULL, NULL, NULL, NULL, NULL, NULL, NULL, NULL, NULL, NULL, NULL, NULL, NULL, NULL, NULL, NULL, NULL, NULL, NULL, NULL, NULL, NULL, NULL, NULL, NULL, '2017-08-04 21:15:30', '2017-08-06 22:21:51', '20be663f-1d08-4aee-aa1c-248d79e2a474'),
 ('78', '78', 'en_us', 'Ehab  Meselhe  Photo Ii  Final Web', NULL, NULL, NULL, NULL, NULL, NULL, NULL, NULL, NULL, NULL, NULL, NULL, NULL, NULL, NULL, NULL, NULL, NULL, NULL, NULL, NULL, NULL, NULL, NULL, NULL, NULL, NULL, NULL, NULL, NULL, '2017-08-04 21:15:30', '2017-08-06 22:21:51', '3ba790fe-f55b-41b6-a67f-97ad4bc44587'),
 ('79', '79', 'en_us', 'Justin Photo', NULL, NULL, NULL, NULL, NULL, NULL, NULL, NULL, NULL, NULL, NULL, NULL, NULL, NULL, NULL, NULL, NULL, NULL, NULL, NULL, NULL, NULL, NULL, NULL, NULL, NULL, NULL, NULL, NULL, NULL, '2017-08-04 21:15:30', '2017-08-06 22:21:51', '4aad148b-4b34-4e46-a761-23003197c395'),
 ('80', '80', 'en_us', 'Mead  Allison  Final', NULL, NULL, NULL, NULL, NULL, NULL, NULL, NULL, NULL, NULL, NULL, NULL, NULL, NULL, NULL, NULL, NULL, NULL, NULL, NULL, NULL, NULL, NULL, NULL, NULL, NULL, NULL, NULL, NULL, NULL, '2017-08-04 21:15:30', '2017-08-06 22:21:51', 'b08b53b3-e720-41fc-a5fa-48d767f6f127'),
 ('81', '81', 'en_us', 'Denise  Reed  Cv', NULL, NULL, NULL, NULL, NULL, NULL, NULL, NULL, NULL, NULL, NULL, NULL, NULL, NULL, NULL, NULL, NULL, NULL, NULL, NULL, NULL, NULL, NULL, NULL, NULL, NULL, NULL, NULL, NULL, NULL, '2017-08-04 21:15:30', '2017-08-06 22:21:51', '10995630-eada-4a0f-a3bd-88fef0e152c3'),
 ('82', '82', 'en_us', 'Ehab  Meselhe  Cv', NULL, NULL, NULL, NULL, NULL, NULL, NULL, NULL, NULL, NULL, NULL, NULL, NULL, NULL, NULL, NULL, NULL, NULL, NULL, NULL, NULL, NULL, NULL, NULL, NULL, NULL, NULL, NULL, NULL, NULL, '2017-08-04 21:15:30', '2017-08-06 22:21:52', '16b7ffdc-439d-40f7-8052-c3e36e57ebf2'),
 ('83', '83', 'en_us', 'Test  Cv', NULL, NULL, NULL, NULL, NULL, NULL, NULL, NULL, NULL, NULL, NULL, NULL, NULL, NULL, NULL, NULL, NULL, NULL, NULL, NULL, NULL, NULL, NULL, NULL, NULL, NULL, NULL, NULL, NULL, NULL, '2017-08-04 21:15:30', '2017-08-06 22:21:52', 'a8760572-29ac-4c9b-b93f-bac54feffa0e'),
 ('84', '84', 'en_us', 'Ramatchandirane  Cyndhia  Cv', NULL, NULL, NULL, NULL, NULL, NULL, NULL, NULL, NULL, NULL, NULL, NULL, NULL, NULL, NULL, NULL, NULL, NULL, NULL, NULL, NULL, NULL, NULL, NULL, NULL, NULL, NULL, NULL, NULL, NULL, '2017-08-04 21:15:30', '2017-08-06 22:21:52', 'a844f624-54b2-4b00-ac27-9635725a82dd'),
 ('85', '85', 'en_us', 'Img Chile', NULL, NULL, NULL, NULL, NULL, NULL, NULL, NULL, NULL, NULL, NULL, NULL, NULL, NULL, NULL, NULL, NULL, NULL, NULL, NULL, NULL, NULL, NULL, NULL, NULL, NULL, NULL, NULL, NULL, NULL, '2017-08-04 21:15:30', '2017-08-06 22:21:52', '25c3fcaf-d43b-4e59-8e24-39a0ec2b59df'),
 ('86', '86', 'en_us', 'Img Signature', NULL, NULL, NULL, NULL, NULL, NULL, NULL, NULL, NULL, NULL, NULL, NULL, NULL, NULL, NULL, NULL, NULL, NULL, NULL, NULL, NULL, NULL, NULL, NULL, NULL, NULL, NULL, NULL, NULL, NULL, '2017-08-04 21:35:28', '2017-08-06 22:21:52', 'e66ae38e-e13a-47de-a543-a33e0dd6e644'),
 ('87', '87', 'en_us', 'Cyndhia Ramatchandirane', '<p>Cyndhia Ramatchandirane is a Scientist Associate with The Water Institute. She has four years of experience studying and conducting fieldwork across coastal Louisiana, generally examining fluvial sediment delivery in tidal marsh systems. Her research interests include coastal restoration and water resources science and management, as well as sediment and freshwater exchange between deltas and coastal basins and margins. In addition to science, she has broad interest in effective environmental science communication and education.</p>\n<p>While at The Water Institute, Ramatchandirane has participated in many field data collection activities with the Physical Processes and Sediment Dynamics group led by Director Mead Allison. One of her main tasks was to collect and post-process data for the Calcasieu Ship Channel Salinity Control Structure project. Currently, she is most heavily involved with the data collection and processing for the Basin-Wide Modeling of the Delta Management project.</p>\n<p>Prior to joining the Institute, Ramatchandirane researched Chenier Plain wetland development, with an emphasis on sediment exchange along the southwest Louisiana coastal zone. Her undergraduate studies and research experiences were also focused on coastal processes and wetland science.</p>\n<p>She received her Bachelor’s degree in Geosciences from Wellesley College and obtained her Master’s degree in Earth and Environmental Sciences from Tulane University.</p>', 'cyndia.ramatchandirane@thewaterinstitute.org', '225.448.2813', 'Scientist Associate', NULL, NULL, 'Cyndhia', 'Ramatchandirane', NULL, NULL, NULL, NULL, NULL, NULL, NULL, NULL, NULL, NULL, NULL, NULL, '', NULL, NULL, NULL, NULL, NULL, NULL, NULL, NULL, NULL, '2017-08-06 17:43:08', '2017-08-14 15:38:55', '53433b50-2323-4841-9a47-ab3b3a16a32d'),
 ('88', '88', 'en_us', 'Technical Team', '<h2>Our Technical Team</h2>\n<p>The Water Institute of the Gulf is distinguished  by its staff of acknowledged leaders with proven expertise. For a list of areas of expertise for each staff member, click here.</p>', NULL, NULL, NULL, NULL, NULL, NULL, NULL, NULL, NULL, NULL, NULL, NULL, NULL, NULL, NULL, NULL, NULL, NULL, NULL, NULL, NULL, NULL, NULL, NULL, NULL, NULL, NULL, NULL, NULL, '2017-08-06 17:44:58', '2017-08-10 01:15:02', '79ec50e3-2637-4c5a-9ed7-db1ff0ece6af'),
 ('89', '89', 'en_us', 'Denise Reed', '<p>Denise Reed, Ph.D., is a nationally and internationally recognized expert in coastal marsh sustainability and the role of human activities in modifying coastal systems. She has studied coastal issues in the United States and around the world for more than 30 years.</p>\n<p>Dr. Reed has worked closely with Louisiana’s state government in developing coastal restoration plans, including the 2012 and 2017 Coastal Master Plans. Her experience includes field research on the response of coastal wetlands to sea level rise, ecosystem restoration and planning in the California Bay Delta, and advisory roles involving many federal water resource planning issues including post-Sandy work in the northeast and restoration planning in Puget Sound. She has served on numerous boards and panels addressing the effects of human alterations on coastal environments and the role of science in guiding restoration, including a number of National Research Council, now the National Academies for Science, Engineering and Medicine, committees.</p>\n<p>Prior to joining The Water Institute of the Gulf, Dr. Reed served as a University Research Professor in the University of New Orleans’ Department of Earth and Environmental Sciences.</p>\n<p>She currently serves on the NOAA Science Advisory Board and is a member of the Committee on Independent Scientific Review of Everglades Restoration Progress. She earned a bachelor\'s and doctoral degree in geography from the University of Cambridge.</p>', 'denise.reed@thewaterinstitute.org', '225.448.2813', 'Vice President for Strategic Research Initiatives', NULL, NULL, 'Denise', 'Reed', NULL, NULL, NULL, NULL, NULL, NULL, NULL, NULL, NULL, NULL, NULL, NULL, '<ul><li>Integrated water resources management</li><li>Coastal policy &amp; planning </li><li>Climate change </li><li>Science communication</li></ul>', NULL, NULL, NULL, NULL, NULL, NULL, NULL, NULL, NULL, '2017-08-06 19:36:38', '2017-08-14 13:46:20', '1070f4d2-a1dc-48b1-8dc2-3489eb7709c0'),
 ('90', '90', 'en_us', 'Mead Allison', '<p>An expert on river, deltaic and coastal sedimentary processes, Mead Allison, Ph.D., has researched river delta systems for nearly 25 years. He is one of the foremost experts on the Mississippi River’s sediment transport processes.</p>\n<p>Prior to joining The Water Institute of the Gulf, he served the University of Texas as Associate Director and Senior Research Scientist at the Jackson School of Geosciences’ Institute for Geophysics.\nDr. Allison has held faculty positions at Tulane University’s Department of Earth and Environmental Sciences and at Texas A&amp;M University’s Department of Oceanography.</p>\n<p>He earned a Bachelor’s degree in Geology from the College of William &amp; Mary, a Master’s in Geology from East Carolina University and a Doctorate in Oceanography from State University of New York, Stony Brook. He studied at the University of Paris as a J. William Fulbright Fellow and was a Post-Doctoral Scholar at Woods Hole Oceanographic Institution.</p>\n<p>Since joining the Institute in early 2013, Dr. Allison and his group (Physical Processes and Sediment Systems) have undertaken a series of observational in support of coastal restoration efforts for the State of Louisiana. These include process studies of the Calcasieu Ship Channel, the West Bay Diversion, the Mississippi River channel, and Barataria Basin and Breton Sound. The basin studies are in support of research to examine the effects of large proposed river diversions.</p>\n<p>Dr. Allison’s group has also initiated studies of the Mekong River channel in Vietnam funded by the Office of Naval Research and the sediment budget of the middle Mississippi River reach funded by the U.S. Army Corps of Engineers.</p>\n<p>In addition to his responsibilities at the Institute, Dr. Allison is Professor of Earth &amp; Environmental Sciences at Tulane University in New Orleans.</p>', 'mead.allison@thewaterinstitute.org', '225.448.2813', 'Director of Physical Processes & Sediment Systems', NULL, NULL, 'Mead', 'Allison', NULL, NULL, NULL, NULL, NULL, NULL, NULL, NULL, NULL, NULL, NULL, NULL, '<ul><li>Sediment availability &amp; management</li><li>Subsidence </li><li>Water &amp; soil quality</li></ul>', NULL, NULL, NULL, NULL, NULL, NULL, NULL, NULL, NULL, '2017-08-06 19:38:11', '2017-08-09 22:48:20', '84db399b-8ee0-4833-bd1d-5c7276b23bb6'),
 ('91', '91', 'en_us', 'Understanding Change in Fisheries', NULL, NULL, NULL, NULL, NULL, NULL, NULL, NULL, NULL, NULL, NULL, NULL, NULL, 'Client Name', '2 Years', 'This project examines historical change as well as current natural variation in the abundance and distribution of native resident and estuarine-dependent fisheries species. The aim is to better understand fisheries’ resilience to short- or long-term perturbations in coastal conditions. Existing data on fisheries\' response to diversions is being studied to ensure this research embraces a broad range of conditions and/or project effects. This project is geared toward providing reasonable expectations of the future dynamics of key species.', NULL, '<p>Lorem ipsum dolor sit amet, consectetur adipiscing elit, sed do eiusmod tempor incididunt ut labore et dolore magna aliqua. Ut enim ad minim veniam, quis nostrud exercitation ullamco laboris nisi ut aliquip ex ea commodo consequat. Duis aute irure dolor in reprehenderit in voluptate velit esse cillum dolore eu fugiat nulla pariatur. Excepteur sint occaecat cupidatat non proident, sunt in culpa qui officia deserunt mollit anim id est laborum.</p>', '<p>Ut ut massa sit amet eros auctor sagittis sed ac odio. Sed at dui rutrum, sodales nibh eget, euismod risus. Curabitur libero nunc, porta ac felis a, feugiat feugiat sapien. Cras ac aliquet augue. Vestibulum ultrices mi ut convallis egestas. Maecenas malesuada nisi ac dui consectetur vulputate. Phasellus vel risus lorem. Donec tristique tortor nisl, et interdum ante sodales vitae. Aenean egestas imperdiet pretium. Nunc lorem ex, vehicula ac rutrum id, molestie sit amet sem. Quisque eget pretium augue. Sed sit amet porttitor ligula. Ut at congue nisl, sed sagittis risus. Fusce feugiat, dui nec imperdiet ornare, est felis ullamcorper nulla, non aliquet ante nunc sit amet urna. Curabitur consectetur efficitur ante et mattis.</p>\n<p>In hac habitasse platea dictumst. Duis non accumsan felis. Proin ultricies orci sapien, vel iaculis quam ultricies non. Donec molestie, nulla sit amet pulvinar cursus, massa lectus euismod nisi, at pulvinar sapien mi non quam. Integer tristique eleifend ligula, fringilla iaculis ipsum iaculis tristique. Fusce bibendum enim lacus. Aliquam leo ligula, ullamcorper quis magna id, fermentum imperdiet lacus. Ut ut lectus placerat, vestibulum neque in, volutpat leo. Aliquam ac dolor vitae tellus consequat imperdiet. Vivamus semper consectetur rutrum. Pellentesque habitant morbi tristique senectus et netus et malesuada fames ac turpis egestas. Praesent sed pharetra purus, et iaculis augue. Etiam ultrices egestas varius.</p>', 'Understanding Change in Fisheries', NULL, NULL, NULL, NULL, NULL, NULL, NULL, NULL, NULL, NULL, '2017-08-06 22:21:01', '2017-08-09 22:31:43', '4ae67a75-29f5-453d-96fe-aafa47c51019'),
 ('92', '92', 'en_us', 'Img Feature Project', NULL, NULL, NULL, NULL, NULL, NULL, NULL, NULL, NULL, NULL, NULL, NULL, NULL, NULL, NULL, NULL, NULL, NULL, NULL, NULL, NULL, NULL, NULL, NULL, NULL, NULL, NULL, NULL, NULL, NULL, '2017-08-06 22:22:12', '2017-08-06 22:22:12', '8269837d-5d3c-4b2a-92ca-2a5501dd1194'),
 ('94', '94', 'en_us', 'Img Feature Project 2', NULL, NULL, NULL, NULL, NULL, NULL, NULL, NULL, NULL, NULL, NULL, NULL, NULL, NULL, NULL, NULL, NULL, NULL, NULL, NULL, NULL, NULL, NULL, NULL, NULL, NULL, NULL, NULL, NULL, NULL, '2017-08-08 19:45:24', '2017-08-08 19:45:24', 'ff5a9ab4-1097-4c8b-86fa-14f939714e49'),
 ('95', '95', 'en_us', 'Sediment Availability and Management', NULL, NULL, NULL, NULL, NULL, NULL, NULL, NULL, NULL, NULL, NULL, NULL, NULL, 'Client Name', '2 Years', 'Restoration of coastal Louisiana’s wetlands depends on sediment availability and the effective management of all sediment resources, including riverine sediment, in-system sediment from coastal bays and channels, and offshore sand that can be used for restoring barrier islands and wetlands. This project identifies sediment resources that can be used for restoration and protection without causing adverse ecological or economic consequences. The research involves improving the estimation of sediment budgets and predicting how sediment naturally moves from one location to another in rivers, along the barrier shoreline, and in bays and wetlands.', NULL, '<p>Lorem ipsum dolor sit amet, consectetur adipiscing elit, sed do eiusmod tempor incididunt ut labore et dolore magna aliqua. Ut enim ad minim veniam, quis nostrud exercitation ullamco laboris nisi ut aliquip ex ea commodo consequat. Duis aute irure dolor in reprehenderit in voluptate velit esse cillum dolore eu fugiat nulla pariatur. Excepteur sint occaecat cupidatat non proident, sunt in culpa qui officia deserunt mollit anim id est laborum.</p>', '<p>Ut ut massa sit amet eros auctor sagittis sed ac odio. Sed at dui rutrum, sodales nibh eget, euismod risus. Curabitur libero nunc, porta ac felis a, feugiat feugiat sapien. Cras ac aliquet augue. Vestibulum ultrices mi ut convallis egestas. Maecenas malesuada nisi ac dui consectetur vulputate. Phasellus vel risus lorem. Donec tristique tortor nisl, et interdum ante sodales vitae. Aenean egestas imperdiet pretium. Nunc lorem ex, vehicula ac rutrum id, molestie sit amet sem. Quisque eget pretium augue. Sed sit amet porttitor ligula. Ut at congue nisl, sed sagittis risus. Fusce feugiat, dui nec imperdiet ornare, est felis ullamcorper nulla, non aliquet ante nunc sit amet urna. Curabitur consectetur efficitur ante et mattis.</p>\n<p>In hac habitasse platea dictumst. Duis non accumsan felis. Proin ultricies orci sapien, vel iaculis quam ultricies non. Donec molestie, nulla sit amet pulvinar cursus, massa lectus euismod nisi, at pulvinar sapien mi non quam. Integer tristique eleifend ligula, fringilla iaculis ipsum iaculis tristique. Fusce bibendum enim lacus. Aliquam leo ligula, ullamcorper quis magna id, fermentum imperdiet lacus. Ut ut lectus placerat, vestibulum neque in, volutpat leo. Aliquam ac dolor vitae tellus consequat imperdiet. Vivamus semper consectetur rutrum. Pellentesque habitant morbi tristique senectus et netus et malesuada fames ac turpis egestas. Praesent sed pharetra purus, et iaculis augue. Etiam ultrices egestas varius.</p>', 'Sediment Availability and Management', NULL, NULL, NULL, NULL, NULL, NULL, NULL, NULL, NULL, NULL, '2017-08-08 19:45:36', '2017-08-09 22:31:43', '1ea61bc2-655c-461a-9b4e-c212aa6cf721'),
 ('96', '96', 'en_us', 'Ehab Meselhe', '<p>Ehab Meselhe, Ph.D., P.E., has more than 20 years of experience researching coastal wetland hydrology, sediment transport, and computer modeling of coastal wetland, estuarine, and riverine systems. His multi-layered background includes work as an educator, researcher, and practitioner with extensive experience working with academic institutions, government agencies, and the private sector. He has been heavily involved in large-scale coastal ecosystem restoration programs in south Louisiana and the Florida Everglades.</p>\n<p>As the Institute’s former Director of Natural Systems, Dr. Meselhe served as Louisiana’s technical lead for the Mississippi River Hydrodynamic and Delta Management Study and helped build the numerical models that provided a foundation for Louisiana’s 2017 Coastal Master Plan. Dr. Meselhe is heavily involved in the numerical modeling being used by Louisiana to help refine the design of sediment diversions at Mid-Barataria and Mid-Breton along the Mississippi River. </p>\n<p>Prior to joining The Water Institute of the Gulf, Dr. Meselhe directed the Institute of Coastal Ecology and Engineering at the University of Louisiana-Lafayette, where he also served as distinguished professor for the Department of Civil Engineering. During his tenure at UL Lafayette, he established and sustained an externally funded research program from federal and state agencies. He is a registered Professional Engineer in the sates of Iowa, Louisiana, Texas, and Arkansas. He also served as an Associate Editor of the Journal of Hydrology (Elsevier), and the Journal of Hydraulic Research (International Association of Hydraulic Research).</p>', 'ehab.meselhe@thewaterinstitute.org', '225.448.2813', 'Vice President for Science and Engineering', NULL, NULL, 'Ehab', 'Meselhe', NULL, NULL, NULL, NULL, NULL, NULL, NULL, NULL, NULL, NULL, NULL, NULL, '<ul><li>Hydro-Ecological Modeling</li><li>Sediment Transport</li><li>Hydraulic Engineering</li></ul>', NULL, NULL, NULL, NULL, NULL, NULL, NULL, NULL, NULL, '2017-08-08 19:47:52', '2017-08-09 22:48:20', '8b18e57c-1b1e-43aa-a9bc-0ef60737a387'),
 ('97', '97', 'en_us', 'Vegetation and Climate Change', NULL, NULL, NULL, NULL, NULL, NULL, NULL, NULL, NULL, NULL, NULL, NULL, NULL, 'Client Name', '2 Years', NULL, '<p>As a low-lying deltaic area, Louisiana’s coast is among the most vulnerable regions in the world to climate change. This project synthesizes the current knowledge of the effects of climate change on coastal vegetation, including sea-level rise, temperature increases, and changes in rainfall patterns. Several specific questions are being examined through data synthesis, field and laboratory research, and preliminary modeling.</p>', NULL, NULL, 'Vegetation and Climate Change', NULL, NULL, NULL, NULL, NULL, NULL, NULL, NULL, NULL, NULL, '2017-08-08 20:34:40', '2017-08-09 22:34:51', 'd0ad5dd9-103a-48d3-9152-8cfd252a8499'),
 ('98', '98', 'en_us', 'Carruthers Cv 2017', NULL, NULL, NULL, NULL, NULL, NULL, NULL, NULL, NULL, NULL, NULL, NULL, NULL, NULL, NULL, NULL, NULL, NULL, NULL, NULL, NULL, NULL, NULL, NULL, NULL, NULL, NULL, NULL, NULL, NULL, '2017-08-08 20:43:07', '2017-08-08 20:43:07', '8edc2a92-497d-48f8-8e27-85ca5a2db901'),
 ('99', '99', 'en_us', 'Tim Carruthers Final Web', NULL, NULL, NULL, NULL, NULL, NULL, NULL, NULL, NULL, NULL, NULL, NULL, NULL, NULL, NULL, NULL, NULL, NULL, NULL, NULL, NULL, NULL, NULL, NULL, NULL, NULL, NULL, NULL, NULL, NULL, '2017-08-08 20:45:17', '2017-08-08 20:45:17', '2024f58c-0148-4195-99de-bed4fafe86bb'),
 ('100', '100', 'en_us', 'Tim Carruthers', '<p>Tim Carruthers, Ph.D. has a strong international reputation from more than 20 years working in coastal ecology, focusing on human impacts and management. His work has focused on assessing and leveraging ecosystem conditions to enhance adaptation to coastal change.  He brings specific experience in developing ecosystem health indicators and solving problems by focusing on systems analysis.</p>\n<p>Before joining The Water Institute, Carruthers worked for the Secretariat of the Pacific Regional Environment Programme, as the Coastal and Marine Advisor, based in Samoa, providing marine management support to 21 Pacific Island countries and territories. A large component of this work was developing and implementing approaches for preservation or restoration of natural ecosystems to increase resilience of vulnerable coastal communities.</p>\n<p>Carruthers has developed approaches to ecosystem condition assessment, and global syntheses of seagrass trends and processes. Synthesizing knowledge for communication to broad audiences, including coastal citizens, policy-makers and scientific colleagues, has been an ongoing focus throughout his career.</p>\n<p>Currently, Carruthers is leading the Coastal Ecology Program in projects supporting integration of physical and ecosystem models, assessing and quantifying ecosystem function of submerged and emergent coastal habitats, and linking ecosystem functions to community needs and uses of ecosystem services.</p>', 'tcarruthers@thewaterinstitute.org', '225.448.2813', 'Director of Coastal Ecology', NULL, NULL, 'Tim', 'Carruthers', NULL, NULL, NULL, NULL, NULL, NULL, NULL, NULL, NULL, NULL, NULL, NULL, '<ul><li>Ecosystem approaches for building resilience</li><li>Coastal and seagrass ecology</li><li>Synthesis and integration</li><li>Science communication</li></ul>', NULL, NULL, NULL, NULL, NULL, NULL, NULL, NULL, NULL, '2017-08-08 20:46:05', '2017-08-09 22:48:20', '3edbaf44-8267-4a10-b2b3-2a4210a19bc1'),
 ('101', '101', 'en_us', 'Focus Areas', NULL, NULL, NULL, NULL, NULL, NULL, NULL, NULL, NULL, NULL, NULL, NULL, NULL, NULL, NULL, NULL, NULL, NULL, NULL, NULL, NULL, NULL, NULL, NULL, NULL, NULL, NULL, NULL, NULL, NULL, '2017-08-09 20:23:47', '2017-08-09 20:42:46', 'dd6a6ed3-6e29-4aca-a7d8-a41235cf322c'),
 ('102', '102', 'en_us', 'Technical Team', NULL, NULL, NULL, NULL, NULL, NULL, NULL, NULL, NULL, NULL, NULL, NULL, NULL, NULL, NULL, NULL, NULL, NULL, NULL, NULL, NULL, NULL, NULL, NULL, NULL, NULL, NULL, NULL, NULL, NULL, '2017-08-09 20:43:15', '2017-08-09 20:43:15', '3a22ac54-525d-4425-81aa-cd41265fcfbb'),
 ('103', '103', 'en_us', 'Denise Reed', NULL, NULL, NULL, NULL, NULL, NULL, NULL, NULL, NULL, NULL, NULL, NULL, NULL, NULL, NULL, NULL, NULL, NULL, NULL, NULL, NULL, NULL, NULL, NULL, NULL, NULL, NULL, NULL, NULL, NULL, '2017-08-09 20:43:33', '2017-08-09 20:43:33', '4b5e28c4-b21e-43e0-8869-39e700effc91'),
 ('104', '104', 'en_us', 'Focus Areas', NULL, NULL, NULL, NULL, NULL, NULL, NULL, NULL, NULL, NULL, NULL, NULL, NULL, NULL, NULL, NULL, NULL, NULL, NULL, NULL, NULL, NULL, NULL, NULL, NULL, NULL, NULL, NULL, NULL, NULL, '2017-08-09 21:16:37', '2017-08-09 21:16:37', '5088f7dc-8af0-41ab-a30e-70c328b908f0'),
 ('105', '105', 'en_us', 'Projects', '<h2>OUR PROJECTS</h2>\n<p>The section offers access to details about the wide ranging work that has been completed or is being undertaken by The Water Institute of the Gulf. By design, many of our projects are multidisciplinary and multifaceted. Thus, when using the search function below, you may notice individual projects appearing under multiple search criteria.</p>', NULL, NULL, NULL, NULL, NULL, NULL, NULL, NULL, NULL, NULL, NULL, NULL, NULL, NULL, NULL, NULL, NULL, NULL, NULL, NULL, NULL, NULL, NULL, NULL, NULL, NULL, NULL, NULL, NULL, '2017-08-09 22:34:21', '2017-08-09 22:35:52', '9b7661e6-6408-4b55-96e0-adc96128fb8a'),
 ('106', '106', 'en_us', 'Natural Systems Modeling', '<p>Details about this focus area.</p>', NULL, NULL, NULL, NULL, NULL, NULL, NULL, NULL, NULL, NULL, NULL, NULL, NULL, NULL, NULL, NULL, NULL, NULL, NULL, NULL, NULL, NULL, NULL, NULL, NULL, NULL, NULL, NULL, NULL, '2017-08-09 22:55:04', '2017-08-09 22:55:04', '9ace3529-91bc-4c56-b6f1-665e7eeeaaf9'),
 ('107', '107', 'en_us', 'Community Resilience', '<p>Details about this focus area.</p>', NULL, NULL, NULL, NULL, NULL, NULL, NULL, NULL, NULL, NULL, NULL, NULL, NULL, NULL, NULL, NULL, NULL, NULL, NULL, NULL, NULL, NULL, NULL, NULL, NULL, NULL, NULL, NULL, NULL, '2017-08-09 22:55:27', '2017-08-09 22:55:27', '156a6220-048f-4308-afe2-727017453f4a'),
 ('108', '108', 'en_us', 'Coastal & Deltaic Dynamics', '<p>Details about this focus area</p>', NULL, NULL, NULL, NULL, NULL, NULL, NULL, NULL, NULL, NULL, NULL, NULL, NULL, NULL, NULL, NULL, NULL, NULL, NULL, NULL, NULL, NULL, NULL, NULL, NULL, NULL, NULL, NULL, NULL, '2017-08-09 22:56:10', '2017-08-09 22:56:10', '91d8a872-3dbf-4b20-958a-04ea9d3de930'),
 ('109', '109', 'en_us', 'Coastal Adaptation', '<p>Details about this focus area.</p>', NULL, NULL, NULL, NULL, NULL, NULL, NULL, NULL, NULL, NULL, NULL, NULL, NULL, NULL, NULL, NULL, NULL, NULL, NULL, NULL, NULL, NULL, NULL, NULL, NULL, NULL, NULL, NULL, NULL, '2017-08-09 22:56:31', '2017-08-09 22:56:31', '0d7016e6-f93a-4da4-b8ee-f75301f97cb8'),
 ('110', '110', 'en_us', NULL, NULL, NULL, NULL, NULL, NULL, NULL, NULL, NULL, NULL, NULL, NULL, NULL, NULL, NULL, NULL, NULL, NULL, NULL, NULL, NULL, NULL, 'Because life Happens at the water\'s edge', NULL, NULL, NULL, NULL, 'About', 'Technical Team', 'Connect', '1156 River Rd\r\nBaton Rouge, LA\r\n70802', '2017-08-10 01:24:42', '2017-08-16 00:14:39', '177cd1e7-263f-4de7-9e88-9afb5a9ed817'),
 ('111', '111', 'en_us', 'Changing Restoration Costs Methodology September 2016', NULL, NULL, NULL, NULL, NULL, NULL, NULL, NULL, NULL, NULL, NULL, NULL, NULL, NULL, NULL, NULL, NULL, NULL, NULL, NULL, NULL, NULL, NULL, NULL, NULL, NULL, NULL, NULL, NULL, NULL, '2017-08-11 16:03:33', '2017-08-11 16:03:33', '5e29a190-37ca-455d-81e9-ccbfdea6b1fb'),
 ('112', '112', 'en_us', 'Changing Restoration Costs Summary Findings September 2016', NULL, NULL, NULL, NULL, NULL, NULL, NULL, NULL, NULL, NULL, NULL, NULL, NULL, NULL, NULL, NULL, NULL, NULL, NULL, NULL, NULL, NULL, NULL, NULL, NULL, NULL, NULL, NULL, NULL, NULL, '2017-08-11 16:03:33', '2017-08-11 16:03:33', 'cbd9825a-c746-4a5c-9ccc-1d34dcd99ca2'),
 ('113', '113', 'en_us', 'Changing Restoration Costs Summary Presentation September 2016', NULL, NULL, NULL, NULL, NULL, NULL, NULL, NULL, NULL, NULL, NULL, NULL, NULL, NULL, NULL, NULL, NULL, NULL, NULL, NULL, NULL, NULL, NULL, NULL, NULL, NULL, NULL, NULL, NULL, NULL, '2017-08-11 16:03:34', '2017-08-11 16:03:34', '079e4e20-16ef-47ea-ba74-4840b4f4e20e'),
 ('114', '114', 'en_us', 'Future Costs of Marsh Creation Projects in Coastal Louisiana', NULL, NULL, NULL, NULL, NULL, NULL, NULL, NULL, NULL, NULL, NULL, NULL, NULL, 'Coast Builders Coalition', '2 Years', NULL, '<p>This study looks at how costs of marsh creation can change over time and some of the factors that influence those changes. Done for the Coast Builders Coalition and the Restore the Mississippi River Delta Coalition, the study looked at seven sites and considered multiple possible scenarios for sea level rise, inflation rates, and two different criteria for fill depth. Using this information, the report examines how cost savings could be achieved and how either borrowing money or investing it could alter the timing of restoration and construction costs.</p>', NULL, NULL, NULL, NULL, NULL, NULL, NULL, NULL, NULL, NULL, NULL, NULL, NULL, '2017-08-11 16:03:42', '2017-08-15 22:01:16', '48d58dcd-8252-4ba5-b432-2b8d4e6358b0'),
 ('115', '115', 'en_us', 'Reports', '<h2>Reports</h2>\n<p>Spanning an array of subjects and formats, The Water Institute of the Gulf’s reports provide an in-depth look at the work we do. Please refer to <a href=\"/projects\">Our Projects</a> to learn more about individual projects.</p>', NULL, NULL, NULL, NULL, NULL, NULL, NULL, NULL, NULL, NULL, NULL, NULL, NULL, NULL, NULL, NULL, NULL, NULL, NULL, NULL, NULL, NULL, NULL, NULL, NULL, NULL, NULL, NULL, NULL, '2017-08-11 16:08:53', '2017-08-11 16:09:58', 'd5b218c7-94b9-40d1-b296-ca4eaf5c235f'),
 ('116', '116', 'en_us', 'Allison West Bay', NULL, NULL, NULL, NULL, NULL, NULL, NULL, NULL, NULL, NULL, NULL, NULL, NULL, NULL, NULL, NULL, NULL, NULL, NULL, NULL, NULL, NULL, NULL, NULL, NULL, NULL, NULL, NULL, NULL, NULL, '2017-08-11 16:37:51', '2017-08-15 23:09:01', '0ed00f3e-b4d5-4f03-b816-88e3c349e485'),
 ('117', '117', 'en_us', 'Particle tracking to examine sediment dynamics in a Mississippi River delta diversion', NULL, NULL, NULL, NULL, NULL, NULL, NULL, NULL, NULL, NULL, NULL, NULL, NULL, NULL, NULL, NULL, '<p>In this article, \"Observational and numerical particle tracking to examine sediment dynamics in a Mississippi River delta diversion,\" the authors use observational and numerical particle tracking to investigate the behavior of riverine sand and silt as it enters and passes through the West Bay diversion receiving-basin located on the lowermost Mississippi River delta, USA. River diversions may serve as useful restoration tools along coastal deltas experiencing land loss due to high rates of relative sea-level rise and the disruption of natural sediment supply. Diversions mitigate land loss by serving as new sediment sources for land building areas in basins proximal to river channels. However, because of the paucity of active diversions, little is known about how diversion receiving-basins evacuate or retain the sediment required to build new land.</p>', NULL, NULL, NULL, NULL, NULL, 'Estuarine, Coastal and Shelf Science', NULL, NULL, NULL, NULL, NULL, NULL, NULL, '2017-08-11 16:38:09', '2017-08-15 23:09:02', '26333212-1e7e-442a-94b7-a2bc016ee21a'),
 ('118', '118', 'en_us', 'Our Publications', '<h2>Publications</h2>\n<p>The Water Institute produces a range of scientific publications. In this way, we contribute to the state of the science, communicating cutting edge ideas to a broad technical audience.</p>', NULL, NULL, NULL, NULL, NULL, NULL, NULL, NULL, NULL, NULL, NULL, NULL, NULL, NULL, NULL, NULL, NULL, NULL, NULL, NULL, NULL, NULL, NULL, NULL, NULL, NULL, NULL, NULL, NULL, '2017-08-11 16:41:46', '2017-08-11 16:41:46', '91d81bca-dc2a-4c54-816d-e2c8cce03c3d'),
 ('119', '121', 'en_us', 'Capabilities', '<p>Using an integrated approach, The Water Institute of the Gulf provides a suite of capabilities from large-scale plans and decision-support tools to targeted research and technical reviews. Collaboration across disciplines allows the Institute to provide a more holistic approach to problem solving, incorporating large and small scale integrated physical-ecological modeling, sediment and geomorphological processes, coastal ecological systems understanding and community based analysis.</p>\n<p>Whether in the field collecting information, in the lab analyzing results, or through the world-class numerical modeling, the Institute’s strength comes not only from the world class researchers, but from the integrated way we approach applied research and problem solving.</p>\n<p>In addition to the work the Institute has done on bathemetry, sediment transport and hydrology in support of Louisiana’s sediment diversion plans, the Institute has also been involved in evaluating waterflow needs for ecosystem stability and real-time flood forecasting tools that take local river and floodways into account. The Institute’s strength comes not only from the world class researchers, but from the integrated way we approach applied research and problem solving.</p>', NULL, NULL, NULL, NULL, NULL, NULL, NULL, NULL, NULL, NULL, NULL, NULL, NULL, NULL, NULL, NULL, NULL, NULL, NULL, NULL, NULL, NULL, NULL, NULL, NULL, NULL, NULL, NULL, NULL, '2017-08-13 01:50:52', '2017-08-13 22:05:00', 'f2ef0bb8-5c37-4e58-9929-19a2f0cf26e6'),
 ('120', '130', 'en_us', 'Equipment', NULL, NULL, NULL, NULL, NULL, NULL, NULL, NULL, NULL, NULL, NULL, NULL, NULL, NULL, NULL, NULL, NULL, NULL, NULL, NULL, NULL, NULL, NULL, 'Lorem ipsum dolor sit amet, consectetuer adipiscing elit, sed diam nonummy nibh euismod tincidunt ut laoreet dolore magna aliquam erat volutpat. Ut wisi enim ad', '<h2>Field</h2>\n<h3 class=\"secondary-head\">Boats</h3>\n<ul><li>R/V Itasca<ul><li>25-foot Scully\'s aluminum workboat with cabin and davit arm, 2x 115 HP Honda outboard motors</li>\n								</ul></li>\n								<li>R/V Silver Mullet<ul><li>20-foot Scully\'s aluminum shallow draft hull with hard T-top and davit arm, 1x 150 HP Yamaha outboard motor</li>\n								</ul></li>\n								</ul><h3 class=\"secondary-head\">Bathymetry/ Topography/ Elevation/ Navigation:</h3>\n<ul><li>Reson Seabat 7125 Multibeam</li>\n							<li>R2 Sonic 2020 Multibeam</li>\n							<li>Ohmex Sonarmite Single Beam</li>\n							<li>Trimble R8 dual frequency survey grade GPS system with Real Time Kinematic (RTK) capability</li>\n							<li>MDL Dynascan M150 LiDAR</li>\n							<li>Applanix POS MV inertial navigation system</li>\n						</ul><h3 class=\"secondary-head\">Current and Wave Meters:</h3>\n<ul><li>Teledyne RDI Workhorse Acoustic Doppler Current Profilers (ADCP) (2)</li>\n							<li>Sontek Triton Acoustic Doppler Velocimeter (ADV) (1)</li>\n							<li>Sontek SL500 Horizontal ADCP (HADCP) (3)</li>\n							<li>Nortek Aquadopp current profilers with wave capability (3)</li>\n							<li>RBR</li>\n						</ul><h3 class=\"secondary-head\">Hydrological and Water Quality Measurements:</h3>\n<ul><li>Xylem EXO2 YSIs with temperature, conductivity, depth, pH, turbidity (11), and also chlorophyllα, dissolved oxygen (5)</li>\n							<li>Seabird SBE 19plus Profiler Conductivity, Temperature, Depth (CTD) with pH, turbidity, optical backscatter, and transmissometer</li>\n							<li>LICOR PAR sensor</li>\n							<li>Secchi disk</li>\n							<li>Surface (Nalgene bottles) and subsurface water sampling (Van Dorn water sampler)</li>\n							<li>RBR sensors<ul><li>RBR Solo, water level and waves (6)</li>\n									<li>RBR Duo, water level, waves, and turbidity (6)</li>\n								</ul></li>\n								</ul><h3 class=\"secondary-head\">Suspended, Bed surface, and Subsurface Sediment Sampling:</h3>\n<ul><li>Sequoia Laser In-Situ Scattering and Transmissometry (LISST) 100-X (3)</li>\n							<li>Automated water samplers<ul><li>Campbell Scientific PVS 5120D (2)</li>\n									<li>Teledyne ISCO 6712 (1)</li>\n								</ul></li>\n								<li>Isokinetic water samplers<ul><li>USGS FISP P-72</li>\n									<li>Carnet Technologies P-6-200</li>\n								</ul></li>\n								<li>Shipek benthic surface sediment grab sampler</li>\n							<li>Mooring Systems, Inc gravity corer</li>\n							<li>Piston corer for sediment sampling</li>\n						</ul><h3 class=\"secondary-head\">Geotechnical</h3>\n<ul><li>Geovane soil shear strength</li>\n						</ul><h3 class=\"secondary-head\">Fauna sampling</h3>\n<ul><li>Throw trap for nekton sampling</li>\n							<li>Suction sampler for nekton sampling (Honda water pump, pump hoses, and barrels)</li>\n						</ul><h3 class=\"secondary-head\">Flora sampling</h3>\n<ul><li>Quadrat sampling for vegetation/infauna</li>\n						</ul>', '<h2>Laboratory</h2>\n<h3 class=\"secondary-head\">Equipment</h3>\n<ul><li>Balance</li>\n						<li>Calipers</li>\n						<li>Drying ovens</li>\n						<li>Refrigerators</li>\n						<li>Freezers</li>\n						<li>Grinding and processing facilities</li>\n						<li>Genesys 20 Spectrophotometer</li>\n						<li>Muffle furnace</li>\n					</ul><h3 class=\"secondary-head\">Analyses</h3>\n<ul><li>Phosphorus (sediment and water)</li>\n						<li>Porewater ammonium</li>\n						<li>Chlorophyll α (sediment and water)</li>\n						<li>Sediment grain size</li>\n						<li>Sediment organic matter (LOI), % carbonates</li>\n						<li>Vegetation aboveground and belowground biomass</li>\n						<li>Fauna biomass</li>\n						<li>Fish and macroinvertebrate species identification</li>\n						<li>Sample preparation for tissue nutrients</li>\n						<li>Acid washing</li> \n					</ul>', NULL, NULL, NULL, NULL, '2017-08-14 19:29:04', '2017-08-14 22:26:03', 'fd34b7f9-b5e3-411d-b808-8aaeb835aefb'),
 ('121', '131', 'en_us', 'Img Equipment', NULL, NULL, NULL, NULL, NULL, NULL, NULL, NULL, NULL, NULL, NULL, NULL, NULL, NULL, NULL, NULL, NULL, NULL, NULL, NULL, NULL, NULL, NULL, NULL, NULL, NULL, NULL, NULL, NULL, NULL, '2017-08-14 22:26:00', '2017-08-14 22:26:00', '53ded785-da42-4630-bda5-8c0185e383e3');



DROP TABLE IF EXISTS `craft_deprecationerrors`;


--
-- Schema for table `craft_deprecationerrors`
--
CREATE TABLE `craft_deprecationerrors` (
  `id` int(11) NOT NULL AUTO_INCREMENT,
  `key` varchar(255) COLLATE utf8_unicode_ci NOT NULL,
  `fingerprint` varchar(255) COLLATE utf8_unicode_ci NOT NULL,
  `lastOccurrence` datetime NOT NULL,
  `file` varchar(255) COLLATE utf8_unicode_ci NOT NULL,
  `line` smallint(6) unsigned NOT NULL,
  `class` varchar(255) COLLATE utf8_unicode_ci DEFAULT NULL,
  `method` varchar(255) COLLATE utf8_unicode_ci DEFAULT NULL,
  `template` varchar(255) COLLATE utf8_unicode_ci DEFAULT NULL,
  `templateLine` smallint(6) unsigned DEFAULT NULL,
  `message` varchar(255) COLLATE utf8_unicode_ci DEFAULT NULL,
  `traces` text COLLATE utf8_unicode_ci,
  `dateCreated` datetime NOT NULL,
  `dateUpdated` datetime NOT NULL,
  `uid` char(36) COLLATE utf8_unicode_ci NOT NULL DEFAULT '0',
  PRIMARY KEY (`id`),
  UNIQUE KEY `craft_deprecationerrors_key_fingerprint_unq_idx` (`key`,`fingerprint`)
) ENGINE=InnoDB DEFAULT CHARSET=utf8 COLLATE=utf8_unicode_ci;

DROP TABLE IF EXISTS `craft_elementindexsettings`;


--
-- Schema for table `craft_elementindexsettings`
--
CREATE TABLE `craft_elementindexsettings` (
  `id` int(11) NOT NULL AUTO_INCREMENT,
  `type` varchar(150) COLLATE utf8_unicode_ci NOT NULL,
  `settings` text COLLATE utf8_unicode_ci,
  `dateCreated` datetime NOT NULL,
  `dateUpdated` datetime NOT NULL,
  `uid` char(36) COLLATE utf8_unicode_ci NOT NULL DEFAULT '0',
  PRIMARY KEY (`id`),
  UNIQUE KEY `craft_elementindexsettings_type_unq_idx` (`type`)
) ENGINE=InnoDB AUTO_INCREMENT=2 DEFAULT CHARSET=utf8 COLLATE=utf8_unicode_ci;

--
-- Data for table `craft_elementindexsettings`
--

INSERT INTO `craft_elementindexsettings` (`id`, `type`, `settings`, `dateCreated`, `dateUpdated`, `uid`) VALUES
 ('1', 'Entry', '{\"sources\":{\"section:6\":{\"tableAttributes\":{\"1\":\"postDate\",\"2\":\"expiryDate\",\"3\":\"link\"}}}}', '2017-08-09 21:01:27', '2017-08-09 21:01:27', '18ffcfb2-54da-4f14-863e-af78e7fc899c');



DROP TABLE IF EXISTS `craft_elements`;


--
-- Schema for table `craft_elements`
--
CREATE TABLE `craft_elements` (
  `id` int(11) NOT NULL AUTO_INCREMENT,
  `type` varchar(150) COLLATE utf8_unicode_ci NOT NULL,
  `enabled` tinyint(1) unsigned NOT NULL DEFAULT '1',
  `archived` tinyint(1) unsigned NOT NULL DEFAULT '0',
  `dateCreated` datetime NOT NULL,
  `dateUpdated` datetime NOT NULL,
  `uid` char(36) COLLATE utf8_unicode_ci NOT NULL DEFAULT '0',
  PRIMARY KEY (`id`),
  KEY `craft_elements_type_idx` (`type`),
  KEY `craft_elements_enabled_idx` (`enabled`),
  KEY `craft_elements_archived_dateCreated_idx` (`archived`,`dateCreated`)
) ENGINE=InnoDB AUTO_INCREMENT=135 DEFAULT CHARSET=utf8 COLLATE=utf8_unicode_ci;

--
-- Data for table `craft_elements`
--

INSERT INTO `craft_elements` (`id`, `type`, `enabled`, `archived`, `dateCreated`, `dateUpdated`, `uid`) VALUES
 ('1', 'User', '1', '0', '2017-07-26 23:54:37', '2017-07-26 23:54:37', '14e3c32f-fad9-4a93-9f0d-146820a53003'),
 ('2', 'Entry', '1', '0', '2017-07-26 23:54:39', '2017-08-04 21:59:40', '4a8ffd7b-8bea-48f1-bdff-4eb3743aa999'),
 ('5', 'Asset', '1', '0', '2017-07-27 22:43:00', '2017-08-04 20:59:45', '309bbbaa-8201-4292-a94f-8637be9e6754'),
 ('9', 'Entry', '1', '0', '2017-07-30 23:17:32', '2017-08-09 22:54:46', '9b9363f6-7694-46bf-a072-ea9b7212e57d'),
 ('21', 'Asset', '1', '0', '2017-08-04 00:38:31', '2017-08-04 20:59:44', '656d7851-4702-4414-a036-5312163b3f69'),
 ('23', 'Asset', '1', '0', '2017-08-04 01:07:28', '2017-08-04 20:59:45', '0abf57fa-02c0-4058-9c3c-a321592eadc0'),
 ('24', 'Asset', '1', '0', '2017-08-04 01:08:42', '2017-08-04 20:59:44', '4a402b66-71c8-4d74-8591-070a1b4fddc6'),
 ('67', 'Asset', '1', '0', '2017-08-04 20:59:48', '2017-08-04 20:59:48', '888a2f50-642a-4c4e-9fcd-9931e3dd2d13'),
 ('68', 'Asset', '1', '0', '2017-08-04 20:59:48', '2017-08-04 20:59:48', '6d6af524-500d-4bc4-8550-1478375c4f9d'),
 ('69', 'Asset', '1', '0', '2017-08-04 20:59:48', '2017-08-04 20:59:48', 'e2c599c6-6e69-4fbe-8ef5-e8eca4f80ae2'),
 ('70', 'Asset', '1', '0', '2017-08-04 20:59:48', '2017-08-04 20:59:48', '8e8e7dde-3aea-4d76-83e7-732e44bcf352'),
 ('71', 'Asset', '1', '0', '2017-08-04 20:59:48', '2017-08-04 20:59:49', '7ae38018-fd77-4ed3-95e0-dab0f224da30'),
 ('72', 'Asset', '1', '0', '2017-08-04 21:05:20', '2017-08-04 21:05:20', 'fc3c02c5-5327-4db2-a400-9d890ed1682c'),
 ('75', 'Asset', '1', '0', '2017-08-04 21:15:29', '2017-08-06 22:21:51', '0af721ae-1abd-486e-a47a-9efdd1e68578'),
 ('76', 'Asset', '1', '0', '2017-08-04 21:15:29', '2017-08-06 22:21:51', '1575efd7-9e9f-4f62-8479-ef17de9798cb'),
 ('77', 'Asset', '1', '0', '2017-08-04 21:15:30', '2017-08-06 22:21:51', 'e66b003f-6a6e-436e-b827-c23a97971d94'),
 ('78', 'Asset', '1', '0', '2017-08-04 21:15:30', '2017-08-06 22:21:51', '5ee94a5f-a3bf-4d7e-825f-1e3f7e1230e3'),
 ('79', 'Asset', '1', '0', '2017-08-04 21:15:30', '2017-08-06 22:21:51', 'c44df06d-6662-40b7-91c8-900830c68052'),
 ('80', 'Asset', '1', '0', '2017-08-04 21:15:30', '2017-08-06 22:21:51', 'ace2c3cf-2fd1-4271-9bc0-4cf04b827fa4'),
 ('81', 'Asset', '1', '0', '2017-08-04 21:15:30', '2017-08-06 22:21:51', 'e334bf44-e153-4d3b-a9c6-25e6335a779e'),
 ('82', 'Asset', '1', '0', '2017-08-04 21:15:30', '2017-08-06 22:21:52', 'e3078137-5c51-4c4c-be8e-a05bd68dd10b'),
 ('83', 'Asset', '1', '0', '2017-08-04 21:15:30', '2017-08-06 22:21:52', 'df67af34-8951-4e3c-90c1-c679dba1f41e'),
 ('84', 'Asset', '1', '0', '2017-08-04 21:15:30', '2017-08-06 22:21:52', '708658e7-76f0-4c5b-a08c-a5abe5af34d8'),
 ('85', 'Asset', '1', '0', '2017-08-04 21:15:30', '2017-08-06 22:21:52', 'ac463462-98fa-47d2-995e-0675ae115af2'),
 ('86', 'Asset', '1', '0', '2017-08-04 21:35:28', '2017-08-06 22:21:52', 'ccd4c686-fc3d-4bf8-b4ef-de730bf36119'),
 ('87', 'Entry', '1', '0', '2017-08-06 17:43:08', '2017-08-14 15:38:55', 'd663ec9e-a72c-4941-b51a-2527f5ceda92'),
 ('88', 'Entry', '1', '0', '2017-08-06 17:44:58', '2017-08-10 01:15:02', 'f80f3b28-5a7a-4d20-afa6-81d72c3e8d1f'),
 ('89', 'Entry', '1', '0', '2017-08-06 19:36:38', '2017-08-14 13:46:20', 'a1bd578b-ab84-4dcc-9e1f-4ac0d36fdc88'),
 ('90', 'Entry', '1', '0', '2017-08-06 19:38:11', '2017-08-09 22:48:20', '898fd958-4b69-4e53-903d-98e6cbe4f80b'),
 ('91', 'Entry', '1', '0', '2017-08-06 22:21:01', '2017-08-09 22:31:43', 'ba5fc870-e635-4c70-9d51-ef05d220a8eb'),
 ('92', 'Asset', '1', '0', '2017-08-06 22:22:12', '2017-08-06 22:22:12', '823fffee-ff3d-4e3d-8966-4eef2a5ec525'),
 ('94', 'Asset', '1', '0', '2017-08-08 19:45:24', '2017-08-08 19:45:24', '2ad10f89-cb9c-412a-8db4-f1fa606bea2d'),
 ('95', 'Entry', '1', '0', '2017-08-08 19:45:36', '2017-08-09 22:31:43', '265abbb7-8faf-4ee2-b771-15090627bd8b'),
 ('96', 'Entry', '1', '0', '2017-08-08 19:47:52', '2017-08-09 22:48:20', '92da2d6f-f544-444a-9afd-494d773ab0f5'),
 ('97', 'Entry', '1', '0', '2017-08-08 20:34:40', '2017-08-09 22:34:51', '2460242d-8b24-4e76-8a35-1f96e06d97bd'),
 ('98', 'Asset', '1', '0', '2017-08-08 20:43:07', '2017-08-08 20:43:07', '9b9468d9-0db0-4c5c-a46e-e02f7bcc0018'),
 ('99', 'Asset', '1', '0', '2017-08-08 20:45:17', '2017-08-08 20:45:17', '37a8c6df-5f5e-4b55-a568-8ab7f57b53bd'),
 ('100', 'Entry', '1', '0', '2017-08-08 20:46:05', '2017-08-09 22:48:20', 'e2b0d103-b378-4876-8077-94db567e6b59'),
 ('101', 'Navee_Node', '1', '0', '2017-08-09 20:23:47', '2017-08-09 20:42:46', '1d882a93-68c8-40c4-8800-ca4a9e0ff0ff'),
 ('102', 'Navee_Node', '1', '0', '2017-08-09 20:43:15', '2017-08-09 20:43:15', '03b0683d-e7bf-4ec5-b5ed-2e8d6aa0f88f'),
 ('103', 'Navee_Node', '1', '0', '2017-08-09 20:43:33', '2017-08-09 20:43:33', '854fce93-193a-4d24-a962-75ecca0d5df4'),
 ('104', 'Entry', '1', '0', '2017-08-09 21:16:37', '2017-08-09 21:16:37', '377cc269-e9ad-4985-9895-6b59405a679f'),
 ('105', 'Entry', '1', '0', '2017-08-09 22:34:21', '2017-08-09 22:35:52', 'f4308cc2-1495-4629-9834-de0656e33da0'),
 ('106', 'Entry', '1', '0', '2017-08-09 22:55:04', '2017-08-09 22:55:04', 'e059f648-d52c-4d71-bce3-9988c145ab41'),
 ('107', 'Entry', '1', '0', '2017-08-09 22:55:27', '2017-08-09 22:55:27', 'd02810c2-bee2-40b9-9216-d4140429a9e2'),
 ('108', 'Entry', '1', '0', '2017-08-09 22:56:10', '2017-08-09 22:56:10', '257e76b1-9203-4e4c-88b2-ebbde4dc9f43'),
 ('109', 'Entry', '1', '0', '2017-08-09 22:56:31', '2017-08-09 22:56:31', '13830fb3-c84f-4182-a2eb-c00155ec942c'),
 ('110', 'GlobalSet', '1', '0', '2017-08-10 01:24:42', '2017-08-16 00:14:39', 'c0b41bf4-6d0a-45b9-ae7f-d24d60f8a435'),
 ('111', 'Asset', '1', '0', '2017-08-11 16:03:33', '2017-08-11 16:03:33', 'a0bd042d-9b7e-4119-877d-19bdcefac793'),
 ('112', 'Asset', '1', '0', '2017-08-11 16:03:33', '2017-08-11 16:03:33', '2b05f21a-5687-4725-a1c0-0eef7d7931fe'),
 ('113', 'Asset', '1', '0', '2017-08-11 16:03:34', '2017-08-11 16:03:34', '9cb75cc6-7b4c-458b-808c-e3cf472214d3'),
 ('114', 'Entry', '1', '0', '2017-08-11 16:03:42', '2017-08-15 22:01:16', '7ba66080-f25c-422b-a167-347a19fff3d3'),
 ('115', 'Entry', '1', '0', '2017-08-11 16:08:53', '2017-08-11 16:09:58', '7f9ae47d-7676-4f7c-bc7b-ee5a8048c354'),
 ('116', 'Asset', '1', '0', '2017-08-11 16:37:51', '2017-08-15 23:09:01', 'd8589bd7-7cad-4fca-acd0-0f92199e05db'),
 ('117', 'Entry', '1', '0', '2017-08-11 16:38:09', '2017-08-15 23:09:02', '29a18607-8fc8-4e01-8f0e-29e4505a475a'),
 ('118', 'Entry', '1', '0', '2017-08-11 16:41:46', '2017-08-11 16:41:46', '4fdf0661-9317-4d39-b526-3c6ea4c4cde0'),
 ('119', 'MatrixBlock', '1', '0', '2017-08-12 20:54:46', '2017-08-15 21:57:24', 'd9e23ee7-3b23-40c9-916a-bc90a846ada7'),
 ('120', 'MatrixBlock', '1', '0', '2017-08-12 21:23:01', '2017-08-15 21:57:24', 'd7b36eb9-3c5b-4756-b986-b4997358778c'),
 ('121', 'Entry', '1', '0', '2017-08-13 01:50:52', '2017-08-13 22:05:00', '24707329-cd11-405a-be24-97cef4cd91d2'),
 ('122', 'MatrixBlock', '1', '0', '2017-08-13 21:04:40', '2017-08-13 22:05:00', '0692303b-7adc-4c06-9b31-a791a8400197'),
 ('123', 'MatrixBlock', '1', '0', '2017-08-13 21:26:20', '2017-08-13 22:05:00', '02be475c-abf6-48c2-8f5e-66ada1c59ede'),
 ('124', 'MatrixBlock', '1', '0', '2017-08-13 21:26:20', '2017-08-13 22:05:00', '2cb12add-40b6-41c7-9f97-d00534ea8378'),
 ('125', 'MatrixBlock', '1', '0', '2017-08-13 21:26:20', '2017-08-13 22:05:00', '6d646606-e108-4eba-b186-c534578802b2'),
 ('126', 'MatrixBlock', '1', '0', '2017-08-13 21:26:20', '2017-08-13 22:05:00', 'ec017395-0c9d-41b6-b55c-c752ceb24a38'),
 ('127', 'MatrixBlock', '1', '0', '2017-08-13 21:26:20', '2017-08-13 22:05:00', 'c59c431b-3065-4d9e-8b2b-1fb4f15c8af1'),
 ('128', 'MatrixBlock', '1', '0', '2017-08-13 21:26:20', '2017-08-13 22:05:00', 'd4c21a4c-681f-46ef-b986-2f0d95ee7f92'),
 ('129', 'MatrixBlock', '1', '0', '2017-08-13 21:26:20', '2017-08-13 22:05:00', 'be3eefec-3412-4414-a88a-c0b0553f3c15'),
 ('130', 'Entry', '1', '0', '2017-08-14 19:29:04', '2017-08-14 22:26:03', '8806e6f4-662d-49ad-a6c3-ef3069a55850'),
 ('131', 'Asset', '1', '0', '2017-08-14 22:26:00', '2017-08-14 22:26:00', '105a3dbd-8e81-4e83-b310-79d15bd21e63'),
 ('132', 'MatrixBlock', '1', '0', '2017-08-16 00:12:55', '2017-08-16 00:14:39', 'c472ab95-1708-4ecb-961a-e93a5867b8f6'),
 ('133', 'MatrixBlock', '1', '0', '2017-08-16 00:12:55', '2017-08-16 00:14:39', '7ea67c62-7f27-46f4-b6b2-689aabd30525'),
 ('134', 'MatrixBlock', '1', '0', '2017-08-16 00:12:55', '2017-08-16 00:14:39', '7f2daaaa-b812-4708-9182-54225bd408d8');



DROP TABLE IF EXISTS `craft_elements_i18n`;


--
-- Schema for table `craft_elements_i18n`
--
CREATE TABLE `craft_elements_i18n` (
  `id` int(11) NOT NULL AUTO_INCREMENT,
  `elementId` int(11) NOT NULL,
  `locale` char(12) COLLATE utf8_unicode_ci NOT NULL,
  `slug` varchar(255) COLLATE utf8_unicode_ci DEFAULT NULL,
  `uri` varchar(255) COLLATE utf8_unicode_ci DEFAULT NULL,
  `enabled` tinyint(1) unsigned NOT NULL DEFAULT '1',
  `dateCreated` datetime NOT NULL,
  `dateUpdated` datetime NOT NULL,
  `uid` char(36) COLLATE utf8_unicode_ci NOT NULL DEFAULT '0',
  PRIMARY KEY (`id`),
  UNIQUE KEY `craft_elements_i18n_elementId_locale_unq_idx` (`elementId`,`locale`),
  UNIQUE KEY `craft_elements_i18n_uri_locale_unq_idx` (`uri`,`locale`),
  KEY `craft_elements_i18n_slug_locale_idx` (`slug`,`locale`),
  KEY `craft_elements_i18n_enabled_idx` (`enabled`),
  KEY `craft_elements_i18n_locale_fk` (`locale`)
) ENGINE=InnoDB AUTO_INCREMENT=135 DEFAULT CHARSET=utf8 COLLATE=utf8_unicode_ci;

--
-- Data for table `craft_elements_i18n`
--

INSERT INTO `craft_elements_i18n` (`id`, `elementId`, `locale`, `slug`, `uri`, `enabled`, `dateCreated`, `dateUpdated`, `uid`) VALUES
 ('1', '1', 'en_us', '', NULL, '1', '2017-07-26 23:54:37', '2017-07-26 23:54:37', '51538a4b-88c7-47c4-83e8-65b3ce2e3ad0'),
 ('2', '2', 'en_us', 'homepage', '__home__', '1', '2017-07-26 23:54:39', '2017-08-04 21:59:40', '07514a45-df65-4b35-8376-a6a7a56b9a9c'),
 ('5', '5', 'en_us', 'test-cv', NULL, '1', '2017-07-27 22:43:01', '2017-08-04 20:59:45', '407bac05-0636-48f5-8d9a-0dcc29aca2ed'),
 ('9', '9', 'en_us', 'integrated-watershed-management', 'focus-areas/integrated-watershed-management', '1', '2017-07-30 23:17:32', '2017-08-09 22:54:46', '4d634847-08d1-46e5-8809-3af4b62b1b1a'),
 ('21', '21', 'en_us', 'reed-cv-january-2017', NULL, '1', '2017-08-04 00:38:31', '2017-08-04 20:59:44', '8dd93030-1dcf-4630-aaac-32aa55c1b97b'),
 ('23', '23', 'en_us', 'ramatchandirane-cyndhia-cv', NULL, '1', '2017-08-04 01:07:28', '2017-08-04 20:59:45', '26d13744-4691-4c1c-aca3-574f1b080f8e'),
 ('24', '24', 'en_us', 'ehab-meselhe-cv', NULL, '1', '2017-08-04 01:08:42', '2017-08-04 20:59:44', 'bc88fc33-acbc-46f8-a79f-d0f682873ea5'),
 ('67', '67', 'en_us', 'cyndhia-ramatchchanderine-final', NULL, '1', '2017-08-04 20:59:48', '2017-08-04 20:59:48', '6315ea79-c541-40e8-a0ac-9c6d5c49ac34'),
 ('68', '68', 'en_us', 'ehab-meselhe-photo-ii-final-web', NULL, '1', '2017-08-04 20:59:48', '2017-08-04 20:59:48', 'dbc07ed6-79a4-42e6-95f4-6a93282e69a1'),
 ('69', '69', 'en_us', 'jennifer-butler-final-2-web', NULL, '1', '2017-08-04 20:59:48', '2017-08-04 20:59:48', 'bffc88a0-ced6-46d9-a73a-11eb580a7cee'),
 ('70', '70', 'en_us', 'denise-reed-final-web', NULL, '1', '2017-08-04 20:59:48', '2017-08-04 20:59:48', '0505a224-233b-4616-a840-5408a9110632'),
 ('71', '71', 'en_us', 'justin-photo', NULL, '1', '2017-08-04 20:59:48', '2017-08-04 20:59:49', '9704822d-0799-4f16-b133-3b76dec1dfab'),
 ('72', '72', 'en_us', 'mead-allison-final', NULL, '1', '2017-08-04 21:05:21', '2017-08-04 21:05:21', '768630e3-25dc-49d5-9479-1541321f954e'),
 ('75', '75', 'en_us', 'cyndhia-ramatchchanderine-final', NULL, '1', '2017-08-04 21:15:29', '2017-08-06 22:21:51', '04c3620e-4c77-4b56-8193-d371fb0c3df8'),
 ('76', '76', 'en_us', 'denise-reed-final-web', NULL, '1', '2017-08-04 21:15:29', '2017-08-06 22:21:51', '432e8de6-3c2a-408a-bb1a-ab236b1388ac'),
 ('77', '77', 'en_us', 'jennifer-butler-final-2-web', NULL, '1', '2017-08-04 21:15:30', '2017-08-06 22:21:51', '83a38441-e167-4194-9620-524e06ba8996'),
 ('78', '78', 'en_us', 'ehab-meselhe-photo-ii-final-web', NULL, '1', '2017-08-04 21:15:30', '2017-08-06 22:21:51', 'b2173677-d0ce-4482-bb15-4244601de505'),
 ('79', '79', 'en_us', 'justin-photo', NULL, '1', '2017-08-04 21:15:30', '2017-08-06 22:21:51', 'aa35b9d5-f2d6-452a-b3df-0e65a2f6b633'),
 ('80', '80', 'en_us', 'mead-allison-final', NULL, '1', '2017-08-04 21:15:30', '2017-08-06 22:21:51', '70c7165b-410c-463a-97b9-d65701c82386'),
 ('81', '81', 'en_us', 'denise-reed-cv', NULL, '1', '2017-08-04 21:15:30', '2017-08-06 22:21:51', 'bba4b866-d1ea-4154-8d4f-601db0fd643c'),
 ('82', '82', 'en_us', 'ehab-meselhe-cv', NULL, '1', '2017-08-04 21:15:30', '2017-08-06 22:21:52', 'a7e9db99-5050-4a52-8bf1-cbaee08e0969'),
 ('83', '83', 'en_us', 'test-cv', NULL, '1', '2017-08-04 21:15:30', '2017-08-06 22:21:52', '68fdbad0-119a-4fb1-bdc3-65b8320625fd'),
 ('84', '84', 'en_us', 'ramatchandirane-cyndhia-cv', NULL, '1', '2017-08-04 21:15:30', '2017-08-06 22:21:52', '3b8287fc-e559-4e74-8826-55b2331e5062'),
 ('85', '85', 'en_us', 'img-chile', NULL, '1', '2017-08-04 21:15:30', '2017-08-06 22:21:52', 'bf9fc078-9359-4033-b9d8-84f115ac0c8c'),
 ('86', '86', 'en_us', 'img-signature', NULL, '1', '2017-08-04 21:35:28', '2017-08-06 22:21:52', '686162d4-589c-49b2-8080-04a6efafd7f1'),
 ('87', '87', 'en_us', 'cyndhia-ramatchandirane', 'technical-team/cyndhia-ramatchandirane', '1', '2017-08-06 17:43:08', '2017-08-14 15:38:55', 'a8eb589d-7d3f-4a9c-80fb-685e6f20da4b'),
 ('88', '88', 'en_us', 'technical-team', 'technical-team', '1', '2017-08-06 17:44:58', '2017-08-10 01:15:02', 'a9c6aec0-0763-41ba-99ad-d4d0e6691273'),
 ('89', '89', 'en_us', 'denise-reed', 'technical-team/denise-reed', '1', '2017-08-06 19:36:38', '2017-08-14 13:46:20', 'd1e3e161-b6e8-4005-979d-c13025d17cf4'),
 ('90', '90', 'en_us', 'mead-allison', 'technical-team/mead-allison', '1', '2017-08-06 19:38:11', '2017-08-09 22:48:20', '3e497753-9178-4219-8f8d-3363a433ae32'),
 ('91', '91', 'en_us', 'understanding-change-in-fisheries', 'projects/understanding-change-in-fisheries', '1', '2017-08-06 22:21:01', '2017-08-09 22:35:52', '89dbcea7-ad24-471c-8b13-e36a677c5639'),
 ('92', '92', 'en_us', 'img-feature-project', NULL, '1', '2017-08-06 22:22:12', '2017-08-06 22:22:12', '534eb98f-aefb-4d4a-a6e1-428d6d512db3'),
 ('94', '94', 'en_us', 'img-feature-project-2', NULL, '1', '2017-08-08 19:45:24', '2017-08-08 19:45:24', 'f0794a56-399a-45ba-95e3-72cab67375ce'),
 ('95', '95', 'en_us', 'sediment-availability-and-management', 'projects/sediment-availability-and-management', '1', '2017-08-08 19:45:36', '2017-08-09 22:35:52', '57c38ee4-fea4-4c18-83d5-7d2f902c1b71'),
 ('96', '96', 'en_us', 'ehab-meselhe', 'technical-team/ehab-meselhe', '1', '2017-08-08 19:47:52', '2017-08-09 22:48:20', 'dd2f33a4-d840-4c8e-a1c0-2088feba8ed1'),
 ('97', '97', 'en_us', 'vegetation-and-climate-change', 'projects/vegetation-and-climate-change', '1', '2017-08-08 20:34:40', '2017-08-09 22:35:52', '943e7273-4680-4a06-aecc-77af4da60515'),
 ('98', '98', 'en_us', 'carruthers-cv-2017', NULL, '1', '2017-08-08 20:43:07', '2017-08-08 20:43:07', '753ad16f-7e8e-4f1e-998c-252e0a9c0d15'),
 ('99', '99', 'en_us', 'tim-carruthers-final-web', NULL, '1', '2017-08-08 20:45:17', '2017-08-08 20:45:17', '9fee73c4-b8d6-43d0-ac6f-523f18319f58'),
 ('100', '100', 'en_us', 'tim-carruthers', 'technical-team/tim-carruthers', '1', '2017-08-08 20:46:05', '2017-08-09 22:48:20', '031f1340-5a39-4781-b0d5-18b333367afb'),
 ('101', '101', 'en_us', 'focus-areas', NULL, '1', '2017-08-09 20:23:47', '2017-08-09 20:42:46', 'c9676213-e69b-489b-83c8-e78b676703b6'),
 ('102', '102', 'en_us', 'technical-team', NULL, '1', '2017-08-09 20:43:15', '2017-08-09 20:43:15', 'c622e28e-8263-4729-9a7e-ea2135ae71cd'),
 ('103', '103', 'en_us', 'denise-reed', NULL, '1', '2017-08-09 20:43:33', '2017-08-09 20:43:33', '194090e9-ef95-4f3d-8ad9-34cfc2f83aa8'),
 ('104', '104', 'en_us', 'focus-areas', 'focus-areas', '1', '2017-08-09 21:16:37', '2017-08-09 21:16:38', 'bbf24c63-7da4-4756-a828-a20cdf35b7af'),
 ('105', '105', 'en_us', 'projects', 'projects', '1', '2017-08-09 22:34:21', '2017-08-09 22:35:52', 'f7d694d7-bf16-4cc0-96b2-74f7e4b8f6dd'),
 ('106', '106', 'en_us', 'natural-systems-modeling', 'focus-areas/natural-systems-modeling', '1', '2017-08-09 22:55:04', '2017-08-09 22:55:07', '513bdae4-5372-4992-bcb0-4b6b8d463cf7'),
 ('107', '107', 'en_us', 'community-resilience', 'focus-areas/community-resilience', '1', '2017-08-09 22:55:27', '2017-08-09 22:55:31', '3141f7d8-392e-4bde-af11-2fa8925c057d'),
 ('108', '108', 'en_us', 'coastal-deltaic-dynamics', 'focus-areas/coastal-deltaic-dynamics', '1', '2017-08-09 22:56:10', '2017-08-09 22:56:11', 'dbcca282-376c-432a-bf27-92faa427a2ec'),
 ('109', '109', 'en_us', 'coastal-adaptation', 'focus-areas/coastal-adaptation', '1', '2017-08-09 22:56:31', '2017-08-09 22:56:31', 'd0b5cfad-5d07-48f6-999c-8f44a0027ff5'),
 ('110', '110', 'en_us', '', NULL, '1', '2017-08-10 01:24:42', '2017-08-16 00:14:39', 'a1adf293-69b6-4df3-a74e-3b3b3b7e645e'),
 ('111', '111', 'en_us', 'changing-restoration-costs-methodology-september-2016', NULL, '1', '2017-08-11 16:03:33', '2017-08-11 16:03:33', 'a94b91be-1d2b-4236-b23b-b4acb027be67'),
 ('112', '112', 'en_us', 'changing-restoration-costs-summary-findings-september-2016', NULL, '1', '2017-08-11 16:03:33', '2017-08-11 16:03:33', 'b3f2feba-5bb2-4d49-8457-c35e37872cd0'),
 ('113', '113', 'en_us', 'changing-restoration-costs-summary-presentation-september-2016', NULL, '1', '2017-08-11 16:03:34', '2017-08-11 16:03:34', '0317538f-fdd9-41dc-b1ae-0fde8d20e483'),
 ('114', '114', 'en_us', 'future-costs-of-marsh-creation-projects-in-coastal-louisiana', 'reports/future-costs-of-marsh-creation-projects-in-coastal-louisiana', '1', '2017-08-11 16:03:42', '2017-08-15 22:01:16', 'a1768fb5-8967-4000-9461-e9d545206c26'),
 ('115', '115', 'en_us', 'reports', 'reports', '1', '2017-08-11 16:08:53', '2017-08-11 16:09:58', '528482e7-2385-45ce-b9e6-736589e28b3a'),
 ('116', '116', 'en_us', 'allisonetal-west-bay20171', NULL, '1', '2017-08-11 16:37:51', '2017-08-15 23:09:01', '9917df5d-708c-41bd-974e-708c018555c2'),
 ('117', '117', 'en_us', 'particle-tracking-to-examine-sediment-dynamics-in-a-mississippi-river-delta-diversion', 'our-publications/particle-tracking-to-examine-sediment-dynamics-in-a-mississippi-river-delta-diversion', '1', '2017-08-11 16:38:09', '2017-08-15 23:09:02', 'eb84db82-c0cd-40d2-b703-5bd15ea1f807'),
 ('118', '118', 'en_us', 'our-publications', 'our-publications', '1', '2017-08-11 16:41:46', '2017-08-11 16:41:47', '8d05551f-fff4-49c5-b733-ef1501e8d355'),
 ('119', '119', 'en_us', '', NULL, '1', '2017-08-12 20:54:46', '2017-08-15 21:57:24', 'a1e5499e-5c25-4598-b4dc-4a3414b37718'),
 ('120', '120', 'en_us', '', NULL, '1', '2017-08-12 21:23:01', '2017-08-15 21:57:24', '2ea60bd6-f6ae-49d3-87bf-27fa0750795d'),
 ('121', '121', 'en_us', 'capabilities', 'capabilities', '1', '2017-08-13 01:50:52', '2017-08-13 22:05:00', 'bc509de7-147e-430b-8714-e1993de250a8'),
 ('122', '122', 'en_us', '', NULL, '1', '2017-08-13 21:04:40', '2017-08-13 22:05:00', '81e6f455-2c4a-4bb7-ad32-97621acc0a8d'),
 ('123', '123', 'en_us', '', NULL, '1', '2017-08-13 21:26:20', '2017-08-13 22:05:00', '169aed3e-48a3-42a9-b646-2fe26a84dfd9'),
 ('124', '124', 'en_us', '', NULL, '1', '2017-08-13 21:26:20', '2017-08-13 22:05:00', '356cea4e-9966-44aa-b85d-5da1553f8d71'),
 ('125', '125', 'en_us', '', NULL, '1', '2017-08-13 21:26:20', '2017-08-13 22:05:00', 'ac2074e0-468a-4765-a270-3c06e91a8990'),
 ('126', '126', 'en_us', '', NULL, '1', '2017-08-13 21:26:20', '2017-08-13 22:05:00', 'b66d5d07-dc85-44c3-b8c0-0974d68ffee9'),
 ('127', '127', 'en_us', '', NULL, '1', '2017-08-13 21:26:20', '2017-08-13 22:05:00', 'f0e90447-f2cf-494d-8a00-6c469dec9319'),
 ('128', '128', 'en_us', '', NULL, '1', '2017-08-13 21:26:20', '2017-08-13 22:05:00', 'eb828d73-5c36-43f7-95c1-7063f88e3ca1'),
 ('129', '129', 'en_us', '', NULL, '1', '2017-08-13 21:26:20', '2017-08-13 22:05:00', 'cacfda5e-d7eb-4b84-9c7d-389f210ad5f5'),
 ('130', '130', 'en_us', 'equipment', 'equipment', '1', '2017-08-14 19:29:04', '2017-08-14 22:26:03', 'e5d1ed06-0588-4593-8c43-49f1f0462686'),
 ('131', '131', 'en_us', 'img-equipment', NULL, '1', '2017-08-14 22:26:00', '2017-08-14 22:26:00', '3a341685-ad71-4adf-8891-ae4bee077da5'),
 ('132', '132', 'en_us', '', NULL, '1', '2017-08-16 00:12:55', '2017-08-16 00:14:39', 'd8431474-52a2-4c31-8cb9-f2d44eae6248'),
 ('133', '133', 'en_us', '', NULL, '1', '2017-08-16 00:12:55', '2017-08-16 00:14:39', 'dffd9093-907f-4f1a-b28c-822a352fc99e'),
 ('134', '134', 'en_us', '', NULL, '1', '2017-08-16 00:12:55', '2017-08-16 00:14:39', '64e473b9-8def-4f85-a647-e8d78dba433a');



DROP TABLE IF EXISTS `craft_emailmessages`;


--
-- Schema for table `craft_emailmessages`
--
CREATE TABLE `craft_emailmessages` (
  `id` int(11) NOT NULL AUTO_INCREMENT,
  `key` char(150) COLLATE utf8_unicode_ci NOT NULL,
  `locale` char(12) COLLATE utf8_unicode_ci NOT NULL,
  `subject` varchar(1000) COLLATE utf8_unicode_ci NOT NULL,
  `body` text COLLATE utf8_unicode_ci NOT NULL,
  `dateCreated` datetime NOT NULL,
  `dateUpdated` datetime NOT NULL,
  `uid` char(36) COLLATE utf8_unicode_ci NOT NULL DEFAULT '0',
  PRIMARY KEY (`id`),
  UNIQUE KEY `craft_emailmessages_key_locale_unq_idx` (`key`,`locale`),
  KEY `craft_emailmessages_locale_fk` (`locale`)
) ENGINE=InnoDB DEFAULT CHARSET=utf8 COLLATE=utf8_unicode_ci;

DROP TABLE IF EXISTS `craft_entries`;


--
-- Schema for table `craft_entries`
--
CREATE TABLE `craft_entries` (
  `id` int(11) NOT NULL,
  `sectionId` int(11) NOT NULL,
  `typeId` int(11) DEFAULT NULL,
  `authorId` int(11) DEFAULT NULL,
  `postDate` datetime DEFAULT NULL,
  `expiryDate` datetime DEFAULT NULL,
  `dateCreated` datetime NOT NULL,
  `dateUpdated` datetime NOT NULL,
  `uid` char(36) COLLATE utf8_unicode_ci NOT NULL DEFAULT '0',
  PRIMARY KEY (`id`),
  KEY `craft_entries_sectionId_idx` (`sectionId`),
  KEY `craft_entries_typeId_idx` (`typeId`),
  KEY `craft_entries_postDate_idx` (`postDate`),
  KEY `craft_entries_expiryDate_idx` (`expiryDate`),
  KEY `craft_entries_authorId_fk` (`authorId`)
) ENGINE=InnoDB DEFAULT CHARSET=utf8 COLLATE=utf8_unicode_ci;

--
-- Data for table `craft_entries`
--

INSERT INTO `craft_entries` (`id`, `sectionId`, `typeId`, `authorId`, `postDate`, `expiryDate`, `dateCreated`, `dateUpdated`, `uid`) VALUES
 ('2', '1', NULL, NULL, '2017-07-26 23:54:39', NULL, '2017-07-26 23:54:39', '2017-08-04 21:59:40', '0e4ebb36-2be9-43df-9598-20c284d3d0e4'),
 ('9', '6', '10', '1', '2017-07-30 23:17:00', NULL, '2017-07-30 23:17:32', '2017-08-09 22:54:46', 'aee01b1b-49b8-4539-b2e4-c5a9fdebd168'),
 ('87', '5', '15', '1', '2017-08-06 17:43:00', NULL, '2017-08-06 17:43:08', '2017-08-14 15:38:55', 'b1e4a935-0ead-4032-8554-eaa1e22f110d'),
 ('88', '5', '14', '1', '2017-08-06 17:44:00', NULL, '2017-08-06 17:44:58', '2017-08-10 01:15:02', '827782e0-6170-4e39-9de1-4ef3185d3184'),
 ('89', '5', '15', '1', '2017-08-06 19:36:00', NULL, '2017-08-06 19:36:38', '2017-08-14 13:46:20', '672c4bc6-a561-4f19-8ad6-a0b80214129f'),
 ('90', '5', '15', '1', '2017-08-06 19:38:00', NULL, '2017-08-06 19:38:11', '2017-08-08 19:45:53', '24028180-3fed-402c-bb10-d0b1683b2968'),
 ('91', '8', '17', '1', '2017-08-06 22:21:00', NULL, '2017-08-06 22:21:01', '2017-08-06 23:07:05', '98f9f5e8-ccec-47eb-a80c-ac486489afec'),
 ('95', '8', '17', '1', '2017-08-08 19:45:36', NULL, '2017-08-08 19:45:36', '2017-08-08 19:45:36', '46833401-541a-477d-b1bb-25426b0e65ca'),
 ('96', '5', '15', '1', '2017-08-08 19:47:00', NULL, '2017-08-08 19:47:52', '2017-08-08 22:33:19', '0c9be61c-071d-41d8-9eef-5e7629fbcd13'),
 ('97', '8', '16', '1', '2017-08-08 20:34:00', NULL, '2017-08-08 20:34:40', '2017-08-09 22:34:51', '14fa3687-a59b-4523-9789-58380aabecb6'),
 ('100', '5', '15', '1', '2017-08-08 20:46:00', NULL, '2017-08-08 20:46:05', '2017-08-08 22:26:40', 'f306cf0d-2a0f-43d0-a5bc-c023e9cb750b'),
 ('104', '6', '19', '1', '2017-08-09 21:16:37', NULL, '2017-08-09 21:16:37', '2017-08-09 21:16:37', '19798f19-d229-4acd-8ce3-d55eb93cba5f'),
 ('105', '8', '20', '1', '2017-08-09 22:34:00', NULL, '2017-08-09 22:34:21', '2017-08-09 22:35:52', '35b7df94-1e4b-4e35-ac4d-5952e6383f14'),
 ('106', '6', '10', '1', '2017-08-09 22:55:04', NULL, '2017-08-09 22:55:04', '2017-08-09 22:55:04', '18896152-4400-4db9-8545-e615113f636b'),
 ('107', '6', '10', '1', '2017-08-09 22:55:27', NULL, '2017-08-09 22:55:27', '2017-08-09 22:55:27', 'acca0440-2c3f-4029-bd04-1e69fa6bbe1d'),
 ('108', '6', '10', '1', '2017-08-09 22:56:10', NULL, '2017-08-09 22:56:10', '2017-08-09 22:56:10', '73caaf26-4c03-483f-9e17-fd64cb3406ec'),
 ('109', '6', '10', '1', '2017-08-09 22:56:31', NULL, '2017-08-09 22:56:31', '2017-08-09 22:56:31', '422f528c-b71b-4364-9a65-3d0c3fab378b'),
 ('114', '9', '21', '1', '2017-08-11 16:03:00', NULL, '2017-08-11 16:03:42', '2017-08-15 22:01:16', '47b84e6f-87ab-4005-8b65-3f353cea7153'),
 ('115', '9', '23', '1', '2017-08-11 16:08:00', NULL, '2017-08-11 16:08:53', '2017-08-11 16:09:58', 'f96e960c-b934-4387-88ce-643f6a4346b2'),
 ('117', '10', '22', '1', '2017-08-11 16:38:00', NULL, '2017-08-11 16:38:09', '2017-08-15 23:09:02', '214cc608-4bb6-42e0-a5ff-bd6cce4097be'),
 ('118', '10', '24', '1', '2017-08-11 16:41:46', NULL, '2017-08-11 16:41:46', '2017-08-11 16:41:46', '43fe93a7-c36a-4024-a7d5-8bf19f82a8bc'),
 ('121', '11', NULL, NULL, '2017-08-13 01:50:52', NULL, '2017-08-13 01:50:52', '2017-08-13 22:05:00', 'eae2fae5-e62e-46fd-bfc3-573ea10b9649'),
 ('130', '12', NULL, NULL, '2017-08-14 19:29:04', NULL, '2017-08-14 19:29:04', '2017-08-14 22:26:03', '126697fb-060e-408e-822b-1203abe901ab');



DROP TABLE IF EXISTS `craft_entrydrafts`;


--
-- Schema for table `craft_entrydrafts`
--
CREATE TABLE `craft_entrydrafts` (
  `id` int(11) NOT NULL AUTO_INCREMENT,
  `entryId` int(11) NOT NULL,
  `sectionId` int(11) NOT NULL,
  `creatorId` int(11) NOT NULL,
  `locale` char(12) COLLATE utf8_unicode_ci NOT NULL,
  `name` varchar(255) COLLATE utf8_unicode_ci NOT NULL,
  `notes` tinytext COLLATE utf8_unicode_ci,
  `data` mediumtext COLLATE utf8_unicode_ci NOT NULL,
  `dateCreated` datetime NOT NULL,
  `dateUpdated` datetime NOT NULL,
  `uid` char(36) COLLATE utf8_unicode_ci NOT NULL DEFAULT '0',
  PRIMARY KEY (`id`),
  KEY `craft_entrydrafts_entryId_locale_idx` (`entryId`,`locale`),
  KEY `craft_entrydrafts_sectionId_fk` (`sectionId`),
  KEY `craft_entrydrafts_creatorId_fk` (`creatorId`),
  KEY `craft_entrydrafts_locale_fk` (`locale`)
) ENGINE=InnoDB DEFAULT CHARSET=utf8 COLLATE=utf8_unicode_ci;

DROP TABLE IF EXISTS `craft_entrytypes`;


--
-- Schema for table `craft_entrytypes`
--
CREATE TABLE `craft_entrytypes` (
  `id` int(11) NOT NULL AUTO_INCREMENT,
  `sectionId` int(11) NOT NULL,
  `fieldLayoutId` int(11) DEFAULT NULL,
  `name` varchar(255) COLLATE utf8_unicode_ci NOT NULL,
  `handle` varchar(255) COLLATE utf8_unicode_ci NOT NULL,
  `hasTitleField` tinyint(1) unsigned NOT NULL DEFAULT '1',
  `titleLabel` varchar(255) COLLATE utf8_unicode_ci DEFAULT 'Title',
  `titleFormat` varchar(255) COLLATE utf8_unicode_ci DEFAULT NULL,
  `sortOrder` smallint(6) unsigned DEFAULT NULL,
  `dateCreated` datetime NOT NULL,
  `dateUpdated` datetime NOT NULL,
  `uid` char(36) COLLATE utf8_unicode_ci NOT NULL DEFAULT '0',
  PRIMARY KEY (`id`),
  UNIQUE KEY `craft_entrytypes_name_sectionId_unq_idx` (`name`,`sectionId`),
  UNIQUE KEY `craft_entrytypes_handle_sectionId_unq_idx` (`handle`,`sectionId`),
  KEY `craft_entrytypes_sectionId_fk` (`sectionId`),
  KEY `craft_entrytypes_fieldLayoutId_fk` (`fieldLayoutId`)
) ENGINE=InnoDB AUTO_INCREMENT=27 DEFAULT CHARSET=utf8 COLLATE=utf8_unicode_ci;

--
-- Data for table `craft_entrytypes`
--

INSERT INTO `craft_entrytypes` (`id`, `sectionId`, `fieldLayoutId`, `name`, `handle`, `hasTitleField`, `titleLabel`, `titleFormat`, `sortOrder`, `dateCreated`, `dateUpdated`, `uid`) VALUES
 ('1', '1', '54', 'Homepage', 'homepage', '0', NULL, 'Home', '1', '2017-07-26 23:54:39', '2017-08-04 21:34:11', 'ed0428f6-9079-4f86-9bbe-354a232cebf6'),
 ('2', '2', '8', 'News', 'news', '1', 'Title', NULL, '1', '2017-07-27 20:57:58', '2017-07-27 22:34:20', '8529fae2-7f75-4962-be76-68ba79f57d28'),
 ('10', '6', '83', 'Focus Area', 'focusArea', '1', 'Title', NULL, '1', '2017-07-30 23:13:21', '2017-08-09 21:14:19', 'a32db6f7-cc66-41cf-a60c-47f82b71c8b1'),
 ('14', '5', '89', 'Technical Team Index', 'technicalTeamIndex', '1', 'Title', NULL, '2', '2017-08-06 19:10:50', '2017-08-10 01:15:20', '18fe7eed-8aee-4b62-b9f3-1baf82e52063'),
 ('15', '5', '80', 'Team Member', 'teamMember', '0', NULL, '{teamMemberFirstName} {teamMemberLastName}', '3', '2017-08-06 19:11:28', '2017-08-08 22:26:20', 'f3b4a1ef-3cf2-4c28-966d-56d3989f0ab8'),
 ('16', '8', '86', 'Project Summary', 'projectSummary', '1', 'Title', NULL, '1', '2017-08-06 20:14:58', '2017-08-09 21:34:26', '09cdc650-a756-42d0-a106-a983d9230fd0'),
 ('17', '8', '70', 'Featured Project', 'featuredProject', '0', NULL, '{projectName}', '2', '2017-08-06 22:06:23', '2017-08-06 23:08:16', '880727ef-7d65-48dd-a094-e231dde5ba43'),
 ('19', '6', '84', 'Focus Areas Index', 'focusAreasIndex', '1', 'Title', NULL, '2', '2017-08-09 21:14:44', '2017-08-09 21:14:44', '41a97353-341e-4df0-b4d2-7d21f69501ea'),
 ('20', '8', '88', 'Projects Index', 'projectsIndex', '1', 'Title', NULL, '3', '2017-08-09 22:32:32', '2017-08-09 22:33:17', 'f5f8fa90-4f90-49e7-904d-664addae7883'),
 ('21', '9', '122', 'Report Summary', 'reportSummary', '1', 'Title', NULL, '1', '2017-08-11 15:27:08', '2017-08-15 21:58:28', 'c70cd827-1a6f-4527-b28f-6dfed78107a7'),
 ('22', '10', '123', 'Publication Summary', 'publicationSummary', '1', 'Title', NULL, '1', '2017-08-11 15:27:22', '2017-08-15 22:31:16', 'b49576dc-5836-4b88-997e-151cb835ffba'),
 ('23', '9', '95', 'Reports Index', 'reportsIndex', '1', 'Title', NULL, '2', '2017-08-11 16:08:01', '2017-08-11 16:08:01', 'c364837c-6bec-4c98-a26b-b09cdee97c98'),
 ('24', '10', '103', 'PublicationIndex', 'publicationIndex', '1', 'Title', NULL, '2', '2017-08-11 16:40:41', '2017-08-11 16:42:36', '1f7620d0-b44f-415c-a344-6eee000aac92'),
 ('25', '11', '114', 'Capabilities', 'capabilities', '0', NULL, '{section.name|raw}', '1', '2017-08-13 01:50:52', '2017-08-13 21:04:36', 'a801fae6-3a8d-4c4d-a5d8-30366075da27'),
 ('26', '12', '119', 'Equipment', 'equipment', '0', NULL, '{section.name|raw}', '1', '2017-08-14 19:29:04', '2017-08-14 21:49:58', '7bb18b94-9c62-4f56-8849-0e3b2e8d37b1');



DROP TABLE IF EXISTS `craft_entryversions`;


--
-- Schema for table `craft_entryversions`
--
CREATE TABLE `craft_entryversions` (
  `id` int(11) NOT NULL AUTO_INCREMENT,
  `entryId` int(11) NOT NULL,
  `sectionId` int(11) NOT NULL,
  `creatorId` int(11) DEFAULT NULL,
  `locale` char(12) COLLATE utf8_unicode_ci NOT NULL,
  `num` smallint(6) unsigned NOT NULL,
  `notes` tinytext COLLATE utf8_unicode_ci,
  `data` mediumtext COLLATE utf8_unicode_ci NOT NULL,
  `dateCreated` datetime NOT NULL,
  `dateUpdated` datetime NOT NULL,
  `uid` char(36) COLLATE utf8_unicode_ci NOT NULL DEFAULT '0',
  PRIMARY KEY (`id`),
  KEY `craft_entryversions_entryId_locale_idx` (`entryId`,`locale`),
  KEY `craft_entryversions_sectionId_fk` (`sectionId`),
  KEY `craft_entryversions_creatorId_fk` (`creatorId`),
  KEY `craft_entryversions_locale_fk` (`locale`)
) ENGINE=InnoDB AUTO_INCREMENT=177 DEFAULT CHARSET=utf8 COLLATE=utf8_unicode_ci;

--
-- Data for table `craft_entryversions`
--

INSERT INTO `craft_entryversions` (`id`, `entryId`, `sectionId`, `creatorId`, `locale`, `num`, `notes`, `data`, `dateCreated`, `dateUpdated`, `uid`) VALUES
 ('1', '2', '1', '1', 'en_us', '1', NULL, '{\"typeId\":\"1\",\"authorId\":null,\"title\":\"Homepage\",\"slug\":\"homepage\",\"postDate\":1501113279,\"expiryDate\":null,\"enabled\":1,\"parentId\":null,\"fields\":[]}', '2017-07-26 23:54:39', '2017-07-26 23:54:39', '5b9da031-8439-4fa9-bd1d-c9e79aae2a73'),
 ('3', '2', '1', '1', 'en_us', '2', '', '{\"typeId\":null,\"authorId\":null,\"title\":\"Applied Research. Technical Support.\",\"slug\":\"homepage\",\"postDate\":1501113279,\"expiryDate\":null,\"enabled\":1,\"parentId\":null,\"fields\":{\"1\":\"<p>The Water Institute of the Gulf connects academic, public, and private research providers and conducts applied research to serve communities and industry. The Institute\\u2019s work helps ensure livable communities and a thriving economy and environment.<\\/p>\"}}', '2017-07-27 23:02:45', '2017-07-27 23:02:45', '53d0ad22-6ab4-490e-a7ea-8886c4abb00a'),
 ('12', '9', '6', '1', 'en_us', '1', '', '{\"typeId\":null,\"authorId\":\"1\",\"title\":\"Focus Area One\",\"slug\":\"focus-area-one\",\"postDate\":1501456652,\"expiryDate\":null,\"enabled\":1,\"parentId\":null,\"fields\":{\"1\":\"<p>Details about this focus area. <\\/p>\"}}', '2017-07-30 23:17:32', '2017-07-30 23:17:32', 'dea06a9c-7b78-4a5c-831b-d90ccb4fba71'),
 ('21', '2', '1', '1', 'en_us', '3', '', '{\"typeId\":null,\"authorId\":null,\"title\":\"Home\",\"slug\":\"homepage\",\"postDate\":1501113279,\"expiryDate\":null,\"enabled\":1,\"parentId\":null,\"fields\":{\"1\":\"<p>The Water Institute of the Gulf connects academic, public, and private research providers and conducts applied research to serve communities and industry. The Institute\\u2019s work helps ensure livable communities and a thriving economy and environment.<\\/p>\"}}', '2017-08-02 23:20:10', '2017-08-02 23:20:10', 'af75b840-7ed3-43c0-a8ab-7c0b2bb2005a'),
 ('22', '2', '1', '1', 'en_us', '4', '', '{\"typeId\":null,\"authorId\":null,\"title\":\"Home\",\"slug\":\"homepage\",\"postDate\":1501113279,\"expiryDate\":null,\"enabled\":1,\"parentId\":null,\"fields\":{\"1\":\"<p>The Water Institute of the Gulf connects academic, public, and private research providers and conducts applied research to serve communities and industry. The Institute\\u2019s work helps ensure livable communities and a thriving economy and environment.<\\/p>\",\"10\":\"Applied Research. Technical Support.\"}}', '2017-08-02 23:21:57', '2017-08-02 23:21:57', '684763fa-22d9-4f7c-a772-b72bb68f7a88'),
 ('50', '2', '1', '1', 'en_us', '5', '', '{\"typeId\":null,\"authorId\":null,\"title\":\"Home\",\"slug\":\"homepage\",\"postDate\":1501113279,\"expiryDate\":null,\"enabled\":1,\"parentId\":null,\"fields\":{\"1\":\"<p>The Water Institute of the Gulf connects academic, public, and private research providers and conducts applied research to serve communities and industry. The Institute\\u2019s work helps ensure livable communities and a thriving economy and environment.<\\/p>\",\"19\":\"\",\"10\":\"Applied Research. Technical Support.\",\"16\":\"\",\"15\":\"\",\"17\":\"\",\"18\":\"\"}}', '2017-08-04 20:48:48', '2017-08-04 20:48:48', '73b7e23e-cea0-4bae-9d55-85a26226ce8d'),
 ('51', '2', '1', '1', 'en_us', '6', '', '{\"typeId\":null,\"authorId\":null,\"title\":\"Home\",\"slug\":\"homepage\",\"postDate\":1501113279,\"expiryDate\":null,\"enabled\":1,\"parentId\":null,\"fields\":{\"1\":\"<p>The Water Institute of the Gulf connects academic, public, and private research providers and conducts applied research to serve communities and industry. The Institute\\u2019s work helps ensure livable communities and a thriving economy and environment.<\\/p>\",\"19\":[\"33\"],\"10\":\"Applied Research. Technical Support.\",\"16\":\"\",\"15\":\"\",\"17\":\"\",\"18\":\"\"}}', '2017-08-04 20:49:48', '2017-08-04 20:49:48', 'b782cc90-d49a-4d42-a829-f0d518114762'),
 ('63', '2', '1', '1', 'en_us', '7', '', '{\"typeId\":null,\"authorId\":null,\"title\":\"Home\",\"slug\":\"homepage\",\"postDate\":1501113279,\"expiryDate\":null,\"enabled\":1,\"parentId\":null,\"fields\":{\"1\":\"<p>The Water Institute of the Gulf connects academic, public, and private research providers and conducts applied research to serve communities and industry. The Institute\\u2019s work helps ensure livable communities and a thriving economy and environment.<\\/p>\",\"19\":[\"74\"],\"10\":\"Applied Research. Technical Support.\",\"16\":\"\",\"15\":\"\",\"17\":\"\"}}', '2017-08-04 21:12:55', '2017-08-04 21:12:55', '2f028446-0ee2-4387-9562-a2dfc474940e'),
 ('64', '2', '1', '1', 'en_us', '8', '', '{\"typeId\":null,\"authorId\":null,\"title\":\"Home\",\"slug\":\"homepage\",\"postDate\":1501113279,\"expiryDate\":null,\"enabled\":1,\"parentId\":null,\"fields\":{\"1\":\"<p>The Water Institute of the Gulf connects academic, public, and private research providers and conducts applied research to serve communities and industry. The Institute\\u2019s work helps ensure livable communities and a thriving economy and environment.<\\/p>\",\"19\":[\"85\"],\"10\":\"Applied Research. Technical Support.\",\"16\":\"\",\"15\":\"\",\"17\":\"\"}}', '2017-08-04 21:15:55', '2017-08-04 21:15:55', '693d3549-5711-46ea-9c1e-f334b6cb17be'),
 ('65', '2', '1', '1', 'en_us', '9', '', '{\"typeId\":null,\"authorId\":null,\"title\":\"Home\",\"slug\":\"homepage\",\"postDate\":1501113279,\"expiryDate\":null,\"enabled\":1,\"parentId\":null,\"fields\":{\"1\":\"<p>The Water Institute of the Gulf connects academic, public, and private research providers and conducts applied research to serve communities and industry. The Institute\\u2019s work helps ensure livable communities and a thriving economy and environment.<\\/p>\",\"19\":[\"85\"],\"20\":\"Officials from the Institute and BRAF visit a site in Laraquette, Chile, with a Ph.D. student working on a thesis to maximize production and determine best methods for mussel aquaculture.\",\"10\":\"Applied Research. Technical Support.\",\"16\":\"\",\"15\":\"\",\"17\":\"\"}}', '2017-08-04 21:23:04', '2017-08-04 21:23:04', 'd5cd301d-81af-4194-a5db-a1cf612ae2b1'),
 ('66', '2', '1', '1', 'en_us', '10', '', '{\"typeId\":null,\"authorId\":null,\"title\":\"Home\",\"slug\":\"homepage\",\"postDate\":1501113279,\"expiryDate\":null,\"enabled\":1,\"parentId\":null,\"fields\":{\"1\":\"<p>The Water Institute of the Gulf connects academic, public, and private research providers and conducts applied research to serve communities and industry. The Institute\\u2019s work helps ensure livable communities and a thriving economy and environment.<\\/p>\",\"19\":[\"85\"],\"20\":\"Officials from the Institute and BRAF visit a site in Laraquette, Chile, with a Ph.D. student working on a thesis to maximize production and determine best methods for mussel aquaculture. Mollie\",\"10\":\"Applied Research. Technical Support.\",\"16\":\"\",\"15\":\"\",\"17\":\"\"}}', '2017-08-04 21:24:44', '2017-08-04 21:24:44', 'b88984e5-3c67-4cbe-a7c6-632e01b14e0d'),
 ('67', '2', '1', '1', 'en_us', '11', '', '{\"typeId\":null,\"authorId\":null,\"title\":\"Home\",\"slug\":\"homepage\",\"postDate\":1501113279,\"expiryDate\":null,\"enabled\":1,\"parentId\":null,\"fields\":{\"1\":\"<p>The Water Institute of the Gulf connects academic, public, and private research providers and conducts applied research to serve communities and industry. The Institute\\u2019s work helps ensure livable communities and a thriving economy and environment.<\\/p>\",\"19\":[\"85\"],\"20\":\"Officials from the Institute and BRAF visit a site in Laraquette, Chile, with a Ph.D. student working on a thesis to maximize production and determine best methods for mussel aquaculture.\",\"10\":\"Applied Research. Technical Support.\",\"16\":\"\",\"15\":\"\",\"17\":\"\"}}', '2017-08-04 21:25:04', '2017-08-04 21:25:04', 'c2d04199-18ca-4496-b195-22c2fec806b9'),
 ('68', '2', '1', '1', 'en_us', '12', '', '{\"typeId\":null,\"authorId\":null,\"title\":\"Home\",\"slug\":\"homepage\",\"postDate\":1501113279,\"expiryDate\":null,\"enabled\":1,\"parentId\":null,\"fields\":{\"1\":\"<p>The Water Institute of the Gulf connects academic, public, and private research providers and conducts applied research to serve communities and industry. The Institute\\u2019s work helps ensure livable communities and a thriving economy and environment.<\\/p>\",\"19\":[\"85\"],\"20\":\"Officials from the Institute and BRAF visit a site in Laraquette, Chile, with a Ph.D. student working on a thesis to maximize production and determine best methods for mussel aquaculture.\",\"10\":\"Applied Research. Technical Support.\",\"16\":\"We all know the statistics and the battle we face \\u2013 seas are rising, land is subsiding, and coastal communities and business and industry are at risk. Bold action here in Louisiana and elsewhere is needed, and those decisions must be based on independent, sound science. In order to be successful, many diverse groups will have to come together.\",\"15\":\"Dedicated to the future of our coast\",\"17\":\"Kevin Reilly, Jr.\",\"18\":[\"86\"],\"21\":\"Chair of the Board\"}}', '2017-08-04 21:57:48', '2017-08-04 21:57:48', 'e4664113-71a5-40fa-95df-34eb1a74e7a2'),
 ('69', '2', '1', '1', 'en_us', '13', '', '{\"typeId\":null,\"authorId\":null,\"title\":\"Home\",\"slug\":\"homepage\",\"postDate\":1501113279,\"expiryDate\":null,\"enabled\":1,\"parentId\":null,\"fields\":{\"1\":\"<p>The Water Institute of the Gulf connects academic, public, and private research providers and conducts applied research to serve communities and industry. The Institute\\u2019s work helps ensure livable communities and a thriving economy and environment.<\\/p>\",\"19\":[\"85\"],\"20\":\"Officials from the Institute and BRAF visit a site in Laraquette, Chile, with a Ph.D. student working on a thesis to maximize production and determine best methods for mussel aquaculture.\",\"10\":\"Applied Research. Technical Support.\",\"16\":\"We all know the statistics and the battle we face \\u2013 seas are rising, land is subsiding, and coastal communities and business and industry are at risk. Bold action here in Louisiana and elsewhere is needed, and those decisions must be based on independent, sound science. In order to be successful, many diverse groups will have to come together.\",\"15\":\"Dedicated to the future of our coast.\",\"17\":\"Kevin Reilly, Jr.\",\"18\":[\"86\"],\"21\":\"Chair of the Board\"}}', '2017-08-04 21:59:32', '2017-08-04 21:59:32', '2f3e2298-26d0-4a11-89a7-e1af7059122f'),
 ('70', '2', '1', '1', 'en_us', '14', '', '{\"typeId\":null,\"authorId\":null,\"title\":\"Home\",\"slug\":\"homepage\",\"postDate\":1501113279,\"expiryDate\":null,\"enabled\":1,\"parentId\":null,\"fields\":{\"1\":\"<p>The Water Institute of the Gulf connects academic, public, and private research providers and conducts applied research to serve communities and industry. The Institute\\u2019s work helps ensure livable communities and a thriving economy and environment.<\\/p>\",\"19\":[\"85\"],\"20\":\"Officials from the Institute and BRAF visit a site in Laraquette, Chile, with a Ph.D. student working on a thesis to maximize production and determine best methods for mussel aquaculture.\",\"10\":\"Applied Research. Technical Support.\",\"16\":\"We all know the statistics and the battle we face \\u2013 seas are rising, land is subsiding, and coastal communities and business and industry are at risk. Bold action here in Louisiana and elsewhere is needed, and those decisions must be based on independent, sound science. In order to be successful, many diverse groups will have to come together.\",\"15\":\"Dedicated to the future of our coast\",\"17\":\"Kevin Reilly, Jr.\",\"18\":[\"86\"],\"21\":\"Chair of the Board\"}}', '2017-08-04 21:59:40', '2017-08-04 21:59:40', 'a572d86a-c2bf-4706-acd4-b9c2ea341a6c'),
 ('71', '87', '5', '1', 'en_us', '1', '', '{\"typeId\":null,\"authorId\":\"1\",\"title\":\"Testing Pages Section\",\"slug\":\"testing-pages-section\",\"postDate\":1502041388,\"expiryDate\":null,\"enabled\":1,\"parentId\":\"\",\"fields\":[]}', '2017-08-06 17:43:08', '2017-08-06 17:43:08', '5d8ed257-d90d-4b5c-a763-97ba77c16ad4'),
 ('72', '88', '5', '1', 'en_us', '1', '', '{\"typeId\":null,\"authorId\":\"1\",\"title\":\"Testing Pages Section 2\",\"slug\":\"testing-pages-section-2\",\"postDate\":1502041498,\"expiryDate\":null,\"enabled\":1,\"parentId\":\"\",\"fields\":[]}', '2017-08-06 17:44:58', '2017-08-06 17:44:58', 'de3921e0-3260-4755-a165-04a083c85b3a'),
 ('73', '87', '5', '1', 'en_us', '2', '', '{\"typeId\":\"5\",\"authorId\":\"1\",\"title\":\"Testing Pages Section\",\"slug\":\"testing-pages-section\",\"postDate\":1502041380,\"expiryDate\":null,\"enabled\":1,\"parentId\":\"\",\"fields\":{\"1\":\"<p>testing body section<\\/p>\"}}', '2017-08-06 17:47:05', '2017-08-06 17:47:05', '355ee8b1-3277-4d45-8091-b32384528cc2'),
 ('74', '88', '5', '1', 'en_us', '2', '', '{\"typeId\":\"5\",\"authorId\":\"1\",\"title\":\"Testing Pages Section 2\",\"slug\":\"testing-pages-section-2\",\"postDate\":1502041440,\"expiryDate\":null,\"enabled\":1,\"parentId\":\"\",\"fields\":{\"1\":\"<p>testing body section 2<\\/p>\"}}', '2017-08-06 17:47:17', '2017-08-06 17:47:17', '470dfa50-5053-4f23-bbc1-c6cca76d60ab'),
 ('77', '87', '5', '1', 'en_us', '3', '', '{\"typeId\":\"15\",\"authorId\":\"1\",\"title\":\"Testing Pages Section\",\"slug\":\"testing-pages-section\",\"postDate\":1502041380,\"expiryDate\":null,\"enabled\":1,\"parentId\":\"\",\"fields\":{\"8\":\"\",\"4\":\"\",\"5\":\"\",\"13\":\"\",\"14\":\"\",\"6\":\"\",\"7\":\"\"}}', '2017-08-06 19:15:57', '2017-08-06 19:15:57', '35fd1429-10a7-4f82-9b68-91326b520174'),
 ('78', '88', '5', '1', 'en_us', '3', '', '{\"typeId\":\"14\",\"authorId\":\"1\",\"title\":\"Technical Team\",\"slug\":\"testing-pages-section-2\",\"postDate\":1502041440,\"expiryDate\":null,\"enabled\":1,\"parentId\":\"\",\"fields\":{\"1\":\"<p>testing body section 2<\\/p>\"}}', '2017-08-06 19:17:39', '2017-08-06 19:17:39', '0a042084-b198-475e-8e68-43b882365559'),
 ('79', '87', '5', '1', 'en_us', '4', '', '{\"typeId\":\"15\",\"authorId\":\"1\",\"title\":\"Team Member\",\"slug\":\"testing-pages-section\",\"postDate\":1502041380,\"expiryDate\":null,\"enabled\":1,\"parentId\":\"88\",\"fields\":{\"8\":\"\",\"4\":\"\",\"5\":\"\",\"13\":\"\",\"14\":\"\",\"6\":\"\",\"7\":\"\"}}', '2017-08-06 19:17:59', '2017-08-06 19:17:59', '2a63ec00-b388-437c-af84-119548a9119a'),
 ('80', '88', '5', '1', 'en_us', '4', '', '{\"typeId\":\"14\",\"authorId\":\"1\",\"title\":\"Technical Team\",\"slug\":\"technical-team\",\"postDate\":1502041440,\"expiryDate\":null,\"enabled\":1,\"parentId\":\"\",\"fields\":{\"1\":\"<p>testing body section 2<\\/p>\"}}', '2017-08-06 19:19:10', '2017-08-06 19:19:10', '0b1a7416-cd90-4c8a-b797-794c968f2484'),
 ('81', '87', '5', '1', 'en_us', '5', '', '{\"typeId\":\"15\",\"authorId\":\"1\",\"title\":\"Team Member\",\"slug\":\"testing-pages-section\",\"postDate\":1502041380,\"expiryDate\":null,\"enabled\":1,\"parentId\":\"88\",\"fields\":{\"8\":\"\",\"4\":\"\",\"5\":\"\",\"13\":\"Cyndhia\",\"14\":\"Ramatchandirane\",\"6\":\"\",\"7\":\"\"}}', '2017-08-06 19:20:04', '2017-08-06 19:20:04', '30205f65-758f-43f9-9450-17e0f077f4e5'),
 ('82', '88', '5', '1', 'en_us', '5', '', '{\"typeId\":\"14\",\"authorId\":\"1\",\"title\":\"Technical Team\",\"slug\":\"technical-team\",\"postDate\":1502041440,\"expiryDate\":null,\"enabled\":1,\"parentId\":\"\",\"fields\":{\"1\":\"<p>testing body section 2<\\/p>\"}}', '2017-08-06 19:25:14', '2017-08-06 19:25:14', '2c51611d-6b6b-4c89-9570-a10dec80406e'),
 ('83', '87', '5', '1', 'en_us', '6', '', '{\"typeId\":\"15\",\"authorId\":\"1\",\"title\":\"CyndhiaRamatchandirane\",\"slug\":\"cyndhia-ramatchandirane-1\",\"postDate\":1502041380,\"expiryDate\":null,\"enabled\":1,\"parentId\":\"88\",\"fields\":{\"8\":\"\",\"4\":\"\",\"5\":\"\",\"13\":\"Cyndhia\",\"14\":\"Ramatchandirane\",\"6\":\"\",\"7\":\"\"}}', '2017-08-06 19:29:36', '2017-08-06 19:29:36', 'f53bebd6-59b2-4cca-8c3c-25872b4104ec'),
 ('84', '87', '5', '1', 'en_us', '7', '', '{\"typeId\":\"15\",\"authorId\":\"1\",\"title\":\"CyndhiaRamatchandirane\",\"slug\":\"cyndhia-ramatchandirane-1\",\"postDate\":1502041380,\"expiryDate\":null,\"enabled\":1,\"parentId\":\"88\",\"fields\":{\"8\":\"\",\"4\":\"\",\"5\":\"\",\"13\":\"Cyndhia\",\"14\":\"Ramatchandirane\",\"6\":\"\",\"7\":\"\"}}', '2017-08-06 19:29:43', '2017-08-06 19:29:43', 'e69bc3e2-4402-49c7-8a8a-84b87cbec174'),
 ('85', '87', '5', '1', 'en_us', '8', '', '{\"typeId\":\"15\",\"authorId\":\"1\",\"title\":\"Cyndhia Ramatchandirane\",\"slug\":\"cyndhia-ramatchandirane-1\",\"postDate\":1502041380,\"expiryDate\":null,\"enabled\":1,\"parentId\":\"88\",\"fields\":{\"8\":\"\",\"4\":\"\",\"5\":\"\",\"13\":\"Cyndhia\",\"14\":\"Ramatchandirane\",\"6\":\"\",\"7\":\"\"}}', '2017-08-06 19:30:14', '2017-08-06 19:30:14', '1d8bb5f1-a9df-4af6-8c18-e2ebd0d25b0e'),
 ('86', '88', '5', '1', 'en_us', '6', '', '{\"typeId\":\"14\",\"authorId\":\"1\",\"title\":\"Technical Team\",\"slug\":\"technical-team\",\"postDate\":1502041440,\"expiryDate\":null,\"enabled\":1,\"parentId\":\"\",\"fields\":{\"1\":\"<p>testing body section Mollie Mollie<\\/p>\"}}', '2017-08-06 19:34:47', '2017-08-06 19:34:47', 'b1b8482c-49b3-46fc-86fa-32de26870add'),
 ('87', '89', '5', '1', 'en_us', '1', '', '{\"typeId\":\"15\",\"authorId\":\"1\",\"title\":\"Denise Reed\",\"slug\":\"denise-reed\",\"postDate\":1502048198,\"expiryDate\":null,\"enabled\":1,\"parentId\":\"88\",\"fields\":{\"12\":\"\",\"8\":\"\",\"4\":\"\",\"5\":\"\",\"13\":\"Denise\",\"14\":\"Reed\",\"6\":\"\",\"7\":\"Vice President for Strategic Research Initiatives\"}}', '2017-08-06 19:36:38', '2017-08-06 19:36:38', 'd5169379-4242-4484-9da1-5035772d96a9'),
 ('88', '89', '5', '1', 'en_us', '2', '', '{\"typeId\":\"15\",\"authorId\":\"1\",\"title\":\"Denise Reed\",\"slug\":\"denise-reed\",\"postDate\":1502048160,\"expiryDate\":null,\"enabled\":1,\"parentId\":\"88\",\"fields\":{\"12\":\"\",\"8\":\"\",\"4\":\"\",\"5\":\"\",\"13\":\"Denise\",\"14\":\"Reed\",\"6\":\"\",\"7\":\"Vice President for Strategic Research Initiatives\"}}', '2017-08-06 19:37:20', '2017-08-06 19:37:20', '71e64746-e44e-4ae1-81bb-4736447b530e'),
 ('89', '90', '5', '1', 'en_us', '1', '', '{\"typeId\":\"15\",\"authorId\":\"1\",\"title\":\"Mead Allison\",\"slug\":\"mead-allison\",\"postDate\":1502048291,\"expiryDate\":null,\"enabled\":1,\"parentId\":\"\",\"fields\":{\"12\":[\"72\"],\"8\":\"\",\"4\":\"\",\"5\":\"\",\"13\":\"Mead\",\"14\":\"Allison\",\"6\":\"\",\"7\":\"\"}}', '2017-08-06 19:38:11', '2017-08-06 19:38:11', '757f5b61-cbba-4fa6-be9a-089e1b41773e'),
 ('90', '90', '5', '1', 'en_us', '2', '', '{\"typeId\":\"15\",\"authorId\":\"1\",\"title\":\"Mead Allison\",\"slug\":\"mead-allison\",\"postDate\":1502048280,\"expiryDate\":null,\"enabled\":1,\"parentId\":\"88\",\"fields\":{\"12\":[\"72\"],\"8\":\"\",\"4\":\"\",\"5\":\"\",\"13\":\"Mead\",\"14\":\"Allison\",\"6\":\"\",\"7\":\"\"}}', '2017-08-06 19:38:20', '2017-08-06 19:38:20', 'c6c8aa1e-c651-4b8c-88a9-87dba75b31c0'),
 ('91', '89', '5', '1', 'en_us', '3', '', '{\"typeId\":\"15\",\"authorId\":\"1\",\"title\":\"Denise Reed\",\"slug\":\"denise-reed\",\"postDate\":1502048160,\"expiryDate\":null,\"enabled\":1,\"parentId\":\"88\",\"fields\":{\"12\":[\"70\"],\"1\":\"<p>Denise Reed, Ph.D., is a nationally and internationally recognized expert in coastal marsh sustainability and the role of human activities in modifying coastal systems. She has studied coastal issues in the United States and around the world for more than 30 years.<\\/p>\\r\\n<p>Dr. Reed has worked closely with Louisiana\\u2019s state government in developing coastal restoration plans, including the 2012 and 2017 Coastal Master Plans. Her experience includes field research on the response of coastal wetlands to sea level rise, ecosystem restoration and planning in the California Bay Delta, and advisory roles involving many federal water resource planning issues including post-Sandy work in the northeast and restoration planning in Puget Sound. She has served on numerous boards and panels addressing the effects of human alterations on coastal environments and the role of science in guiding restoration, including a number of National Research Council, now the National Academies for Science, Engineering and Medicine, committees.<\\/p>\\r\\n<p>Prior to joining The Water Institute of the Gulf, Dr. Reed served as a University Research Professor in the University of New Orleans\\u2019 Department of Earth and Environmental Sciences.<\\/p>\\r\\n<p>She currently serves on the NOAA Science Advisory Board and is a member of the Committee on Independent Scientific Review of Everglades Restoration Progress. She earned a bachelor\'s and doctoral degree in geography from the University of Cambridge.<\\/p>\",\"8\":\"\",\"2\":\"\",\"4\":\"\",\"5\":\"denise.reed@thewaterinstitute.org\",\"13\":\"Denise\",\"14\":\"Reed\",\"6\":\"225.448.2813\",\"7\":\"Vice President for Strategic Research Initiatives\"}}', '2017-08-06 19:55:46', '2017-08-06 19:55:46', '78978a42-1116-4faf-8813-b88967042525'),
 ('92', '90', '5', '1', 'en_us', '3', '', '{\"typeId\":\"15\",\"authorId\":\"1\",\"title\":\"Mead Allison\",\"slug\":\"mead-allison\",\"postDate\":1502048280,\"expiryDate\":null,\"enabled\":1,\"parentId\":\"88\",\"fields\":{\"12\":[\"72\"],\"1\":\"<p>An expert on river, deltaic and coastal sedimentary processes, Mead Allison, Ph.D., has researched river delta systems for nearly 25 years. He is one of the foremost experts on the Mississippi River\\u2019s sediment transport processes.<\\/p>\\r\\n<p>Prior to joining The Water Institute of the Gulf, he served the University of Texas as Associate Director and Senior Research Scientist at the Jackson School of Geosciences\\u2019 Institute for Geophysics.\\r\\nDr. Allison has held faculty positions at Tulane University\\u2019s Department of Earth and Environmental Sciences and at Texas A&M University\\u2019s Department of Oceanography.<\\/p>\\r\\n<p>He earned a Bachelor\\u2019s degree in Geology from the College of William & Mary, a Master\\u2019s in Geology from East Carolina University and a Doctorate in Oceanography from State University of New York, Stony Brook. He studied at the University of Paris as a J. William Fulbright Fellow and was a Post-Doctoral Scholar at Woods Hole Oceanographic Institution.<\\/p>\\r\\n<p>Since joining the Institute in early 2013, Dr. Allison and his group (Physical Processes and Sediment Systems) have undertaken a series of observational in support of coastal restoration efforts for the State of Louisiana. These include process studies of the Calcasieu Ship Channel, the West Bay Diversion, the Mississippi River channel, and Barataria Basin and Breton Sound. The basin studies are in support of research to examine the effects of large proposed river diversions.<\\/p>\\r\\n<p>Dr. Allison\\u2019s group has also initiated studies of the Mekong River channel in Vietnam funded by the Office of Naval Research and the sediment budget of the middle Mississippi River reach funded by the U.S. Army Corps of Engineers.<\\/p>\\r\\n<p>In addition to his responsibilities at the Institute, Dr. Allison is Professor of Earth & Environmental Sciences at Tulane University in New Orleans.<\\/p>\",\"8\":\"\",\"2\":\"\",\"4\":\"\",\"5\":\"mead.allison@thewaterinstitute.org\",\"13\":\"Mead\",\"14\":\"Allison\",\"6\":\"225.448.2813\",\"7\":\"Director of Physical Processes & Sediment Systems\"}}', '2017-08-06 19:57:09', '2017-08-06 19:57:09', '6ab51643-c50d-4067-954e-4e28bf91c735'),
 ('93', '87', '5', '1', 'en_us', '9', '', '{\"typeId\":\"15\",\"authorId\":\"1\",\"title\":\"Cyndhia Ramatchandirane\",\"slug\":\"cyndhia-ramatchandirane-1\",\"postDate\":1502041380,\"expiryDate\":null,\"enabled\":1,\"parentId\":\"88\",\"fields\":{\"12\":[\"67\"],\"1\":\"<p>Cyndhia Ramatchandirane is a Scientist Associate with The Water Institute. She has four years of experience studying and conducting fieldwork across coastal Louisiana, generally examining fluvial sediment delivery in tidal marsh systems. Her research interests include coastal restoration and water resources science and management, as well as sediment and freshwater exchange between deltas and coastal basins and margins. In addition to science, she has broad interest in effective environmental science communication and education.<\\/p>\\r\\n<p>While at The Water Institute, Ramatchandirane has participated in many field data collection activities with the Physical Processes and Sediment Dynamics group led by Director Mead Allison. One of her main tasks was to collect and post-process data for the Calcasieu Ship Channel Salinity Control Structure project. Currently, she is most heavily involved with the data collection and processing for the Basin-Wide Modeling of the Delta Management project.<\\/p>\\r\\n<p>Prior to joining the Institute, Ramatchandirane researched Chenier Plain wetland development, with an emphasis on sediment exchange along the southwest Louisiana coastal zone. Her undergraduate studies and research experiences were also focused on coastal processes and wetland science.<\\/p>\\r\\n<p>She received her Bachelor\\u2019s degree in Geosciences from Wellesley College and obtained her Master\\u2019s degree in Earth and Environmental Sciences from Tulane University.<\\/p>\",\"8\":\"\",\"2\":\"\",\"4\":[\"23\"],\"5\":\"cyndia.ramatchandirane@thewaterinstitute.org\",\"13\":\"Cyndhia\",\"14\":\"Ramatchandirane\",\"6\":\"225.448.2813\",\"7\":\"Scientist Associate\"}}', '2017-08-06 19:57:58', '2017-08-06 19:57:58', 'b2ba7e21-9590-4820-83cf-cb5ff809ee32'),
 ('94', '88', '5', '1', 'en_us', '7', '', '{\"typeId\":\"14\",\"authorId\":\"1\",\"title\":\"Technical Team\",\"slug\":\"technical-team\",\"postDate\":1502041440,\"expiryDate\":null,\"enabled\":1,\"parentId\":\"\",\"fields\":{\"1\":\"<p>&lt;h2&gt;THE MINDS BEHIND THE RESEARCH&lt;\\/h2&gt;<br>&lt;p&gt;The Water Institute of the Gulf is distinguished &nbsp;by its staff of acknowledged leaders with proven expertise. For a list of areas of expertise for each staff member, click here.&lt;\\/p&gt;<\\/p>\"}}', '2017-08-06 19:58:22', '2017-08-06 19:58:22', 'b18bb3d1-94b1-409e-947c-d8c9d602f23b'),
 ('95', '88', '5', '1', 'en_us', '8', '', '{\"typeId\":\"14\",\"authorId\":\"1\",\"title\":\"Technical Team\",\"slug\":\"technical-team\",\"postDate\":1502041440,\"expiryDate\":null,\"enabled\":1,\"parentId\":\"\",\"fields\":{\"1\":\"<h2>THE MINDS BEHIND THE RESEARCH<\\/h2>\\r\\n<p>The Water Institute of the Gulf is distinguished  by its staff of acknowledged leaders with proven expertise. For a list of areas of expertise for each staff member, click here.<\\/p>\"}}', '2017-08-06 19:58:36', '2017-08-06 19:58:36', '66a29765-46e3-42bf-935e-6c6aae67cebd'),
 ('96', '91', '8', '1', 'en_us', '1', '', '{\"typeId\":\"17\",\"authorId\":\"1\",\"title\":\"UNDERSTANDING CHANGE IN FISHERIES\",\"slug\":\"understanding-change-in-fisheries\",\"postDate\":1502058061,\"expiryDate\":null,\"enabled\":1,\"parentId\":null,\"fields\":{\"27\":\"<p>Ut ut massa sit amet eros auctor sagittis sed ac odio. Sed at dui rutrum, sodales nibh eget, euismod risus. Curabitur libero nunc, porta ac felis a, feugiat feugiat sapien. Cras ac aliquet augue. Vestibulum ultrices mi ut convallis egestas. Maecenas malesuada nisi ac dui consectetur vulputate. Phasellus vel risus lorem. Donec tristique tortor nisl, et interdum ante sodales vitae. Aenean egestas imperdiet pretium. Nunc lorem ex, vehicula ac rutrum id, molestie sit amet sem. Quisque eget pretium augue. Sed sit amet porttitor ligula. Ut at congue nisl, sed sagittis risus. Fusce feugiat, dui nec imperdiet ornare, est felis ullamcorper nulla, non aliquet ante nunc sit amet urna. Curabitur consectetur efficitur ante et mattis.<\\/p><p>In hac habitasse platea dictumst. Duis non accumsan felis. Proin ultricies orci sapien, vel iaculis quam ultricies non. Donec molestie, nulla sit amet pulvinar cursus, massa lectus euismod nisi, at pulvinar sapien mi non quam. Integer tristique eleifend ligula, fringilla iaculis ipsum iaculis tristique. Fusce bibendum enim lacus. Aliquam leo ligula, ullamcorper quis magna id, fermentum imperdiet lacus. Ut ut lectus placerat, vestibulum neque in, volutpat leo. Aliquam ac dolor vitae tellus consequat imperdiet. Vivamus semper consectetur rutrum. Pellentesque habitant morbi tristique senectus et netus et malesuada fames ac turpis egestas. Praesent sed pharetra purus, et iaculis augue. Etiam ultrices egestas varius.<\\/p>\",\"26\":\"<p>Lorem ipsum dolor sit amet, consectetur adipiscing elit, sed do eiusmod tempor incididunt ut labore et dolore magna aliqua. Ut enim ad minim veniam, quis nostrud exercitation ullamco laboris nisi ut aliquip ex ea commodo consequat. Duis aute irure dolor in reprehenderit in voluptate velit esse cillum dolore eu fugiat nulla pariatur. Excepteur sint occaecat cupidatat non proident, sunt in culpa qui officia deserunt mollit anim id est laborum.<\\/p>\",\"22\":\"Client Name\",\"23\":\"2 Years\",\"24\":\"This project examines historical change as well as current natural variation in the abundance and distribution of native resident and estuarine-dependent fisheries species. The aim is to better understand fisheries\\u2019 resilience to short- or long-term perturbations in coastal conditions. Existing data on fisheries\' response to diversions is being studied to ensure this research embraces a broad range of conditions and\\/or project effects. This project is geared toward providing reasonable expectations of the future dynamics of key species.\",\"28\":\"\",\"30\":\"UNDERSTANDING CHANGE IN FISHERIES\",\"29\":\"\"}}', '2017-08-06 22:21:01', '2017-08-06 22:21:01', '8bfca4c8-6615-4621-87ba-c1424497700f'),
 ('97', '91', '8', '1', 'en_us', '2', '', '{\"typeId\":\"17\",\"authorId\":\"1\",\"title\":\"Understanding Change in Fisheries\",\"slug\":\"understanding-change-in-fisheries\",\"postDate\":1502058060,\"expiryDate\":null,\"enabled\":1,\"parentId\":null,\"fields\":{\"27\":\"<p>Ut ut massa sit amet eros auctor sagittis sed ac odio. Sed at dui rutrum, sodales nibh eget, euismod risus. Curabitur libero nunc, porta ac felis a, feugiat feugiat sapien. Cras ac aliquet augue. Vestibulum ultrices mi ut convallis egestas. Maecenas malesuada nisi ac dui consectetur vulputate. Phasellus vel risus lorem. Donec tristique tortor nisl, et interdum ante sodales vitae. Aenean egestas imperdiet pretium. Nunc lorem ex, vehicula ac rutrum id, molestie sit amet sem. Quisque eget pretium augue. Sed sit amet porttitor ligula. Ut at congue nisl, sed sagittis risus. Fusce feugiat, dui nec imperdiet ornare, est felis ullamcorper nulla, non aliquet ante nunc sit amet urna. Curabitur consectetur efficitur ante et mattis.<\\/p>\\r\\n<p>In hac habitasse platea dictumst. Duis non accumsan felis. Proin ultricies orci sapien, vel iaculis quam ultricies non. Donec molestie, nulla sit amet pulvinar cursus, massa lectus euismod nisi, at pulvinar sapien mi non quam. Integer tristique eleifend ligula, fringilla iaculis ipsum iaculis tristique. Fusce bibendum enim lacus. Aliquam leo ligula, ullamcorper quis magna id, fermentum imperdiet lacus. Ut ut lectus placerat, vestibulum neque in, volutpat leo. Aliquam ac dolor vitae tellus consequat imperdiet. Vivamus semper consectetur rutrum. Pellentesque habitant morbi tristique senectus et netus et malesuada fames ac turpis egestas. Praesent sed pharetra purus, et iaculis augue. Etiam ultrices egestas varius.<\\/p>\",\"26\":\"<p>Lorem ipsum dolor sit amet, consectetur adipiscing elit, sed do eiusmod tempor incididunt ut labore et dolore magna aliqua. Ut enim ad minim veniam, quis nostrud exercitation ullamco laboris nisi ut aliquip ex ea commodo consequat. Duis aute irure dolor in reprehenderit in voluptate velit esse cillum dolore eu fugiat nulla pariatur. Excepteur sint occaecat cupidatat non proident, sunt in culpa qui officia deserunt mollit anim id est laborum.<\\/p>\",\"22\":\"Client Name\",\"23\":\"2 Years\",\"24\":\"This project examines historical change as well as current natural variation in the abundance and distribution of native resident and estuarine-dependent fisheries species. The aim is to better understand fisheries\\u2019 resilience to short- or long-term perturbations in coastal conditions. Existing data on fisheries\' response to diversions is being studied to ensure this research embraces a broad range of conditions and\\/or project effects. This project is geared toward providing reasonable expectations of the future dynamics of key species.\",\"28\":\"\",\"30\":\"Understanding Change in Fisheries\",\"29\":\"\"}}', '2017-08-06 22:21:17', '2017-08-06 22:21:17', 'd67f0240-5dc6-4907-ad03-363f44403405'),
 ('98', '91', '8', '1', 'en_us', '3', '', '{\"typeId\":\"17\",\"authorId\":\"1\",\"title\":\"Understanding Change in Fisheries\",\"slug\":\"understanding-change-in-fisheries\",\"postDate\":1502058060,\"expiryDate\":null,\"enabled\":1,\"parentId\":null,\"fields\":{\"27\":\"<p>Ut ut massa sit amet eros auctor sagittis sed ac odio. Sed at dui rutrum, sodales nibh eget, euismod risus. Curabitur libero nunc, porta ac felis a, feugiat feugiat sapien. Cras ac aliquet augue. Vestibulum ultrices mi ut convallis egestas. Maecenas malesuada nisi ac dui consectetur vulputate. Phasellus vel risus lorem. Donec tristique tortor nisl, et interdum ante sodales vitae. Aenean egestas imperdiet pretium. Nunc lorem ex, vehicula ac rutrum id, molestie sit amet sem. Quisque eget pretium augue. Sed sit amet porttitor ligula. Ut at congue nisl, sed sagittis risus. Fusce feugiat, dui nec imperdiet ornare, est felis ullamcorper nulla, non aliquet ante nunc sit amet urna. Curabitur consectetur efficitur ante et mattis.<\\/p>\\r\\n<p>In hac habitasse platea dictumst. Duis non accumsan felis. Proin ultricies orci sapien, vel iaculis quam ultricies non. Donec molestie, nulla sit amet pulvinar cursus, massa lectus euismod nisi, at pulvinar sapien mi non quam. Integer tristique eleifend ligula, fringilla iaculis ipsum iaculis tristique. Fusce bibendum enim lacus. Aliquam leo ligula, ullamcorper quis magna id, fermentum imperdiet lacus. Ut ut lectus placerat, vestibulum neque in, volutpat leo. Aliquam ac dolor vitae tellus consequat imperdiet. Vivamus semper consectetur rutrum. Pellentesque habitant morbi tristique senectus et netus et malesuada fames ac turpis egestas. Praesent sed pharetra purus, et iaculis augue. Etiam ultrices egestas varius.<\\/p>\",\"26\":\"<p>Lorem ipsum dolor sit amet, consectetur adipiscing elit, sed do eiusmod tempor incididunt ut labore et dolore magna aliqua. Ut enim ad minim veniam, quis nostrud exercitation ullamco laboris nisi ut aliquip ex ea commodo consequat. Duis aute irure dolor in reprehenderit in voluptate velit esse cillum dolore eu fugiat nulla pariatur. Excepteur sint occaecat cupidatat non proident, sunt in culpa qui officia deserunt mollit anim id est laborum.<\\/p>\",\"22\":\"Client Name\",\"23\":\"2 Years\",\"24\":\"This project examines historical change as well as current natural variation in the abundance and distribution of native resident and estuarine-dependent fisheries species. The aim is to better understand fisheries\\u2019 resilience to short- or long-term perturbations in coastal conditions. Existing data on fisheries\' response to diversions is being studied to ensure this research embraces a broad range of conditions and\\/or project effects. This project is geared toward providing reasonable expectations of the future dynamics of key species.\",\"28\":\"\",\"30\":\"Understanding Change in Fisheries\",\"29\":[\"92\"]}}', '2017-08-06 22:22:19', '2017-08-06 22:22:19', '3e1d5dc2-f039-4b5b-9ff3-0e07f8bd5dda'),
 ('99', '91', '8', '1', 'en_us', '4', '', '{\"typeId\":\"17\",\"authorId\":\"1\",\"title\":\"Understanding Change in Fisheries\",\"slug\":\"understanding-change-in-fisheries\",\"postDate\":1502058060,\"expiryDate\":null,\"enabled\":1,\"parentId\":null,\"fields\":{\"27\":\"<p>Ut ut massa sit amet eros auctor sagittis sed ac odio. Sed at dui rutrum, sodales nibh eget, euismod risus. Curabitur libero nunc, porta ac felis a, feugiat feugiat sapien. Cras ac aliquet augue. Vestibulum ultrices mi ut convallis egestas. Maecenas malesuada nisi ac dui consectetur vulputate. Phasellus vel risus lorem. Donec tristique tortor nisl, et interdum ante sodales vitae. Aenean egestas imperdiet pretium. Nunc lorem ex, vehicula ac rutrum id, molestie sit amet sem. Quisque eget pretium augue. Sed sit amet porttitor ligula. Ut at congue nisl, sed sagittis risus. Fusce feugiat, dui nec imperdiet ornare, est felis ullamcorper nulla, non aliquet ante nunc sit amet urna. Curabitur consectetur efficitur ante et mattis.<\\/p>\\r\\n<p>In hac habitasse platea dictumst. Duis non accumsan felis. Proin ultricies orci sapien, vel iaculis quam ultricies non. Donec molestie, nulla sit amet pulvinar cursus, massa lectus euismod nisi, at pulvinar sapien mi non quam. Integer tristique eleifend ligula, fringilla iaculis ipsum iaculis tristique. Fusce bibendum enim lacus. Aliquam leo ligula, ullamcorper quis magna id, fermentum imperdiet lacus. Ut ut lectus placerat, vestibulum neque in, volutpat leo. Aliquam ac dolor vitae tellus consequat imperdiet. Vivamus semper consectetur rutrum. Pellentesque habitant morbi tristique senectus et netus et malesuada fames ac turpis egestas. Praesent sed pharetra purus, et iaculis augue. Etiam ultrices egestas varius.<\\/p>\",\"26\":\"<p>Lorem ipsum dolor sit amet, consectetur adipiscing elit, sed do eiusmod tempor incididunt ut labore et dolore magna aliqua. Ut enim ad minim veniam, quis nostrud exercitation ullamco laboris nisi ut aliquip ex ea commodo consequat. Duis aute irure dolor in reprehenderit in voluptate velit esse cillum dolore eu fugiat nulla pariatur. Excepteur sint occaecat cupidatat non proident, sunt in culpa qui officia deserunt mollit anim id est laborum.<\\/p>\",\"22\":\"Client Name\",\"23\":\"2 Years\",\"24\":\"This project examines historical change as well as current natural variation in the abundance and distribution of native resident and estuarine-dependent fisheries species. The aim is to better understand fisheries\\u2019 resilience to short- or long-term perturbations in coastal conditions. Existing data on fisheries\' response to diversions is being studied to ensure this research embraces a broad range of conditions and\\/or project effects. This project is geared toward providing reasonable expectations of the future dynamics of key species.\",\"28\":\"\",\"30\":\"Understanding Change in Fisheries\",\"29\":[\"76\"]}}', '2017-08-06 22:24:40', '2017-08-06 22:24:40', '8476c9b4-9c7b-4471-9441-b14d342f5e08'),
 ('100', '91', '8', '1', 'en_us', '5', '', '{\"typeId\":\"17\",\"authorId\":\"1\",\"title\":\"Understanding Change in Fisheries\",\"slug\":\"understanding-change-in-fisheries\",\"postDate\":1502058060,\"expiryDate\":null,\"enabled\":1,\"parentId\":null,\"fields\":{\"27\":\"<p>Ut ut massa sit amet eros auctor sagittis sed ac odio. Sed at dui rutrum, sodales nibh eget, euismod risus. Curabitur libero nunc, porta ac felis a, feugiat feugiat sapien. Cras ac aliquet augue. Vestibulum ultrices mi ut convallis egestas. Maecenas malesuada nisi ac dui consectetur vulputate. Phasellus vel risus lorem. Donec tristique tortor nisl, et interdum ante sodales vitae. Aenean egestas imperdiet pretium. Nunc lorem ex, vehicula ac rutrum id, molestie sit amet sem. Quisque eget pretium augue. Sed sit amet porttitor ligula. Ut at congue nisl, sed sagittis risus. Fusce feugiat, dui nec imperdiet ornare, est felis ullamcorper nulla, non aliquet ante nunc sit amet urna. Curabitur consectetur efficitur ante et mattis.<\\/p>\\r\\n<p>In hac habitasse platea dictumst. Duis non accumsan felis. Proin ultricies orci sapien, vel iaculis quam ultricies non. Donec molestie, nulla sit amet pulvinar cursus, massa lectus euismod nisi, at pulvinar sapien mi non quam. Integer tristique eleifend ligula, fringilla iaculis ipsum iaculis tristique. Fusce bibendum enim lacus. Aliquam leo ligula, ullamcorper quis magna id, fermentum imperdiet lacus. Ut ut lectus placerat, vestibulum neque in, volutpat leo. Aliquam ac dolor vitae tellus consequat imperdiet. Vivamus semper consectetur rutrum. Pellentesque habitant morbi tristique senectus et netus et malesuada fames ac turpis egestas. Praesent sed pharetra purus, et iaculis augue. Etiam ultrices egestas varius.<\\/p>\",\"26\":\"<p>Lorem ipsum dolor sit amet, consectetur adipiscing elit, sed do eiusmod tempor incididunt ut labore et dolore magna aliqua. Ut enim ad minim veniam, quis nostrud exercitation ullamco laboris nisi ut aliquip ex ea commodo consequat. Duis aute irure dolor in reprehenderit in voluptate velit esse cillum dolore eu fugiat nulla pariatur. Excepteur sint occaecat cupidatat non proident, sunt in culpa qui officia deserunt mollit anim id est laborum.<\\/p>\",\"22\":\"Client Name\",\"23\":\"2 Years\",\"24\":\"This project examines historical change as well as current natural variation in the abundance and distribution of native resident and estuarine-dependent fisheries species. The aim is to better understand fisheries\\u2019 resilience to short- or long-term perturbations in coastal conditions. Existing data on fisheries\' response to diversions is being studied to ensure this research embraces a broad range of conditions and\\/or project effects. This project is geared toward providing reasonable expectations of the future dynamics of key species.\",\"28\":\"\",\"30\":\"Understanding Change in Fisheries\",\"29\":[\"92\"]}}', '2017-08-06 22:26:57', '2017-08-06 22:26:57', 'c20179de-a6a0-46a6-ab63-fb2bd0908db6'),
 ('101', '91', '8', '1', 'en_us', '6', '', '{\"typeId\":\"17\",\"authorId\":\"1\",\"title\":\"Understanding Change in Fisheries\",\"slug\":\"understanding-change-in-fisheries\",\"postDate\":1502058060,\"expiryDate\":null,\"enabled\":1,\"parentId\":null,\"fields\":{\"27\":\"<p>Ut ut massa sit amet eros auctor sagittis sed ac odio. Sed at dui rutrum, sodales nibh eget, euismod risus. Curabitur libero nunc, porta ac felis a, feugiat feugiat sapien. Cras ac aliquet augue. Vestibulum ultrices mi ut convallis egestas. Maecenas malesuada nisi ac dui consectetur vulputate. Phasellus vel risus lorem. Donec tristique tortor nisl, et interdum ante sodales vitae. Aenean egestas imperdiet pretium. Nunc lorem ex, vehicula ac rutrum id, molestie sit amet sem. Quisque eget pretium augue. Sed sit amet porttitor ligula. Ut at congue nisl, sed sagittis risus. Fusce feugiat, dui nec imperdiet ornare, est felis ullamcorper nulla, non aliquet ante nunc sit amet urna. Curabitur consectetur efficitur ante et mattis.<\\/p>\\r\\n<p>In hac habitasse platea dictumst. Duis non accumsan felis. Proin ultricies orci sapien, vel iaculis quam ultricies non. Donec molestie, nulla sit amet pulvinar cursus, massa lectus euismod nisi, at pulvinar sapien mi non quam. Integer tristique eleifend ligula, fringilla iaculis ipsum iaculis tristique. Fusce bibendum enim lacus. Aliquam leo ligula, ullamcorper quis magna id, fermentum imperdiet lacus. Ut ut lectus placerat, vestibulum neque in, volutpat leo. Aliquam ac dolor vitae tellus consequat imperdiet. Vivamus semper consectetur rutrum. Pellentesque habitant morbi tristique senectus et netus et malesuada fames ac turpis egestas. Praesent sed pharetra purus, et iaculis augue. Etiam ultrices egestas varius.<\\/p>\",\"26\":\"<p>Lorem ipsum dolor sit amet, consectetur adipiscing elit, sed do eiusmod tempor incididunt ut labore et dolore magna aliqua. Ut enim ad minim veniam, quis nostrud exercitation ullamco laboris nisi ut aliquip ex ea commodo consequat. Duis aute irure dolor in reprehenderit in voluptate velit esse cillum dolore eu fugiat nulla pariatur. Excepteur sint occaecat cupidatat non proident, sunt in culpa qui officia deserunt mollit anim id est laborum.<\\/p>\",\"22\":\"Client Name\",\"23\":\"2 Years\",\"24\":\"This project examines historical change as well as current natural variation in the abundance and distribution of native resident and estuarine-dependent fisheries species. The aim is to better understand fisheries\\u2019 resilience to short- or long-term perturbations in coastal conditions. Existing data on fisheries\' response to diversions is being studied to ensure this research embraces a broad range of conditions and\\/or project effects. This project is geared toward providing reasonable expectations of the future dynamics of key species.\",\"28\":[\"89\",\"90\"],\"30\":\"Understanding Change in Fisheries\",\"29\":[\"92\"]}}', '2017-08-06 22:27:20', '2017-08-06 22:27:20', '07c6f6c5-d2e7-4819-acfb-d8231be09ad8'),
 ('102', '89', '5', '1', 'en_us', '4', '', '{\"typeId\":\"15\",\"authorId\":\"1\",\"title\":\"Denise Reed\",\"slug\":\"denise-reed\",\"postDate\":1502048160,\"expiryDate\":null,\"enabled\":1,\"parentId\":\"88\",\"fields\":{\"12\":[\"70\"],\"1\":\"<p>Denise Reed, Ph.D., is a nationally and internationally recognized expert in coastal marsh sustainability and the role of human activities in modifying coastal systems. She has studied coastal issues in the United States and around the world for more than 30 years.<\\/p>\\r\\n<p>Dr. Reed has worked closely with Louisiana\\u2019s state government in developing coastal restoration plans, including the 2012 and 2017 Coastal Master Plans. Her experience includes field research on the response of coastal wetlands to sea level rise, ecosystem restoration and planning in the California Bay Delta, and advisory roles involving many federal water resource planning issues including post-Sandy work in the northeast and restoration planning in Puget Sound. She has served on numerous boards and panels addressing the effects of human alterations on coastal environments and the role of science in guiding restoration, including a number of National Research Council, now the National Academies for Science, Engineering and Medicine, committees.<\\/p>\\r\\n<p>Prior to joining The Water Institute of the Gulf, Dr. Reed served as a University Research Professor in the University of New Orleans\\u2019 Department of Earth and Environmental Sciences.<\\/p>\\r\\n<p>She currently serves on the NOAA Science Advisory Board and is a member of the Committee on Independent Scientific Review of Everglades Restoration Progress. She earned a bachelor\'s and doctoral degree in geography from the University of Cambridge.<\\/p>\",\"8\":[\"91\"],\"2\":\"\",\"4\":\"\",\"5\":\"denise.reed@thewaterinstitute.org\",\"13\":\"Denise\",\"14\":\"Reed\",\"6\":\"225.448.2813\",\"7\":\"Vice President for Strategic Research Initiatives\"}}', '2017-08-06 22:50:44', '2017-08-06 22:50:44', '3fa2f874-36e6-46ea-81c5-cc52c7047d7e'),
 ('103', '90', '5', '1', 'en_us', '4', '', '{\"typeId\":\"15\",\"authorId\":\"1\",\"title\":\"Mead Allison\",\"slug\":\"mead-allison\",\"postDate\":1502048280,\"expiryDate\":null,\"enabled\":1,\"parentId\":\"88\",\"fields\":{\"12\":[\"72\"],\"1\":\"<p>An expert on river, deltaic and coastal sedimentary processes, Mead Allison, Ph.D., has researched river delta systems for nearly 25 years. He is one of the foremost experts on the Mississippi River\\u2019s sediment transport processes.<\\/p>\\r\\n<p>Prior to joining The Water Institute of the Gulf, he served the University of Texas as Associate Director and Senior Research Scientist at the Jackson School of Geosciences\\u2019 Institute for Geophysics.\\r\\nDr. Allison has held faculty positions at Tulane University\\u2019s Department of Earth and Environmental Sciences and at Texas A&M University\\u2019s Department of Oceanography.<\\/p>\\r\\n<p>He earned a Bachelor\\u2019s degree in Geology from the College of William & Mary, a Master\\u2019s in Geology from East Carolina University and a Doctorate in Oceanography from State University of New York, Stony Brook. He studied at the University of Paris as a J. William Fulbright Fellow and was a Post-Doctoral Scholar at Woods Hole Oceanographic Institution.<\\/p>\\r\\n<p>Since joining the Institute in early 2013, Dr. Allison and his group (Physical Processes and Sediment Systems) have undertaken a series of observational in support of coastal restoration efforts for the State of Louisiana. These include process studies of the Calcasieu Ship Channel, the West Bay Diversion, the Mississippi River channel, and Barataria Basin and Breton Sound. The basin studies are in support of research to examine the effects of large proposed river diversions.<\\/p>\\r\\n<p>Dr. Allison\\u2019s group has also initiated studies of the Mekong River channel in Vietnam funded by the Office of Naval Research and the sediment budget of the middle Mississippi River reach funded by the U.S. Army Corps of Engineers.<\\/p>\\r\\n<p>In addition to his responsibilities at the Institute, Dr. Allison is Professor of Earth & Environmental Sciences at Tulane University in New Orleans.<\\/p>\",\"8\":[\"91\"],\"2\":\"\",\"4\":\"\",\"5\":\"mead.allison@thewaterinstitute.org\",\"13\":\"Mead\",\"14\":\"Allison\",\"6\":\"225.448.2813\",\"7\":\"Director of Physical Processes & Sediment Systems\"}}', '2017-08-06 22:56:02', '2017-08-06 22:56:02', 'fe80314c-f112-4dfb-8fe9-faad7698910f'),
 ('104', '91', '8', '1', 'en_us', '7', '', '{\"typeId\":\"17\",\"authorId\":\"1\",\"title\":\"Understanding Change in Fisheries\",\"slug\":\"understanding-change-in-fisheries\",\"postDate\":1502058060,\"expiryDate\":null,\"enabled\":1,\"parentId\":null,\"fields\":{\"27\":\"<p>Ut ut massa sit amet eros auctor sagittis sed ac odio. Sed at dui rutrum, sodales nibh eget, euismod risus. Curabitur libero nunc, porta ac felis a, feugiat feugiat sapien. Cras ac aliquet augue. Vestibulum ultrices mi ut convallis egestas. Maecenas malesuada nisi ac dui consectetur vulputate. Phasellus vel risus lorem. Donec tristique tortor nisl, et interdum ante sodales vitae. Aenean egestas imperdiet pretium. Nunc lorem ex, vehicula ac rutrum id, molestie sit amet sem. Quisque eget pretium augue. Sed sit amet porttitor ligula. Ut at congue nisl, sed sagittis risus. Fusce feugiat, dui nec imperdiet ornare, est felis ullamcorper nulla, non aliquet ante nunc sit amet urna. Curabitur consectetur efficitur ante et mattis.<\\/p>\\r\\n<p>In hac habitasse platea dictumst. Duis non accumsan felis. Proin ultricies orci sapien, vel iaculis quam ultricies non. Donec molestie, nulla sit amet pulvinar cursus, massa lectus euismod nisi, at pulvinar sapien mi non quam. Integer tristique eleifend ligula, fringilla iaculis ipsum iaculis tristique. Fusce bibendum enim lacus. Aliquam leo ligula, ullamcorper quis magna id, fermentum imperdiet lacus. Ut ut lectus placerat, vestibulum neque in, volutpat leo. Aliquam ac dolor vitae tellus consequat imperdiet. Vivamus semper consectetur rutrum. Pellentesque habitant morbi tristique senectus et netus et malesuada fames ac turpis egestas. Praesent sed pharetra purus, et iaculis augue. Etiam ultrices egestas varius.<\\/p>\",\"26\":\"<p>Lorem ipsum dolor sit amet, consectetur adipiscing elit, sed do eiusmod tempor incididunt ut labore et dolore magna aliqua. Ut enim ad minim veniam, quis nostrud exercitation ullamco laboris nisi ut aliquip ex ea commodo consequat. Duis aute irure dolor in reprehenderit in voluptate velit esse cillum dolore eu fugiat nulla pariatur. Excepteur sint occaecat cupidatat non proident, sunt in culpa qui officia deserunt mollit anim id est laborum.<\\/p>\",\"22\":\"Client Name\",\"23\":\"2 Years\",\"24\":\"This project examines historical change as well as current natural variation in the abundance and distribution of native resident and estuarine-dependent fisheries species. The aim is to better understand fisheries\\u2019 resilience to short- or long-term perturbations in coastal conditions. Existing data on fisheries\' response to diversions is being studied to ensure this research embraces a broad range of conditions and\\/or project effects. This project is geared toward providing reasonable expectations of the future dynamics of key species.\",\"28\":\"\",\"30\":\"Understanding Change in Fisheries\",\"29\":[\"92\"]}}', '2017-08-06 23:07:05', '2017-08-06 23:07:05', '9e3d4f62-ac1a-4289-9b45-e0ab11315d99'),
 ('105', '89', '5', '1', 'en_us', '5', '', '{\"typeId\":\"15\",\"authorId\":\"1\",\"title\":\"Denise Reed\",\"slug\":\"denise-reed\",\"postDate\":1502048160,\"expiryDate\":null,\"enabled\":1,\"parentId\":\"88\",\"fields\":{\"31\":\"<ul><li>Integrated water resources management<\\/li><li>Coastal policy & planning&nbsp;<\\/li><li>Climate change&nbsp;<\\/li><li>Science communication<\\/li><\\/ul>\",\"12\":[\"70\"],\"1\":\"<p>Denise Reed, Ph.D., is a nationally and internationally recognized expert in coastal marsh sustainability and the role of human activities in modifying coastal systems. She has studied coastal issues in the United States and around the world for more than 30 years.<\\/p>\\r\\n<p>Dr. Reed has worked closely with Louisiana\\u2019s state government in developing coastal restoration plans, including the 2012 and 2017 Coastal Master Plans. Her experience includes field research on the response of coastal wetlands to sea level rise, ecosystem restoration and planning in the California Bay Delta, and advisory roles involving many federal water resource planning issues including post-Sandy work in the northeast and restoration planning in Puget Sound. She has served on numerous boards and panels addressing the effects of human alterations on coastal environments and the role of science in guiding restoration, including a number of National Research Council, now the National Academies for Science, Engineering and Medicine, committees.<\\/p>\\r\\n<p>Prior to joining The Water Institute of the Gulf, Dr. Reed served as a University Research Professor in the University of New Orleans\\u2019 Department of Earth and Environmental Sciences.<\\/p>\\r\\n<p>She currently serves on the NOAA Science Advisory Board and is a member of the Committee on Independent Scientific Review of Everglades Restoration Progress. She earned a bachelor\'s and doctoral degree in geography from the University of Cambridge.<\\/p>\",\"8\":[\"91\"],\"2\":\"\",\"4\":\"\",\"5\":\"denise.reed@thewaterinstitute.org\",\"13\":\"Denise\",\"14\":\"Reed\",\"6\":\"225.448.2813\",\"7\":\"Vice President for Strategic Research Initiatives\"}}', '2017-08-07 14:14:27', '2017-08-07 14:14:27', '7c46386c-19bf-4bad-b1d8-be1cc381566f'),
 ('106', '90', '5', '1', 'en_us', '5', '', '{\"typeId\":\"15\",\"authorId\":\"1\",\"title\":\"Mead Allison\",\"slug\":\"mead-allison\",\"postDate\":1502048280,\"expiryDate\":null,\"enabled\":1,\"parentId\":\"88\",\"fields\":{\"31\":\"<ul><li>Sediment availability & management<\\/li><li>Subsidence&nbsp;<\\/li><li>Water & soil quality<\\/li><\\/ul>\",\"12\":[\"72\"],\"1\":\"<p>An expert on river, deltaic and coastal sedimentary processes, Mead Allison, Ph.D., has researched river delta systems for nearly 25 years. He is one of the foremost experts on the Mississippi River\\u2019s sediment transport processes.<\\/p>\\r\\n<p>Prior to joining The Water Institute of the Gulf, he served the University of Texas as Associate Director and Senior Research Scientist at the Jackson School of Geosciences\\u2019 Institute for Geophysics.\\r\\nDr. Allison has held faculty positions at Tulane University\\u2019s Department of Earth and Environmental Sciences and at Texas A&M University\\u2019s Department of Oceanography.<\\/p>\\r\\n<p>He earned a Bachelor\\u2019s degree in Geology from the College of William & Mary, a Master\\u2019s in Geology from East Carolina University and a Doctorate in Oceanography from State University of New York, Stony Brook. He studied at the University of Paris as a J. William Fulbright Fellow and was a Post-Doctoral Scholar at Woods Hole Oceanographic Institution.<\\/p>\\r\\n<p>Since joining the Institute in early 2013, Dr. Allison and his group (Physical Processes and Sediment Systems) have undertaken a series of observational in support of coastal restoration efforts for the State of Louisiana. These include process studies of the Calcasieu Ship Channel, the West Bay Diversion, the Mississippi River channel, and Barataria Basin and Breton Sound. The basin studies are in support of research to examine the effects of large proposed river diversions.<\\/p>\\r\\n<p>Dr. Allison\\u2019s group has also initiated studies of the Mekong River channel in Vietnam funded by the Office of Naval Research and the sediment budget of the middle Mississippi River reach funded by the U.S. Army Corps of Engineers.<\\/p>\\r\\n<p>In addition to his responsibilities at the Institute, Dr. Allison is Professor of Earth & Environmental Sciences at Tulane University in New Orleans.<\\/p>\",\"8\":[\"91\"],\"2\":\"\",\"4\":\"\",\"5\":\"mead.allison@thewaterinstitute.org\",\"13\":\"Mead\",\"14\":\"Allison\",\"6\":\"225.448.2813\",\"7\":\"Director of Physical Processes & Sediment Systems\"}}', '2017-08-07 14:25:26', '2017-08-07 14:25:26', 'ef20e8bf-8779-4f6f-97d7-328a78430531'),
 ('110', '95', '8', '1', 'en_us', '1', '', '{\"typeId\":\"17\",\"authorId\":\"1\",\"title\":\"Sediment Availability and Management\",\"slug\":\"sediment-availability-and-management\",\"postDate\":1502221536,\"expiryDate\":null,\"enabled\":1,\"parentId\":null,\"fields\":{\"27\":\"<p>Ut ut massa sit amet eros auctor sagittis sed ac odio. Sed at dui rutrum, sodales nibh eget, euismod risus. Curabitur libero nunc, porta ac felis a, feugiat feugiat sapien. Cras ac aliquet augue. Vestibulum ultrices mi ut convallis egestas. Maecenas malesuada nisi ac dui consectetur vulputate. Phasellus vel risus lorem. Donec tristique tortor nisl, et interdum ante sodales vitae. Aenean egestas imperdiet pretium. Nunc lorem ex, vehicula ac rutrum id, molestie sit amet sem. Quisque eget pretium augue. Sed sit amet porttitor ligula. Ut at congue nisl, sed sagittis risus. Fusce feugiat, dui nec imperdiet ornare, est felis ullamcorper nulla, non aliquet ante nunc sit amet urna. Curabitur consectetur efficitur ante et mattis.<\\/p>\\r\\n<p>In hac habitasse platea dictumst. Duis non accumsan felis. Proin ultricies orci sapien, vel iaculis quam ultricies non. Donec molestie, nulla sit amet pulvinar cursus, massa lectus euismod nisi, at pulvinar sapien mi non quam. Integer tristique eleifend ligula, fringilla iaculis ipsum iaculis tristique. Fusce bibendum enim lacus. Aliquam leo ligula, ullamcorper quis magna id, fermentum imperdiet lacus. Ut ut lectus placerat, vestibulum neque in, volutpat leo. Aliquam ac dolor vitae tellus consequat imperdiet. Vivamus semper consectetur rutrum. Pellentesque habitant morbi tristique senectus et netus et malesuada fames ac turpis egestas. Praesent sed pharetra purus, et iaculis augue. Etiam ultrices egestas varius.<\\/p>\",\"26\":\"<p>Lorem ipsum dolor sit amet, consectetur adipiscing elit, sed do eiusmod tempor incididunt ut labore et dolore magna aliqua. Ut enim ad minim veniam, quis nostrud exercitation ullamco laboris nisi ut aliquip ex ea commodo consequat. Duis aute irure dolor in reprehenderit in voluptate velit esse cillum dolore eu fugiat nulla pariatur. Excepteur sint occaecat cupidatat non proident, sunt in culpa qui officia deserunt mollit anim id est laborum.<\\/p>\",\"22\":\"Client Name\",\"23\":\"2 Years\",\"24\":\"Restoration of coastal Louisiana\\u2019s wetlands depends on sediment availability and the effective management of all sediment resources, including riverine sediment, in-system sediment from coastal bays and channels, and offshore sand that can be used for restoring barrier islands and wetlands. This project identifies sediment resources that can be used for restoration and protection without causing adverse ecological or economic consequences. The research involves improving the estimation of sediment budgets and predicting how sediment naturally moves from one location to another in rivers, along the barrier shoreline, and in bays and wetlands.\",\"30\":\"Sediment Availability and Management\",\"29\":[\"94\"]}}', '2017-08-08 19:45:36', '2017-08-08 19:45:36', 'b8e2112b-9f72-4096-9e82-7aae2932e35f'),
 ('111', '90', '5', '1', 'en_us', '6', '', '{\"typeId\":\"15\",\"authorId\":\"1\",\"title\":\"Mead Allison\",\"slug\":\"mead-allison\",\"postDate\":1502048280,\"expiryDate\":null,\"enabled\":1,\"parentId\":\"88\",\"fields\":{\"31\":\"<ul><li>Sediment availability & management<\\/li><li>Subsidence&nbsp;<\\/li><li>Water & soil quality<\\/li><\\/ul>\",\"12\":[\"72\"],\"1\":\"<p>An expert on river, deltaic and coastal sedimentary processes, Mead Allison, Ph.D., has researched river delta systems for nearly 25 years. He is one of the foremost experts on the Mississippi River\\u2019s sediment transport processes.<\\/p>\\r\\n<p>Prior to joining The Water Institute of the Gulf, he served the University of Texas as Associate Director and Senior Research Scientist at the Jackson School of Geosciences\\u2019 Institute for Geophysics.\\r\\nDr. Allison has held faculty positions at Tulane University\\u2019s Department of Earth and Environmental Sciences and at Texas A&M University\\u2019s Department of Oceanography.<\\/p>\\r\\n<p>He earned a Bachelor\\u2019s degree in Geology from the College of William & Mary, a Master\\u2019s in Geology from East Carolina University and a Doctorate in Oceanography from State University of New York, Stony Brook. He studied at the University of Paris as a J. William Fulbright Fellow and was a Post-Doctoral Scholar at Woods Hole Oceanographic Institution.<\\/p>\\r\\n<p>Since joining the Institute in early 2013, Dr. Allison and his group (Physical Processes and Sediment Systems) have undertaken a series of observational in support of coastal restoration efforts for the State of Louisiana. These include process studies of the Calcasieu Ship Channel, the West Bay Diversion, the Mississippi River channel, and Barataria Basin and Breton Sound. The basin studies are in support of research to examine the effects of large proposed river diversions.<\\/p>\\r\\n<p>Dr. Allison\\u2019s group has also initiated studies of the Mekong River channel in Vietnam funded by the Office of Naval Research and the sediment budget of the middle Mississippi River reach funded by the U.S. Army Corps of Engineers.<\\/p>\\r\\n<p>In addition to his responsibilities at the Institute, Dr. Allison is Professor of Earth & Environmental Sciences at Tulane University in New Orleans.<\\/p>\",\"8\":[\"91\",\"95\"],\"2\":\"\",\"4\":\"\",\"5\":\"mead.allison@thewaterinstitute.org\",\"13\":\"Mead\",\"14\":\"Allison\",\"6\":\"225.448.2813\",\"7\":\"Director of Physical Processes & Sediment Systems\"}}', '2017-08-08 19:45:53', '2017-08-08 19:45:53', '553ad65c-bfc8-4f9f-91d1-ecc2dc98fa23'),
 ('112', '96', '5', '1', 'en_us', '1', '', '{\"typeId\":\"15\",\"authorId\":\"1\",\"title\":\"Ehab Meselhe\",\"slug\":\"ehab-meselhe\",\"postDate\":1502221672,\"expiryDate\":null,\"enabled\":1,\"parentId\":\"\",\"fields\":{\"31\":\"<ul><li>Hydro-Ecological Modeling<\\/li><li>Sediment Transport<\\/li><li>Hydraulic Engineering<\\/li><\\/ul>\",\"12\":[\"68\"],\"1\":\"<p><\\/p><p>Ehab Meselhe, Ph.D., P.E., has more than 20 years of experience researching coastal wetland hydrology, sediment transport, and computer modeling of coastal wetland, estuarine, and riverine systems. His multi-layered background includes work as an educator, researcher, and practitioner with extensive experience working with academic institutions, government agencies, and the private sector. He has been heavily involved in large-scale coastal ecosystem restoration programs in south Louisiana and the Florida Everglades.<\\/p>\\r\\n<p>As the Institute\\u2019s former Director of Natural Systems, Dr. Meselhe served as Louisiana\\u2019s technical lead for the Mississippi River Hydrodynamic and Delta Management Study and helped build the numerical models that provided a foundation for Louisiana\\u2019s 2017 Coastal Master Plan. Dr. Meselhe is heavily involved in the numerical modeling being used by Louisiana to help refine the design of sediment diversions at Mid-Barataria and Mid-Breton along the Mississippi River.&nbsp;<\\/p>\\r\\n<p>Prior to joining The Water Institute of the Gulf, Dr. Meselhe directed the Institute of Coastal Ecology and Engineering at the University of Louisiana-Lafayette, where he also served as distinguished professor for the Department of Civil Engineering. During his tenure at UL Lafayette, he established and sustained an externally funded research program from federal and state agencies. He is a registered Professional Engineer in the sates of Iowa, Louisiana, Texas, and Arkansas. He also served as an Associate Editor of the Journal of Hydrology (Elsevier), and the Journal of Hydraulic Research (International Association of Hydraulic Research).<\\/p>\",\"8\":[\"95\"],\"2\":\"\",\"4\":\"\",\"5\":\"ehab.meselhe@thewaterinstitute.org\",\"13\":\"Ehab\",\"14\":\"Meselhe\",\"6\":\"225.448.2813\",\"7\":\"Vice President for Science and Engineering\"}}', '2017-08-08 19:47:52', '2017-08-08 19:47:52', 'da11cd63-4ba5-434f-b300-d3fcc0ee69ab'),
 ('113', '97', '8', '1', 'en_us', '1', '', '{\"typeId\":\"16\",\"authorId\":\"1\",\"title\":\"Vegetation and Climate Change\",\"slug\":\"vegetation-and-climate-change\",\"postDate\":1502224480,\"expiryDate\":null,\"enabled\":1,\"parentId\":null,\"fields\":{\"22\":\"Client Name\",\"30\":\"Vegetation and Climate Change\",\"25\":\"<p>As a low-lying deltaic area, Louisiana\\u2019s coast is among the most vulnerable regions in the world to climate change. This project synthesizes the current knowledge of the effects of climate change on coastal vegetation, including sea-level rise, temperature increases, and changes in rainfall patterns. Several specific questions are being examined through data synthesis, field and laboratory research, and preliminary modeling.<\\/p>\",\"2\":\"\"}}', '2017-08-08 20:34:40', '2017-08-08 20:34:40', '5f017a3c-80d8-4b44-810f-ccefc4d55611'),
 ('114', '97', '8', '1', 'en_us', '2', '', '{\"typeId\":\"16\",\"authorId\":\"1\",\"title\":\"Vegetation and Climate Change\",\"slug\":\"vegetation-and-climate-change\",\"postDate\":1502224440,\"expiryDate\":null,\"enabled\":1,\"parentId\":null,\"fields\":{\"22\":\"Client Name\",\"23\":\"2 Years\",\"30\":\"Vegetation and Climate Change\",\"25\":\"<p>As a low-lying deltaic area, Louisiana\\u2019s coast is among the most vulnerable regions in the world to climate change. This project synthesizes the current knowledge of the effects of climate change on coastal vegetation, including sea-level rise, temperature increases, and changes in rainfall patterns. Several specific questions are being examined through data synthesis, field and laboratory research, and preliminary modeling.<\\/p>\",\"2\":\"\"}}', '2017-08-08 20:39:03', '2017-08-08 20:39:03', '92563155-dc1f-4341-9221-ad937bea19ac'),
 ('115', '100', '5', '1', 'en_us', '1', '', '{\"typeId\":\"15\",\"authorId\":\"1\",\"title\":\"Tim Carruthers\",\"slug\":\"tim-carruthers\",\"postDate\":1502225165,\"expiryDate\":null,\"enabled\":1,\"parentId\":\"\",\"fields\":{\"31\":\"<ul><li>Ecosystem approaches for building resilience<\\/li><li>Coastal and seagrass ecology<\\/li><li>Synthesis and integration<\\/li><li>Science communication<\\/li><\\/ul>\",\"12\":[\"99\"],\"1\":\"<p>Tim Carruthers, Ph.D. has a strong international reputation from more than 20 years working in coastal ecology, focusing on human impacts and management. His work has focused on assessing and leveraging ecosystem conditions to enhance adaptation to coastal change. &nbsp;He brings specific experience in developing ecosystem health indicators and solving problems by focusing on systems analysis.<\\/p><p>Before joining The Water Institute, Carruthers worked for the Secretariat of the Pacific Regional Environment Programme, as the Coastal and Marine Advisor, based in Samoa, providing marine management support to 21 Pacific Island countries and territories. A large component of this work was developing and implementing approaches for preservation or restoration of natural ecosystems to increase resilience of vulnerable coastal communities.<\\/p><p>Carruthers has developed approaches to ecosystem condition assessment, and global syntheses of seagrass trends and processes. Synthesizing knowledge for communication to broad audiences, including coastal citizens, policy-makers and scientific colleagues, has been an ongoing focus throughout his career.<\\/p><p>Currently, Carruthers is leading the Coastal Ecology Program in projects supporting integration of physical and ecosystem models, assessing and quantifying ecosystem function of submerged and emergent coastal habitats, and linking ecosystem functions to community needs and uses of ecosystem services.<\\/p>\",\"8\":[\"97\"],\"2\":\"\",\"4\":[\"98\"],\"5\":\"tcarruthers@thewaterinstitute.org\",\"13\":\"Tim\",\"14\":\"Carruthers\",\"6\":\"225.448.2813\",\"7\":\"Director of Coastal Ecology\"}}', '2017-08-08 20:46:05', '2017-08-08 20:46:05', '03a63644-2f1a-4340-a0b4-1c9f14ddf127'),
 ('116', '100', '5', '1', 'en_us', '2', '', '{\"typeId\":\"15\",\"authorId\":\"1\",\"title\":\"Tim Carruthers\",\"slug\":\"tim-carruthers\",\"postDate\":1502225160,\"expiryDate\":null,\"enabled\":1,\"parentId\":\"88\",\"fields\":{\"31\":\"<ul><li>Ecosystem approaches for building resilience<\\/li><li>Coastal and seagrass ecology<\\/li><li>Synthesis and integration<\\/li><li>Science communication<\\/li><\\/ul>\",\"12\":[\"99\"],\"1\":\"<p>Tim Carruthers, Ph.D. has a strong international reputation from more than 20 years working in coastal ecology, focusing on human impacts and management. His work has focused on assessing and leveraging ecosystem conditions to enhance adaptation to coastal change. &nbsp;He brings specific experience in developing ecosystem health indicators and solving problems by focusing on systems analysis.<\\/p>\\r\\n<p>Before joining The Water Institute, Carruthers worked for the Secretariat of the Pacific Regional Environment Programme, as the Coastal and Marine Advisor, based in Samoa, providing marine management support to 21 Pacific Island countries and territories. A large component of this work was developing and implementing approaches for preservation or restoration of natural ecosystems to increase resilience of vulnerable coastal communities.<\\/p>\\r\\n<p>Carruthers has developed approaches to ecosystem condition assessment, and global syntheses of seagrass trends and processes. Synthesizing knowledge for communication to broad audiences, including coastal citizens, policy-makers and scientific colleagues, has been an ongoing focus throughout his career.<\\/p>\\r\\n<p>Currently, Carruthers is leading the Coastal Ecology Program in projects supporting integration of physical and ecosystem models, assessing and quantifying ecosystem function of submerged and emergent coastal habitats, and linking ecosystem functions to community needs and uses of ecosystem services.<\\/p>\",\"32\":[\"95\"],\"8\":[\"97\"],\"2\":\"\",\"4\":[\"98\"],\"5\":\"tcarruthers@thewaterinstitute.org\",\"13\":\"Tim\",\"14\":\"Carruthers\",\"6\":\"225.448.2813\",\"7\":\"Director of Coastal Ecology\"}}', '2017-08-08 22:26:40', '2017-08-08 22:26:40', '99cc6b6f-fe37-4251-b010-f494100a74b8'),
 ('117', '89', '5', '1', 'en_us', '6', '', '{\"typeId\":\"15\",\"authorId\":\"1\",\"title\":\"Denise Reed\",\"slug\":\"denise-reed\",\"postDate\":1502048160,\"expiryDate\":null,\"enabled\":1,\"parentId\":\"88\",\"fields\":{\"31\":\"<ul><li>Integrated water resources management<\\/li><li>Coastal policy & planning&nbsp;<\\/li><li>Climate change&nbsp;<\\/li><li>Science communication<\\/li><\\/ul>\",\"12\":[\"70\"],\"1\":\"<p>Denise Reed, Ph.D., is a nationally and internationally recognized expert in coastal marsh sustainability and the role of human activities in modifying coastal systems. She has studied coastal issues in the United States and around the world for more than 30 years.<\\/p>\\r\\n<p>Dr. Reed has worked closely with Louisiana\\u2019s state government in developing coastal restoration plans, including the 2012 and 2017 Coastal Master Plans. Her experience includes field research on the response of coastal wetlands to sea level rise, ecosystem restoration and planning in the California Bay Delta, and advisory roles involving many federal water resource planning issues including post-Sandy work in the northeast and restoration planning in Puget Sound. She has served on numerous boards and panels addressing the effects of human alterations on coastal environments and the role of science in guiding restoration, including a number of National Research Council, now the National Academies for Science, Engineering and Medicine, committees.<\\/p>\\r\\n<p>Prior to joining The Water Institute of the Gulf, Dr. Reed served as a University Research Professor in the University of New Orleans\\u2019 Department of Earth and Environmental Sciences.<\\/p>\\r\\n<p>She currently serves on the NOAA Science Advisory Board and is a member of the Committee on Independent Scientific Review of Everglades Restoration Progress. She earned a bachelor\'s and doctoral degree in geography from the University of Cambridge.<\\/p>\",\"32\":[\"91\"],\"8\":\"\",\"2\":\"\",\"4\":\"\",\"5\":\"denise.reed@thewaterinstitute.org\",\"13\":\"Denise\",\"14\":\"Reed\",\"6\":\"225.448.2813\",\"7\":\"Vice President for Strategic Research Initiatives\"}}', '2017-08-08 22:27:44', '2017-08-08 22:27:44', 'c5631f93-dc71-4ce8-9c15-b7caf9d92c05'),
 ('118', '89', '5', '1', 'en_us', '7', '', '{\"typeId\":\"15\",\"authorId\":\"1\",\"title\":\"Denise Reed\",\"slug\":\"denise-reed\",\"postDate\":1502048160,\"expiryDate\":null,\"enabled\":1,\"parentId\":\"88\",\"fields\":{\"31\":\"<ul><li>Integrated water resources management<\\/li><li>Coastal policy & planning&nbsp;<\\/li><li>Climate change&nbsp;<\\/li><li>Science communication<\\/li><\\/ul>\",\"12\":[\"70\"],\"1\":\"<p>Denise Reed, Ph.D., is a nationally and internationally recognized expert in coastal marsh sustainability and the role of human activities in modifying coastal systems. She has studied coastal issues in the United States and around the world for more than 30 years.<\\/p>\\r\\n<p>Dr. Reed has worked closely with Louisiana\\u2019s state government in developing coastal restoration plans, including the 2012 and 2017 Coastal Master Plans. Her experience includes field research on the response of coastal wetlands to sea level rise, ecosystem restoration and planning in the California Bay Delta, and advisory roles involving many federal water resource planning issues including post-Sandy work in the northeast and restoration planning in Puget Sound. She has served on numerous boards and panels addressing the effects of human alterations on coastal environments and the role of science in guiding restoration, including a number of National Research Council, now the National Academies for Science, Engineering and Medicine, committees.<\\/p>\\r\\n<p>Prior to joining The Water Institute of the Gulf, Dr. Reed served as a University Research Professor in the University of New Orleans\\u2019 Department of Earth and Environmental Sciences.<\\/p>\\r\\n<p>She currently serves on the NOAA Science Advisory Board and is a member of the Committee on Independent Scientific Review of Everglades Restoration Progress. She earned a bachelor\'s and doctoral degree in geography from the University of Cambridge.<\\/p>\",\"32\":[\"91\",\"95\"],\"8\":\"\",\"2\":\"\",\"4\":\"\",\"5\":\"denise.reed@thewaterinstitute.org\",\"13\":\"Denise\",\"14\":\"Reed\",\"6\":\"225.448.2813\",\"7\":\"Vice President for Strategic Research Initiatives\"}}', '2017-08-08 22:30:24', '2017-08-08 22:30:24', 'e491e8af-030c-400d-a5ac-0ff24a868747'),
 ('119', '96', '5', '1', 'en_us', '2', '', '{\"typeId\":\"15\",\"authorId\":\"1\",\"title\":\"Ehab Meselhe\",\"slug\":\"ehab-meselhe\",\"postDate\":1502221620,\"expiryDate\":null,\"enabled\":1,\"parentId\":\"88\",\"fields\":{\"31\":\"<ul><li>Hydro-Ecological Modeling<\\/li><li>Sediment Transport<\\/li><li>Hydraulic Engineering<\\/li><\\/ul>\",\"12\":[\"68\"],\"1\":\"<p>Ehab Meselhe, Ph.D., P.E., has more than 20 years of experience researching coastal wetland hydrology, sediment transport, and computer modeling of coastal wetland, estuarine, and riverine systems. His multi-layered background includes work as an educator, researcher, and practitioner with extensive experience working with academic institutions, government agencies, and the private sector. He has been heavily involved in large-scale coastal ecosystem restoration programs in south Louisiana and the Florida Everglades.<\\/p>\\r\\n<p>As the Institute\\u2019s former Director of Natural Systems, Dr. Meselhe served as Louisiana\\u2019s technical lead for the Mississippi River Hydrodynamic and Delta Management Study and helped build the numerical models that provided a foundation for Louisiana\\u2019s 2017 Coastal Master Plan. Dr. Meselhe is heavily involved in the numerical modeling being used by Louisiana to help refine the design of sediment diversions at Mid-Barataria and Mid-Breton along the Mississippi River.&nbsp;<\\/p>\\r\\n<p>Prior to joining The Water Institute of the Gulf, Dr. Meselhe directed the Institute of Coastal Ecology and Engineering at the University of Louisiana-Lafayette, where he also served as distinguished professor for the Department of Civil Engineering. During his tenure at UL Lafayette, he established and sustained an externally funded research program from federal and state agencies. He is a registered Professional Engineer in the sates of Iowa, Louisiana, Texas, and Arkansas. He also served as an Associate Editor of the Journal of Hydrology (Elsevier), and the Journal of Hydraulic Research (International Association of Hydraulic Research).<\\/p>\",\"32\":[\"97\"],\"8\":[\"95\"],\"2\":\"\",\"4\":\"\",\"5\":\"ehab.meselhe@thewaterinstitute.org\",\"13\":\"Ehab\",\"14\":\"Meselhe\",\"6\":\"225.448.2813\",\"7\":\"Vice President for Science and Engineering\"}}', '2017-08-08 22:33:19', '2017-08-08 22:33:19', '0686bc80-0738-4634-8f7f-9a02aea23d77'),
 ('120', '89', '5', '1', 'en_us', '8', '', '{\"typeId\":\"15\",\"authorId\":\"1\",\"title\":\"Denise Reed\",\"slug\":\"denise-reed\",\"postDate\":1502048160,\"expiryDate\":null,\"enabled\":1,\"parentId\":\"88\",\"fields\":{\"31\":\"<ul><li>Integrated water resources management<\\/li><li>Coastal policy & planning&nbsp;<\\/li><li>Climate change&nbsp;<\\/li><li>Science communication<\\/li><\\/ul>\",\"12\":[\"70\"],\"1\":\"<p>Denise Reed, Ph.D., is a nationally and internationally recognized expert in coastal marsh sustainability and the role of human activities in modifying coastal systems. She has studied coastal issues in the United States and around the world for more than 30 years.<\\/p>\\r\\n<p>Dr. Reed has worked closely with Louisiana\\u2019s state government in developing coastal restoration plans, including the 2012 and 2017 Coastal Master Plans. Her experience includes field research on the response of coastal wetlands to sea level rise, ecosystem restoration and planning in the California Bay Delta, and advisory roles involving many federal water resource planning issues including post-Sandy work in the northeast and restoration planning in Puget Sound. She has served on numerous boards and panels addressing the effects of human alterations on coastal environments and the role of science in guiding restoration, including a number of National Research Council, now the National Academies for Science, Engineering and Medicine, committees.<\\/p>\\r\\n<p>Prior to joining The Water Institute of the Gulf, Dr. Reed served as a University Research Professor in the University of New Orleans\\u2019 Department of Earth and Environmental Sciences.<\\/p>\\r\\n<p>She currently serves on the NOAA Science Advisory Board and is a member of the Committee on Independent Scientific Review of Everglades Restoration Progress. She earned a bachelor\'s and doctoral degree in geography from the University of Cambridge.<\\/p>\",\"32\":[\"91\",\"95\"],\"8\":[\"97\"],\"2\":\"\",\"4\":\"\",\"5\":\"denise.reed@thewaterinstitute.org\",\"13\":\"Denise\",\"14\":\"Reed\",\"6\":\"225.448.2813\",\"7\":\"Vice President for Strategic Research Initiatives\"}}', '2017-08-09 19:52:29', '2017-08-09 19:52:29', '3c0d44fe-c754-4c8b-bac2-0ecd970e8844'),
 ('121', '104', '6', '1', 'en_us', '1', '', '{\"typeId\":\"19\",\"authorId\":\"1\",\"title\":\"Focus Areas\",\"slug\":\"focus-areas\",\"postDate\":1502313397,\"expiryDate\":null,\"enabled\":1,\"parentId\":\"\",\"fields\":[]}', '2017-08-09 21:16:37', '2017-08-09 21:16:37', '3853cca4-a729-4d65-a1ef-891f3bcc493a'),
 ('122', '9', '6', '1', 'en_us', '2', '', '{\"typeId\":\"10\",\"authorId\":\"1\",\"title\":\"Focus Area One\",\"slug\":\"focus-area-one\",\"postDate\":1501456620,\"expiryDate\":null,\"enabled\":1,\"parentId\":\"104\",\"fields\":{\"1\":\"<p>Details about this focus area. <\\/p>\"}}', '2017-08-09 21:16:49', '2017-08-09 21:16:49', 'ed0a806e-ed2d-4fce-9118-1fc45806ae16'),
 ('123', '105', '8', '1', 'en_us', '1', '', '{\"typeId\":\"20\",\"authorId\":\"1\",\"title\":\"Projects\",\"slug\":\"projects-1\",\"postDate\":1502318061,\"expiryDate\":null,\"enabled\":1,\"parentId\":\"\",\"fields\":{\"1\":\"<h2>OUR PROJECTS<\\/h2>\\r\\n<p>The section offers access to details about the wide ranging work that has been completed or is being undertaken by The Water Institute of the Gulf. By design, many of our projects are multidisciplinary and multifaceted. Thus, when using the search function below, you may notice individual projects appearing under multiple search criteria.<\\/p>\"}}', '2017-08-09 22:34:21', '2017-08-09 22:34:21', '1cbb67b1-a9ac-4941-9484-81947f5b10ee'),
 ('124', '97', '8', '1', 'en_us', '3', '', '{\"typeId\":\"16\",\"authorId\":\"1\",\"title\":\"Vegetation and Climate Change\",\"slug\":\"vegetation-and-climate-change\",\"postDate\":1502224440,\"expiryDate\":null,\"enabled\":1,\"parentId\":\"105\",\"fields\":{\"22\":\"Client Name\",\"23\":\"2 Years\",\"30\":\"Vegetation and Climate Change\",\"25\":\"<p>As a low-lying deltaic area, Louisiana\\u2019s coast is among the most vulnerable regions in the world to climate change. This project synthesizes the current knowledge of the effects of climate change on coastal vegetation, including sea-level rise, temperature increases, and changes in rainfall patterns. Several specific questions are being examined through data synthesis, field and laboratory research, and preliminary modeling.<\\/p>\",\"2\":\"\"}}', '2017-08-09 22:34:51', '2017-08-09 22:34:51', '4716a708-69b4-41a0-8be9-04a7e3d73398'),
 ('125', '105', '8', '1', 'en_us', '2', '', '{\"typeId\":\"20\",\"authorId\":\"1\",\"title\":\"Projects\",\"slug\":\"projects\",\"postDate\":1502318040,\"expiryDate\":null,\"enabled\":1,\"parentId\":\"\",\"fields\":{\"1\":\"<h2>OUR PROJECTS<\\/h2>\\r\\n<p>The section offers access to details about the wide ranging work that has been completed or is being undertaken by The Water Institute of the Gulf. By design, many of our projects are multidisciplinary and multifaceted. Thus, when using the search function below, you may notice individual projects appearing under multiple search criteria.<\\/p>\"}}', '2017-08-09 22:35:52', '2017-08-09 22:35:52', '221abc40-7d7e-4326-b744-101072140216'),
 ('126', '9', '6', '1', 'en_us', '3', '', '{\"typeId\":\"10\",\"authorId\":\"1\",\"title\":\"Integrated Watershed Management\",\"slug\":\"focus-area-one\",\"postDate\":1501456620,\"expiryDate\":null,\"enabled\":1,\"parentId\":\"104\",\"fields\":{\"1\":\"<p>Details about this focus area. <\\/p>\"}}', '2017-08-09 22:54:27', '2017-08-09 22:54:27', 'e7e91229-c871-4766-ba65-f63971989fd3'),
 ('127', '9', '6', '1', 'en_us', '4', '', '{\"typeId\":\"10\",\"authorId\":\"1\",\"title\":\"Integrated Watershed Management\",\"slug\":\"integrated-watershed-management\",\"postDate\":1501456620,\"expiryDate\":null,\"enabled\":1,\"parentId\":\"104\",\"fields\":{\"1\":\"<p>Details about this focus area. <\\/p>\"}}', '2017-08-09 22:54:46', '2017-08-09 22:54:46', '829008c6-5706-45ea-a582-c15d7a57ca5e'),
 ('128', '106', '6', '1', 'en_us', '1', '', '{\"typeId\":\"10\",\"authorId\":\"1\",\"title\":\"Natural Systems Modeling\",\"slug\":\"natural-systems-modeling\",\"postDate\":1502319304,\"expiryDate\":null,\"enabled\":1,\"parentId\":\"\",\"fields\":{\"1\":\"<p>Details about this focus area.<\\/p>\"}}', '2017-08-09 22:55:04', '2017-08-09 22:55:04', '2d466ddc-b921-4f4c-8f80-9312b9fb5584'),
 ('129', '107', '6', '1', 'en_us', '1', '', '{\"typeId\":\"10\",\"authorId\":\"1\",\"title\":\"Community Resilience\",\"slug\":\"community-resilience\",\"postDate\":1502319327,\"expiryDate\":null,\"enabled\":1,\"parentId\":\"\",\"fields\":{\"1\":\"<p>Details about this focus area.<\\/p>\"}}', '2017-08-09 22:55:27', '2017-08-09 22:55:27', '19ae171c-095d-43f2-9116-f81fde7739b5'),
 ('130', '108', '6', '1', 'en_us', '1', '', '{\"typeId\":\"10\",\"authorId\":\"1\",\"title\":\"Coastal & Deltaic Dynamics\",\"slug\":\"coastal-deltaic-dynamics\",\"postDate\":1502319370,\"expiryDate\":null,\"enabled\":1,\"parentId\":\"104\",\"fields\":{\"1\":\"<p>Details about this focus area<\\/p>\"}}', '2017-08-09 22:56:10', '2017-08-09 22:56:10', '7900fa6c-f264-4a7c-b01b-b08f4b67a206'),
 ('131', '109', '6', '1', 'en_us', '1', '', '{\"typeId\":\"10\",\"authorId\":\"1\",\"title\":\"Coastal Adaptation\",\"slug\":\"coastal-adaptation\",\"postDate\":1502319391,\"expiryDate\":null,\"enabled\":1,\"parentId\":\"104\",\"fields\":{\"1\":\"<p>Details about this focus area.<\\/p>\"}}', '2017-08-09 22:56:31', '2017-08-09 22:56:31', '8e7d6671-293e-44c0-b9ca-19aeabfe3182'),
 ('132', '88', '5', '1', 'en_us', '9', '', '{\"typeId\":\"14\",\"authorId\":\"1\",\"title\":\"Technical Team\",\"slug\":\"technical-team\",\"postDate\":1502041440,\"expiryDate\":null,\"enabled\":1,\"parentId\":\"\",\"fields\":{\"1\":\"<h2>Our Technical Team<\\/h2>\\r\\n<p>The Water Institute of the Gulf is distinguished  by its staff of acknowledged leaders with proven expertise. For a list of areas of expertise for each staff member, click here.<\\/p>\"}}', '2017-08-10 01:15:02', '2017-08-10 01:15:02', 'c9495499-e0f6-449b-b8e5-bf507a2392c4'),
 ('133', '114', '9', '1', 'en_us', '1', '', '{\"typeId\":null,\"authorId\":\"1\",\"title\":\"Future Costs of Marsh Creation Projects in Coastal Louisiana\",\"slug\":\"future-costs-of-marsh-creation-projects-in-coastal-louisiana\",\"postDate\":1502467422,\"expiryDate\":null,\"enabled\":1,\"parentId\":\"\",\"fields\":{\"22\":\"Coast Builders Coalition\",\"23\":\"2 Years\",\"28\":\"\",\"35\":[\"111\",\"112\",\"113\"],\"25\":\"<p>This study looks at how costs of marsh creation can change over time and some of the factors that influence those changes. Done for the Coast Builders Coalition and the Restore the Mississippi River Delta Coalition, the study looked at seven sites and considered multiple possible scenarios for sea level rise, inflation rates, and two different criteria for fill depth. Using this information, the report examines how cost savings could be achieved and how either borrowing money or investing it could alter the timing of restoration and construction costs.<\\/p>\"}}', '2017-08-11 16:03:42', '2017-08-11 16:03:42', '9efdc692-db92-427c-b0fd-fee5aa402321'),
 ('134', '115', '9', '1', 'en_us', '1', '', '{\"typeId\":\"23\",\"authorId\":\"1\",\"title\":\"REPORTS\",\"slug\":\"reports\",\"postDate\":1502467733,\"expiryDate\":null,\"enabled\":1,\"parentId\":\"\",\"fields\":{\"1\":\"<p>Spanning an array of subjects and formats, The Water Institute of the Gulf\\u2019s reports provide an in-depth look at the work we do. Please refer to&nbsp;<a href=\\\"\\/projects\\\">Our Projects<\\/a>&nbsp;to learn more about individual projects.<\\/p>\"}}', '2017-08-11 16:08:53', '2017-08-11 16:08:53', '8b808cab-ba69-4f2a-bc44-bd1f3b77e348'),
 ('135', '114', '9', '1', 'en_us', '2', '', '{\"typeId\":\"21\",\"authorId\":\"1\",\"title\":\"Future Costs of Marsh Creation Projects in Coastal Louisiana\",\"slug\":\"future-costs-of-marsh-creation-projects-in-coastal-louisiana\",\"postDate\":1502467380,\"expiryDate\":null,\"enabled\":1,\"parentId\":\"115\",\"fields\":{\"22\":\"Coast Builders Coalition\",\"23\":\"2 Years\",\"28\":\"\",\"35\":[\"111\",\"112\",\"113\"],\"25\":\"<p>This study looks at how costs of marsh creation can change over time and some of the factors that influence those changes. Done for the Coast Builders Coalition and the Restore the Mississippi River Delta Coalition, the study looked at seven sites and considered multiple possible scenarios for sea level rise, inflation rates, and two different criteria for fill depth. Using this information, the report examines how cost savings could be achieved and how either borrowing money or investing it could alter the timing of restoration and construction costs.<\\/p>\"}}', '2017-08-11 16:09:01', '2017-08-11 16:09:01', '3f10fc86-efab-40aa-9eef-6580e5b6ce67'),
 ('136', '115', '9', '1', 'en_us', '2', '', '{\"typeId\":\"23\",\"authorId\":\"1\",\"title\":\"Reports\",\"slug\":\"reports\",\"postDate\":1502467680,\"expiryDate\":null,\"enabled\":1,\"parentId\":\"\",\"fields\":{\"1\":\"<p>Spanning an array of subjects and formats, The Water Institute of the Gulf\\u2019s reports provide an in-depth look at the work we do. Please refer to&nbsp;<a href=\\\"\\/projects\\\">Our Projects<\\/a>&nbsp;to learn more about individual projects.<\\/p>\"}}', '2017-08-11 16:09:09', '2017-08-11 16:09:09', '8098a277-a06b-4947-ba5a-ee3dea8a6201'),
 ('137', '115', '9', '1', 'en_us', '3', '', '{\"typeId\":\"23\",\"authorId\":\"1\",\"title\":\"Reports\",\"slug\":\"reports\",\"postDate\":1502467680,\"expiryDate\":null,\"enabled\":1,\"parentId\":\"\",\"fields\":{\"1\":\"<h2>Reports<\\/h2>\\r\\n<p>Spanning an array of subjects and formats, The Water Institute of the Gulf\\u2019s reports provide an in-depth look at the work we do. Please refer to&nbsp;<a href=\\\"\\/projects\\\">Our Projects<\\/a>&nbsp;to learn more about individual projects.<\\/p>\"}}', '2017-08-11 16:09:58', '2017-08-11 16:09:58', 'bc0994d9-71be-45b0-b4c5-7bdef6d34a54'),
 ('138', '117', '10', '1', 'en_us', '1', '', '{\"typeId\":null,\"authorId\":\"1\",\"title\":\"Particle tracking to examine sediment dynamics in a Mississippi River delta diversion\",\"slug\":\"particle-tracking-to-examine-sediment-dynamics-in-a-mississippi-river-delta-diversion\",\"postDate\":1502469489,\"expiryDate\":null,\"enabled\":1,\"parentId\":\"\",\"fields\":{\"28\":[\"90\"],\"37\":[\"116\"],\"36\":\"Estuarine, Coastal and Shelf Science\",\"25\":\"<p>In this article, \\\"Observational and numerical particle tracking to examine sediment dynamics in a Mississippi River delta diversion,\\\" the authors&nbsp;use observational and numerical particle tracking to investigate the behavior of riverine sand and silt as it enters and passes through the West Bay diversion receiving-basin located on the lowermost Mississippi River delta, USA.&nbsp;River diversions may serve as useful restoration tools along coastal deltas experiencing land loss due to high rates of relative sea-level rise and the disruption of natural sediment supply. Diversions mitigate land loss by serving as new sediment sources for land building areas in basins proximal to river channels. However, because of the paucity of active diversions, little is known about how diversion receiving-basins evacuate or retain the sediment required to build new land.<\\/p>\"}}', '2017-08-11 16:38:09', '2017-08-11 16:38:09', 'd0761223-34ad-4555-ab14-4074aa6c4e66'),
 ('139', '118', '10', '1', 'en_us', '1', '', '{\"typeId\":\"24\",\"authorId\":\"1\",\"title\":\"Our Publications\",\"slug\":\"our-publications\",\"postDate\":1502469706,\"expiryDate\":null,\"enabled\":1,\"parentId\":\"\",\"fields\":{\"1\":\"<h2>Publications<\\/h2>\\r\\n<p>The Water Institute produces a range of scientific publications. In this way, we contribute to the state of the science, communicating cutting edge ideas to a broad technical audience.<\\/p>\"}}', '2017-08-11 16:41:46', '2017-08-11 16:41:46', '1a5b83ea-b58d-4467-b807-c8296e051144'),
 ('140', '117', '10', '1', 'en_us', '2', '', '{\"typeId\":\"22\",\"authorId\":\"1\",\"title\":\"Particle tracking to examine sediment dynamics in a Mississippi River delta diversion\",\"slug\":\"particle-tracking-to-examine-sediment-dynamics-in-a-mississippi-river-delta-diversion\",\"postDate\":1502469480,\"expiryDate\":null,\"enabled\":1,\"parentId\":\"118\",\"fields\":{\"28\":[\"90\"],\"37\":[\"116\"],\"36\":\"Estuarine, Coastal and Shelf Science\",\"25\":\"<p>In this article, \\\"Observational and numerical particle tracking to examine sediment dynamics in a Mississippi River delta diversion,\\\" the authors&nbsp;use observational and numerical particle tracking to investigate the behavior of riverine sand and silt as it enters and passes through the West Bay diversion receiving-basin located on the lowermost Mississippi River delta, USA.&nbsp;River diversions may serve as useful restoration tools along coastal deltas experiencing land loss due to high rates of relative sea-level rise and the disruption of natural sediment supply. Diversions mitigate land loss by serving as new sediment sources for land building areas in basins proximal to river channels. However, because of the paucity of active diversions, little is known about how diversion receiving-basins evacuate or retain the sediment required to build new land.<\\/p>\"}}', '2017-08-11 16:41:55', '2017-08-11 16:41:55', '0e863985-06ca-4594-a4bb-68979c4a0bf3'),
 ('141', '114', '9', '1', 'en_us', '3', '', '{\"typeId\":\"21\",\"authorId\":\"1\",\"title\":\"Future Costs of Marsh Creation Projects in Coastal Louisiana\",\"slug\":\"future-costs-of-marsh-creation-projects-in-coastal-louisiana\",\"postDate\":1502467380,\"expiryDate\":null,\"enabled\":1,\"parentId\":\"115\",\"fields\":{\"22\":\"Coast Builders Coalition\",\"23\":\"2 Years\",\"28\":[\"90\"],\"35\":[\"111\",\"112\",\"113\"],\"25\":\"<p>This study looks at how costs of marsh creation can change over time and some of the factors that influence those changes. Done for the Coast Builders Coalition and the Restore the Mississippi River Delta Coalition, the study looked at seven sites and considered multiple possible scenarios for sea level rise, inflation rates, and two different criteria for fill depth. Using this information, the report examines how cost savings could be achieved and how either borrowing money or investing it could alter the timing of restoration and construction costs.<\\/p>\"}}', '2017-08-11 16:47:32', '2017-08-11 16:47:32', '8eb8e5a2-0c97-4797-b511-8035e764075b'),
 ('142', '114', '9', '1', 'en_us', '4', '', '{\"typeId\":\"21\",\"authorId\":\"1\",\"title\":\"Future Costs of Marsh Creation Projects in Coastal Louisiana\",\"slug\":\"future-costs-of-marsh-creation-projects-in-coastal-louisiana\",\"postDate\":1502467380,\"expiryDate\":null,\"enabled\":1,\"parentId\":\"115\",\"fields\":{\"38\":{\"new1\":{\"type\":\"relatedTeamMember\",\"enabled\":\"1\",\"fields\":{\"teamMember\":[\"87\"],\"primaryauthor\":\"Primary Author\"}}},\"22\":\"Coast Builders Coalition\",\"23\":\"2 Years\",\"35\":[\"111\",\"112\",\"113\"],\"25\":\"<p>This study looks at how costs of marsh creation can change over time and some of the factors that influence those changes. Done for the Coast Builders Coalition and the Restore the Mississippi River Delta Coalition, the study looked at seven sites and considered multiple possible scenarios for sea level rise, inflation rates, and two different criteria for fill depth. Using this information, the report examines how cost savings could be achieved and how either borrowing money or investing it could alter the timing of restoration and construction costs.<\\/p>\"}}', '2017-08-12 20:54:46', '2017-08-12 20:54:46', '02b38566-a3d4-41f8-8d8b-0b0911408b8e'),
 ('143', '114', '9', '1', 'en_us', '5', '', '{\"typeId\":\"21\",\"authorId\":\"1\",\"title\":\"Future Costs of Marsh Creation Projects in Coastal Louisiana\",\"slug\":\"future-costs-of-marsh-creation-projects-in-coastal-louisiana\",\"postDate\":1502467380,\"expiryDate\":null,\"enabled\":1,\"parentId\":\"115\",\"fields\":{\"38\":{\"119\":{\"type\":\"relatedTeamMember\",\"enabled\":\"1\",\"fields\":{\"teamMember\":[\"87\"],\"primaryauthor\":\"Primary Author\"}}},\"22\":\"Coast Builders Coalition\",\"23\":\"2 Years\",\"35\":[\"111\",\"112\",\"113\"],\"25\":\"<p>This study looks at how costs of marsh creation can change over time and some of the factors that influence those changes. Done for the Coast Builders Coalition and the Restore the Mississippi River Delta Coalition, the study looked at seven sites and considered multiple possible scenarios for sea level rise, inflation rates, and two different criteria for fill depth. Using this information, the report examines how cost savings could be achieved and how either borrowing money or investing it could alter the timing of restoration and construction costs.<\\/p>\"}}', '2017-08-12 20:56:48', '2017-08-12 20:56:48', '94bee8c1-b717-43ac-816a-c4627bad7bc9'),
 ('144', '114', '9', '1', 'en_us', '6', '', '{\"typeId\":\"21\",\"authorId\":\"1\",\"title\":\"Future Costs of Marsh Creation Projects in Coastal Louisiana\",\"slug\":\"future-costs-of-marsh-creation-projects-in-coastal-louisiana\",\"postDate\":1502467380,\"expiryDate\":null,\"enabled\":1,\"parentId\":\"115\",\"fields\":{\"38\":{\"119\":{\"type\":\"relatedTeamMember\",\"enabled\":\"1\",\"fields\":{\"teamMember\":[\"87\"],\"primaryAuthor\":\"1\"}}},\"22\":\"Coast Builders Coalition\",\"23\":\"2 Years\",\"35\":[\"111\",\"112\",\"113\"],\"25\":\"<p>This study looks at how costs of marsh creation can change over time and some of the factors that influence those changes. Done for the Coast Builders Coalition and the Restore the Mississippi River Delta Coalition, the study looked at seven sites and considered multiple possible scenarios for sea level rise, inflation rates, and two different criteria for fill depth. Using this information, the report examines how cost savings could be achieved and how either borrowing money or investing it could alter the timing of restoration and construction costs.<\\/p>\"}}', '2017-08-12 21:20:55', '2017-08-12 21:20:55', '15bf19f5-61f0-4727-87c3-b56df623de74'),
 ('145', '114', '9', '1', 'en_us', '7', '', '{\"typeId\":\"21\",\"authorId\":\"1\",\"title\":\"Future Costs of Marsh Creation Projects in Coastal Louisiana\",\"slug\":\"future-costs-of-marsh-creation-projects-in-coastal-louisiana\",\"postDate\":1502467380,\"expiryDate\":null,\"enabled\":1,\"parentId\":\"115\",\"fields\":{\"38\":{\"119\":{\"type\":\"relatedTeamMember\",\"enabled\":\"1\",\"fields\":{\"teamMember\":[\"87\"],\"primaryAuthor\":\"1\"}},\"new1\":{\"type\":\"relatedTeamMember\",\"enabled\":\"1\",\"fields\":{\"teamMember\":[\"90\"],\"primaryAuthor\":\"\"}}},\"22\":\"Coast Builders Coalition\",\"23\":\"2 Years\",\"35\":[\"111\",\"112\",\"113\"],\"25\":\"<p>This study looks at how costs of marsh creation can change over time and some of the factors that influence those changes. Done for the Coast Builders Coalition and the Restore the Mississippi River Delta Coalition, the study looked at seven sites and considered multiple possible scenarios for sea level rise, inflation rates, and two different criteria for fill depth. Using this information, the report examines how cost savings could be achieved and how either borrowing money or investing it could alter the timing of restoration and construction costs.<\\/p>\"}}', '2017-08-12 21:23:01', '2017-08-12 21:23:01', 'bffc9538-cbfc-498c-bc70-85ef97e009d2'),
 ('146', '114', '9', '1', 'en_us', '8', '', '{\"typeId\":\"21\",\"authorId\":\"1\",\"title\":\"Future Costs of Marsh Creation Projects in Coastal Louisiana\",\"slug\":\"future-costs-of-marsh-creation-projects-in-coastal-louisiana\",\"postDate\":1502467380,\"expiryDate\":null,\"enabled\":1,\"parentId\":\"115\",\"fields\":{\"38\":{\"119\":{\"type\":\"relatedTeamMember\",\"enabled\":\"1\",\"fields\":{\"teamMember\":[\"87\"],\"primaryAuthor\":\"1\"}},\"120\":{\"type\":\"relatedTeamMember\",\"enabled\":\"1\",\"fields\":{\"teamMember\":[\"90\"],\"primaryAuthor\":\"\"}}},\"22\":\"Coast Builders Coalition\",\"23\":\"2 Years\",\"35\":[\"111\",\"112\",\"113\"],\"25\":\"<p>This study looks at how costs of marsh creation can change over time and some of the factors that influence those changes. Done for the Coast Builders Coalition and the Restore the Mississippi River Delta Coalition, the study looked at seven sites and considered multiple possible scenarios for sea level rise, inflation rates, and two different criteria for fill depth. Using this information, the report examines how cost savings could be achieved and how either borrowing money or investing it could alter the timing of restoration and construction costs.<\\/p>\"}}', '2017-08-12 21:27:03', '2017-08-12 21:27:03', '63d7f1db-5418-4238-bdae-3abee02453d8'),
 ('147', '114', '9', '1', 'en_us', '9', '', '{\"typeId\":\"21\",\"authorId\":\"1\",\"title\":\"Future Costs of Marsh Creation Projects in Coastal Louisiana\",\"slug\":\"future-costs-of-marsh-creation-projects-in-coastal-louisiana\",\"postDate\":1502467380,\"expiryDate\":null,\"enabled\":1,\"parentId\":\"115\",\"fields\":{\"38\":{\"119\":{\"type\":\"relatedTeamMember\",\"enabled\":\"1\",\"fields\":{\"teamMember\":[\"87\"],\"primaryAuthor\":\"1\",\"primaryauthor2\":\"test\"}},\"120\":{\"type\":\"relatedTeamMember\",\"enabled\":\"1\",\"fields\":{\"teamMember\":[\"90\"],\"primaryAuthor\":\"\",\"primaryauthor2\":\"\"}}},\"22\":\"Coast Builders Coalition\",\"23\":\"2 Years\",\"35\":[\"111\",\"112\",\"113\"],\"25\":\"<p>This study looks at how costs of marsh creation can change over time and some of the factors that influence those changes. Done for the Coast Builders Coalition and the Restore the Mississippi River Delta Coalition, the study looked at seven sites and considered multiple possible scenarios for sea level rise, inflation rates, and two different criteria for fill depth. Using this information, the report examines how cost savings could be achieved and how either borrowing money or investing it could alter the timing of restoration and construction costs.<\\/p>\"}}', '2017-08-12 22:21:52', '2017-08-12 22:21:52', 'cb3cde5f-9a30-4132-adbc-a9765f26fb95'),
 ('148', '114', '9', '1', 'en_us', '10', '', '{\"typeId\":\"21\",\"authorId\":\"1\",\"title\":\"Future Costs of Marsh Creation Projects in Coastal Louisiana\",\"slug\":\"future-costs-of-marsh-creation-projects-in-coastal-louisiana\",\"postDate\":1502467380,\"expiryDate\":null,\"enabled\":1,\"parentId\":\"115\",\"fields\":{\"38\":{\"119\":{\"type\":\"relatedTeamMember\",\"enabled\":\"1\",\"fields\":{\"teamMember\":[\"87\"],\"primaryAuthor\":\"1\",\"primaryAuthor2\":\"test\"}},\"120\":{\"type\":\"relatedTeamMember\",\"enabled\":\"1\",\"fields\":{\"teamMember\":[\"90\"],\"primaryAuthor\":\"\",\"primaryAuthor2\":\"\"}}},\"22\":\"Coast Builders Coalition\",\"23\":\"2 Years\",\"35\":[\"111\",\"112\",\"113\"],\"25\":\"<p>This study looks at how costs of marsh creation can change over time and some of the factors that influence those changes. Done for the Coast Builders Coalition and the Restore the Mississippi River Delta Coalition, the study looked at seven sites and considered multiple possible scenarios for sea level rise, inflation rates, and two different criteria for fill depth. Using this information, the report examines how cost savings could be achieved and how either borrowing money or investing it could alter the timing of restoration and construction costs.<\\/p>\"}}', '2017-08-12 22:47:49', '2017-08-12 22:47:49', 'f0fbf3d5-83c2-4fdd-9a1f-4ab27f541061'),
 ('149', '121', '11', '1', 'en_us', '1', NULL, '{\"typeId\":\"25\",\"authorId\":null,\"title\":\"Capabilities\",\"slug\":\"capabilities\",\"postDate\":1502589052,\"expiryDate\":null,\"enabled\":1,\"parentId\":null,\"fields\":[]}', '2017-08-13 01:50:52', '2017-08-13 01:50:52', '01feea03-7ca8-4c48-acc9-ee8b3725b139'),
 ('150', '121', '11', '1', 'en_us', '2', '', '{\"typeId\":null,\"authorId\":null,\"title\":\"Capabilities\",\"slug\":\"capabilities\",\"postDate\":1502589052,\"expiryDate\":null,\"enabled\":1,\"parentId\":null,\"fields\":{\"1\":\"<p>Using an integrated approach, The Water Institute of the Gulf provides a suite of capabilities from large-scale plans and decision-support tools to targeted research and technical reviews. Collaboration across disciplines allows the Institute to provide a more holistic approach to problem solving, incorporating large and small scale integrated physical-ecological modeling, sediment and geomorphological processes, coastal ecological systems understanding and community based analysis.<\\/p>\\r\\n\\r\\n\\t\\t\\t\\t\\t<p>Whether in the field collecting information, in the lab analyzing results, or through the world-class numerical modeling, the Institute\\u2019s strength comes not only from the world class researchers, but from the integrated way we approach applied research and problem solving.<\\/p>\\r\\n\\r\\n\\t\\t\\t\\t\\t<p>In addition to the work the Institute has done on bathemetry, sediment transport and hydrology in support of Louisiana\\u2019s sediment diversion plans, the Institute has also been involved in evaluating waterflow needs for ecosystem stability and real-time flood forecasting tools that take local river and floodways into account. The Institute\\u2019s strength comes not only from the world class researchers, but from the integrated way we approach applied research and problem solving.<\\/p>\",\"44\":{\"new1\":{\"type\":\"singleCapability\",\"enabled\":\"1\",\"fields\":{\"number\":\"\",\"capabilityName\":\"\",\"capabilityDescription\":\"\"}}}}}', '2017-08-13 21:04:40', '2017-08-13 21:04:40', '749086c9-4001-4e0f-a6b1-3aaf6618a432'),
 ('151', '121', '11', '1', 'en_us', '3', '', '{\"typeId\":null,\"authorId\":null,\"title\":\"Capabilities\",\"slug\":\"capabilities\",\"postDate\":1502589052,\"expiryDate\":null,\"enabled\":1,\"parentId\":null,\"fields\":{\"1\":\"<p>Using an integrated approach, The Water Institute of the Gulf provides a suite of capabilities from large-scale plans and decision-support tools to targeted research and technical reviews. Collaboration across disciplines allows the Institute to provide a more holistic approach to problem solving, incorporating large and small scale integrated physical-ecological modeling, sediment and geomorphological processes, coastal ecological systems understanding and community based analysis.<\\/p>\\r\\n<p>Whether in the field collecting information, in the lab analyzing results, or through the world-class numerical modeling, the Institute\\u2019s strength comes not only from the world class researchers, but from the integrated way we approach applied research and problem solving.<\\/p>\\r\\n<p>In addition to the work the Institute has done on bathemetry, sediment transport and hydrology in support of Louisiana\\u2019s sediment diversion plans, the Institute has also been involved in evaluating waterflow needs for ecosystem stability and real-time flood forecasting tools that take local river and floodways into account. The Institute\\u2019s strength comes not only from the world class researchers, but from the integrated way we approach applied research and problem solving. WAAAAAAAAH.<\\/p>\",\"44\":{\"122\":{\"type\":\"singleCapability\",\"enabled\":\"1\",\"fields\":{\"number\":\"\",\"capabilityName\":\"\",\"capabilityDescription\":\"\"}}}}}', '2017-08-13 21:05:11', '2017-08-13 21:05:11', '7788ea5c-0b5a-4b8d-bd2a-e7ba5d39b3a4'),
 ('152', '121', '11', '1', 'en_us', '4', '', '{\"typeId\":null,\"authorId\":null,\"title\":\"Capabilities\",\"slug\":\"capabilities\",\"postDate\":1502589052,\"expiryDate\":null,\"enabled\":1,\"parentId\":null,\"fields\":{\"1\":\"<p>Using an integrated approach, The Water Institute of the Gulf provides a suite of capabilities from large-scale plans and decision-support tools to targeted research and technical reviews. Collaboration across disciplines allows the Institute to provide a more holistic approach to problem solving, incorporating large and small scale integrated physical-ecological modeling, sediment and geomorphological processes, coastal ecological systems understanding and community based analysis.<\\/p>\\r\\n<p>Whether in the field collecting information, in the lab analyzing results, or through the world-class numerical modeling, the Institute\\u2019s strength comes not only from the world class researchers, but from the integrated way we approach applied research and problem solving.<\\/p>\\r\\n<p>In addition to the work the Institute has done on bathemetry, sediment transport and hydrology in support of Louisiana\\u2019s sediment diversion plans, the Institute has also been involved in evaluating waterflow needs for ecosystem stability and real-time flood forecasting tools that take local river and floodways into account. The Institute\\u2019s strength comes not only from the world class researchers, but from the integrated way we approach applied research and problem solving.<\\/p>\",\"44\":{\"122\":{\"type\":\"singleCapability\",\"enabled\":\"1\",\"fields\":{\"number\":\"\",\"capabilityName\":\"\",\"capabilityDescription\":\"\"}}}}}', '2017-08-13 21:05:20', '2017-08-13 21:05:20', 'c238de3d-03a8-4957-9cb7-526ba139eb65'),
 ('153', '121', '11', '1', 'en_us', '5', '', '{\"typeId\":null,\"authorId\":null,\"title\":\"Capabilities\",\"slug\":\"capabilities\",\"postDate\":1502589052,\"expiryDate\":null,\"enabled\":1,\"parentId\":null,\"fields\":{\"1\":\"<p>Using an integrated approach, The Water Institute of the Gulf provides a suite of capabilities from large-scale plans and decision-support tools to targeted research and technical reviews. Collaboration across disciplines allows the Institute to provide a more holistic approach to problem solving, incorporating large and small scale integrated physical-ecological modeling, sediment and geomorphological processes, coastal ecological systems understanding and community based analysis.<\\/p>\\r\\n<p>Whether in the field collecting information, in the lab analyzing results, or through the world-class numerical modeling, the Institute\\u2019s strength comes not only from the world class researchers, but from the integrated way we approach applied research and problem solving.<\\/p>\\r\\n<p>In addition to the work the Institute has done on bathemetry, sediment transport and hydrology in support of Louisiana\\u2019s sediment diversion plans, the Institute has also been involved in evaluating waterflow needs for ecosystem stability and real-time flood forecasting tools that take local river and floodways into account. The Institute\\u2019s strength comes not only from the world class researchers, but from the integrated way we approach applied research and problem solving.<\\/p>\",\"44\":{\"122\":{\"type\":\"singleCapability\",\"enabled\":\"1\",\"fields\":{\"number\":\"01\",\"capabilityName\":\"\",\"capabilityDescription\":\"\"}}}}}', '2017-08-13 21:06:52', '2017-08-13 21:06:52', 'd1ba6fd2-8ff9-495b-9fcd-f8e853f2f3c6'),
 ('154', '121', '11', '1', 'en_us', '6', '', '{\"typeId\":null,\"authorId\":null,\"title\":\"Capabilities\",\"slug\":\"capabilities\",\"postDate\":1502589052,\"expiryDate\":null,\"enabled\":1,\"parentId\":null,\"fields\":{\"1\":\"<p>Using an integrated approach, The Water Institute of the Gulf provides a suite of capabilities from large-scale plans and decision-support tools to targeted research and technical reviews. Collaboration across disciplines allows the Institute to provide a more holistic approach to problem solving, incorporating large and small scale integrated physical-ecological modeling, sediment and geomorphological processes, coastal ecological systems understanding and community based analysis.<\\/p>\\r\\n<p>Whether in the field collecting information, in the lab analyzing results, or through the world-class numerical modeling, the Institute\\u2019s strength comes not only from the world class researchers, but from the integrated way we approach applied research and problem solving.<\\/p>\\r\\n<p>In addition to the work the Institute has done on bathemetry, sediment transport and hydrology in support of Louisiana\\u2019s sediment diversion plans, the Institute has also been involved in evaluating waterflow needs for ecosystem stability and real-time flood forecasting tools that take local river and floodways into account. The Institute\\u2019s strength comes not only from the world class researchers, but from the integrated way we approach applied research and problem solving.<\\/p>\",\"44\":{\"122\":{\"type\":\"singleCapability\",\"enabled\":\"1\",\"fields\":{\"number\":\"01\",\"capabilityName\":\"<p><strong>FIELD<\\/strong> INVESTIGATIONS<\\/p>\",\"capabilityDescription\":\"<p>We undertake a wide range of boat-based and fixed-station observations and field investigations of riverine, deltaic, coastal, and continental shelf environments. Using a variety of sampling techniques and investigative tools, our team performs river channel and coastal surveys of bathymetry, hydrodynamics, and sediment dynamics, as well as sampling a range of submerged and emergent biotic communities and ecosystem processes. The Institute also conducts sub-bottom acoustic surveys, performs geological measurements, characterizes wetland vegetation and soil through the collections of data in complex and rugged coastlines.<\\/p>\"}}}}}', '2017-08-13 21:08:15', '2017-08-13 21:08:15', 'afaf5320-3af1-43cd-9053-bbbbc36675d3'),
 ('155', '121', '11', '1', 'en_us', '7', '', '{\"typeId\":null,\"authorId\":null,\"title\":\"Capabilities\",\"slug\":\"capabilities\",\"postDate\":1502589052,\"expiryDate\":null,\"enabled\":1,\"parentId\":null,\"fields\":{\"1\":\"<p>Using an integrated approach, The Water Institute of the Gulf provides a suite of capabilities from large-scale plans and decision-support tools to targeted research and technical reviews. Collaboration across disciplines allows the Institute to provide a more holistic approach to problem solving, incorporating large and small scale integrated physical-ecological modeling, sediment and geomorphological processes, coastal ecological systems understanding and community based analysis.<\\/p>\\r\\n<p>Whether in the field collecting information, in the lab analyzing results, or through the world-class numerical modeling, the Institute\\u2019s strength comes not only from the world class researchers, but from the integrated way we approach applied research and problem solving.<\\/p>\\r\\n<p>In addition to the work the Institute has done on bathemetry, sediment transport and hydrology in support of Louisiana\\u2019s sediment diversion plans, the Institute has also been involved in evaluating waterflow needs for ecosystem stability and real-time flood forecasting tools that take local river and floodways into account. The Institute\\u2019s strength comes not only from the world class researchers, but from the integrated way we approach applied research and problem solving.<\\/p>\",\"44\":{\"122\":{\"type\":\"singleCapability\",\"enabled\":\"1\",\"fields\":{\"number\":\"01\",\"capabilityName\":\"<p><strong>FIELD<\\/strong> INVESTIGATIONS<\\/p>\",\"capabilityDescription\":\"<p>We undertake a wide range of boat-based and fixed-station observations and field investigations of riverine, deltaic, coastal, and continental shelf environments. Using a variety of sampling techniques and investigative tools, our team performs river channel and coastal surveys of bathymetry, hydrodynamics, and sediment dynamics, as well as sampling a range of submerged and emergent biotic communities and ecosystem processes. The Institute also conducts sub-bottom acoustic surveys, performs geological measurements, characterizes wetland vegetation and soil through the collections of data in complex and rugged coastlines. Pizza.<\\/p>\"}}}}}', '2017-08-13 21:18:46', '2017-08-13 21:18:46', 'd463b83e-7bd9-444d-87bc-e452ee4b7749'),
 ('156', '121', '11', '1', 'en_us', '8', '', '{\"typeId\":null,\"authorId\":null,\"title\":\"Capabilities\",\"slug\":\"capabilities\",\"postDate\":1502589052,\"expiryDate\":null,\"enabled\":1,\"parentId\":null,\"fields\":{\"1\":\"<p>Using an integrated approach, The Water Institute of the Gulf provides a suite of capabilities from large-scale plans and decision-support tools to targeted research and technical reviews. Collaboration across disciplines allows the Institute to provide a more holistic approach to problem solving, incorporating large and small scale integrated physical-ecological modeling, sediment and geomorphological processes, coastal ecological systems understanding and community based analysis.<\\/p>\\r\\n<p>Whether in the field collecting information, in the lab analyzing results, or through the world-class numerical modeling, the Institute\\u2019s strength comes not only from the world class researchers, but from the integrated way we approach applied research and problem solving.<\\/p>\\r\\n<p>In addition to the work the Institute has done on bathemetry, sediment transport and hydrology in support of Louisiana\\u2019s sediment diversion plans, the Institute has also been involved in evaluating waterflow needs for ecosystem stability and real-time flood forecasting tools that take local river and floodways into account. The Institute\\u2019s strength comes not only from the world class researchers, but from the integrated way we approach applied research and problem solving.<\\/p>\",\"44\":{\"122\":{\"type\":\"singleCapability\",\"enabled\":\"1\",\"fields\":{\"number\":\"01\",\"capabilityName\":\"<p><strong>FIELD<\\/strong> INVESTIGATIONS<\\/p>\",\"capabilityDescription\":\"<p>We undertake a wide range of boat-based and fixed-station observations and field investigations of riverine, deltaic, coastal, and continental shelf environments. Using a variety of sampling techniques and investigative tools, our team performs river channel and coastal surveys of bathymetry, hydrodynamics, and sediment dynamics, as well as sampling a range of submerged and emergent biotic communities and ecosystem processes. The Institute also conducts sub-bottom acoustic surveys, performs geological measurements, characterizes wetland vegetation and soil through the collections of data in complex and rugged coastlines. Pizza.<\\/p>\"}},\"new1\":{\"type\":\"singleCapability\",\"enabled\":\"1\",\"fields\":{\"number\":\"02\",\"capabilityName\":\"<p><b>REAL-TIME SENSOR<\\/b>&nbsp;DATA COLLECTION AND MONITORING DESIGN<\\/p>\",\"capabilityDescription\":\"<p>We have a number of sensors and data collection platforms that we deploy for long periods of time in order to gather data for parameters such as flow characteristics, suspended sediment, water quality, and meteorology. We also design monitoring approaches to obtain repeated long-term measurements that can be analyzed to detect change that may result from a variety of sources, including large-scale restoration and protection projects, environmental disturbances, changing climate, and other major drivers.<\\/p>\"}},\"new2\":{\"type\":\"singleCapability\",\"enabled\":\"1\",\"fields\":{\"number\":\"03\",\"capabilityName\":\"<p><b>INTEGRATED<\\/b>&nbsp;NATURAL SYSTEMS MODELING<\\/p>\",\"capabilityDescription\":\"<p>We develop and apply world-class integrated hydrologic, morphodynamic, and ecosystem numerical tools to understand short- and long-term dynamics of complex riverine, coastal, and deltaic systems. These predictive numerical models support and inform decision-makers on how to manage and sustain valuable natural resources and infrastructure. Our team uses a wide range of numerical models and is continually seeking and identifying the best available tools in the research and practitioner communities. Examples of modeling software that we currently utilize include: Delft3D, MIKE-FLOOD, OpenFOAM, and FLOW3D. We led the development of the Integrated Compartment Model (ICM), a comprehensive predictive landscape and ecosystem model that supports large-scale coastal planning efforts. In April 2015, we earned a Delft3D Modeling Center certification, the first North America-based organization to receive such a credential.<\\/p>\"}},\"new3\":{\"type\":\"singleCapability\",\"enabled\":\"1\",\"fields\":{\"number\":\"04\",\"capabilityName\":\"<p><b>ANALYTICS<\\/b>&nbsp;AND INTEGRATED DECISION SUPPORT<\\/p>\",\"capabilityDescription\":\"<p>We develop and apply integrated decision support systems linking sensors, predictions, and analytics in a real time framework that can support coastal planning preparedness, operations, and emergency response at local and regional scales. Our goal is to make links between data, models, and end users more seamless in order to provide high quality information to support effective and transparent decision making.<\\/p>\"}},\"new4\":{\"type\":\"singleCapability\",\"enabled\":\"1\",\"fields\":{\"number\":\"05\",\"capabilityName\":\"<p><strong>SPATIAL ANALYSIS<\\/strong> OF SOCIOECONOMIC AND ECOSYSTEM CHANGE<\\/p>\",\"capabilityDescription\":\"<p>We use geospatial analytics and data visualization to better understand patterns of change and the relationship of the natural system to society. This includes analysis of U.S. Census and American Community Survey data, reconstruction of historic ecosystem change, and investigation of potential future system response to planned restoration and protection measures. We combine site scale data on biotic communities with coastwide data sets, to assess change in ecosystem function over time.&nbsp;<\\/p>\"}},\"new5\":{\"type\":\"singleCapability\",\"enabled\":\"1\",\"fields\":{\"number\":\"06\",\"capabilityName\":\"<p><strong>DECISION<\\/strong> SUPPORT<\\/p>\",\"capabilityDescription\":\"<p>In addition to our applied research program, the Institute is often called upon to connect academic, public, and private research providers from around the world to find and evaluate solutions to coastal protection and restoration challenges. Our decision support efforts inform a range of implementation and policy decisions, from large-scale ecosystem restoration, to natural coastal infrastructure, to water systems management.<\\/p>\"}},\"new6\":{\"type\":\"singleCapability\",\"enabled\":\"1\",\"fields\":{\"number\":\"07\",\"capabilityName\":\"<p><strong>INDEPENDENT<\\/strong> TECHNICAL EXPERT REVIEW<\\/p>\",\"capabilityDescription\":\"<p>Independent review by subject matter experts not directly involved in projects is essential to ensure technical information used in decision making is sound, evidence-based, and meets the state of the practice. Because of our experience and relationships, we conduct peer reviews, either by using our experts within the Institute, or by tapping into our network of experts across the country and the world.<\\/p>\"}},\"new7\":{\"type\":\"singleCapability\",\"enabled\":\"1\",\"fields\":{\"number\":\"08\",\"capabilityName\":\"<p><strong>EXPERT OPINION<\\/strong> AND ADVICE<\\/p>\",\"capabilityDescription\":\"<p>Members of our technical team are called upon to provide expert opinion and advice as others work through complex coastal, deltaic, and water resource related challenges. This includes serving in an advisory role on large-scale restoration planning efforts and providing consulting support to others as they undertake new projects or initiatives.<\\/p>\\r\\n<p>The Water Institute\\u2019s invaluable applied research, knowledge, and experience gained in coastal Louisiana are already being extended globally, with engagements in Chile, Egypt, the Netherlands, Pacific island countries, and the Mekong Delta in Vietnam.&nbsp;<\\/p>\\r\\n<p>We also welcome the opportunity to apply our expertise and to partner with mission-driven organizations who share our passion for advancing resilient coasts and sustainable water systems worldwide.<\\/p>\"}}}}}', '2017-08-13 21:26:20', '2017-08-13 21:26:20', '35f80447-e24a-4b52-bd15-65a4cde43602'),
 ('157', '121', '11', '1', 'en_us', '9', '', '{\"typeId\":null,\"authorId\":null,\"title\":\"Capabilities\",\"slug\":\"capabilities\",\"postDate\":1502589052,\"expiryDate\":null,\"enabled\":1,\"parentId\":null,\"fields\":{\"1\":\"<p>Using an integrated approach, The Water Institute of the Gulf provides a suite of capabilities from large-scale plans and decision-support tools to targeted research and technical reviews. Collaboration across disciplines allows the Institute to provide a more holistic approach to problem solving, incorporating large and small scale integrated physical-ecological modeling, sediment and geomorphological processes, coastal ecological systems understanding and community based analysis.<\\/p>\\r\\n<p>Whether in the field collecting information, in the lab analyzing results, or through the world-class numerical modeling, the Institute\\u2019s strength comes not only from the world class researchers, but from the integrated way we approach applied research and problem solving.<\\/p>\\r\\n<p>In addition to the work the Institute has done on bathemetry, sediment transport and hydrology in support of Louisiana\\u2019s sediment diversion plans, the Institute has also been involved in evaluating waterflow needs for ecosystem stability and real-time flood forecasting tools that take local river and floodways into account. The Institute\\u2019s strength comes not only from the world class researchers, but from the integrated way we approach applied research and problem solving.<\\/p>\",\"44\":{\"122\":{\"type\":\"singleCapability\",\"enabled\":\"1\",\"fields\":{\"number\":\"01\",\"capabilityName\":\"<p><strong>Field<\\/strong> Investigations<\\/p>\",\"capabilityDescription\":\"<p>We undertake a wide range of boat-based and fixed-station observations and field investigations of riverine, deltaic, coastal, and continental shelf environments. Using a variety of sampling techniques and investigative tools, our team performs river channel and coastal surveys of bathymetry, hydrodynamics, and sediment dynamics, as well as sampling a range of submerged and emergent biotic communities and ecosystem processes. The Institute also conducts sub-bottom acoustic surveys, performs geological measurements, characterizes wetland vegetation and soil through the collections of data in complex and rugged coastlines. Pizza.<\\/p>\"}},\"123\":{\"type\":\"singleCapability\",\"enabled\":\"1\",\"fields\":{\"number\":\"02\",\"capabilityName\":\"<p><strong>Real-Time Sensor<\\/strong>&nbsp;Data Collection and Monitoring Design<\\/p>\",\"capabilityDescription\":\"<p>We have a number of sensors and data collection platforms that we deploy for long periods of time in order to gather data for parameters such as flow characteristics, suspended sediment, water quality, and meteorology. We also design monitoring approaches to obtain repeated long-term measurements that can be analyzed to detect change that may result from a variety of sources, including large-scale restoration and protection projects, environmental disturbances, changing climate, and other major drivers.<\\/p>\"}},\"124\":{\"type\":\"singleCapability\",\"enabled\":\"1\",\"fields\":{\"number\":\"03\",\"capabilityName\":\"<p><b>Integrated<\\/b> Natural System Modeling<\\/p>\",\"capabilityDescription\":\"<p>We develop and apply world-class integrated hydrologic, morphodynamic, and ecosystem numerical tools to understand short- and long-term dynamics of complex riverine, coastal, and deltaic systems. These predictive numerical models support and inform decision-makers on how to manage and sustain valuable natural resources and infrastructure. Our team uses a wide range of numerical models and is continually seeking and identifying the best available tools in the research and practitioner communities. Examples of modeling software that we currently utilize include: Delft3D, MIKE-FLOOD, OpenFOAM, and FLOW3D. We led the development of the Integrated Compartment Model (ICM), a comprehensive predictive landscape and ecosystem model that supports large-scale coastal planning efforts. In April 2015, we earned a Delft3D Modeling Center certification, the first North America-based organization to receive such a credential.<\\/p>\"}},\"125\":{\"type\":\"singleCapability\",\"enabled\":\"1\",\"fields\":{\"number\":\"04\",\"capabilityName\":\"<p><strong>Analytics<\\/strong>&nbsp;and Integrated Decision Support<\\/p>\",\"capabilityDescription\":\"<p>We develop and apply integrated decision support systems linking sensors, predictions, and analytics in a real time framework that can support coastal planning preparedness, operations, and emergency response at local and regional scales. Our goal is to make links between data, models, and end users more seamless in order to provide high quality information to support effective and transparent decision making.<\\/p>\"}},\"126\":{\"type\":\"singleCapability\",\"enabled\":\"1\",\"fields\":{\"number\":\"05\",\"capabilityName\":\"<p><strong>Spatial Analysis<\\/strong> of Socioeconomic and Ecosystem Change<\\/p>\",\"capabilityDescription\":\"<p>We use geospatial analytics and data visualization to better understand patterns of change and the relationship of the natural system to society. This includes analysis of U.S. Census and American Community Survey data, reconstruction of historic ecosystem change, and investigation of potential future system response to planned restoration and protection measures. We combine site scale data on biotic communities with coastwide data sets, to assess change in ecosystem function over time.&nbsp;<\\/p>\"}},\"127\":{\"type\":\"singleCapability\",\"enabled\":\"1\",\"fields\":{\"number\":\"06\",\"capabilityName\":\"<p><strong>Decision<\\/strong>&nbsp;Support<\\/p>\",\"capabilityDescription\":\"<p>In addition to our applied research program, the Institute is often called upon to connect academic, public, and private research providers from around the world to find and evaluate solutions to coastal protection and restoration challenges. Our decision support efforts inform a range of implementation and policy decisions, from large-scale ecosystem restoration, to natural coastal infrastructure, to water systems management.<\\/p>\"}},\"128\":{\"type\":\"singleCapability\",\"enabled\":\"1\",\"fields\":{\"number\":\"07\",\"capabilityName\":\"<p><strong>Independent<\\/strong> Technical Expert Review<\\/p>\",\"capabilityDescription\":\"<p>Independent review by subject matter experts not directly involved in projects is essential to ensure technical information used in decision making is sound, evidence-based, and meets the state of the practice. Because of our experience and relationships, we conduct peer reviews, either by using our experts within the Institute, or by tapping into our network of experts across the country and the world.<\\/p>\"}},\"129\":{\"type\":\"singleCapability\",\"enabled\":\"1\",\"fields\":{\"number\":\"08\",\"capabilityName\":\"<p><strong>Expert Opinion<\\/strong>&nbsp;and Advice<\\/p>\",\"capabilityDescription\":\"<p>Members of our technical team are called upon to provide expert opinion and advice as others work through complex coastal, deltaic, and water resource related challenges. This includes serving in an advisory role on large-scale restoration planning efforts and providing consulting support to others as they undertake new projects or initiatives.<\\/p>\\r\\n<p>The Water Institute\\u2019s invaluable applied research, knowledge, and experience gained in coastal Louisiana are already being extended globally, with engagements in Chile, Egypt, the Netherlands, Pacific island countries, and the Mekong Delta in Vietnam.&nbsp;<\\/p>\\r\\n<p>We also welcome the opportunity to apply our expertise and to partner with mission-driven organizations who share our passion for advancing resilient coasts and sustainable water systems worldwide.<\\/p>\"}}}}}', '2017-08-13 21:51:29', '2017-08-13 21:51:29', '390211b5-c27e-46ea-9ed3-f7103792512a'),
 ('158', '121', '11', '1', 'en_us', '10', '', '{\"typeId\":null,\"authorId\":null,\"title\":\"Capabilities\",\"slug\":\"capabilities\",\"postDate\":1502589052,\"expiryDate\":null,\"enabled\":1,\"parentId\":null,\"fields\":{\"1\":\"<p>Using an integrated approach, The Water Institute of the Gulf provides a suite of capabilities from large-scale plans and decision-support tools to targeted research and technical reviews. Collaboration across disciplines allows the Institute to provide a more holistic approach to problem solving, incorporating large and small scale integrated physical-ecological modeling, sediment and geomorphological processes, coastal ecological systems understanding and community based analysis.<\\/p>\\r\\n<p>Whether in the field collecting information, in the lab analyzing results, or through the world-class numerical modeling, the Institute\\u2019s strength comes not only from the world class researchers, but from the integrated way we approach applied research and problem solving.<\\/p>\\r\\n<p>In addition to the work the Institute has done on bathemetry, sediment transport and hydrology in support of Louisiana\\u2019s sediment diversion plans, the Institute has also been involved in evaluating waterflow needs for ecosystem stability and real-time flood forecasting tools that take local river and floodways into account. The Institute\\u2019s strength comes not only from the world class researchers, but from the integrated way we approach applied research and problem solving.<\\/p>\",\"44\":{\"122\":{\"type\":\"singleCapability\",\"enabled\":\"1\",\"fields\":{\"number\":\"01\",\"capabilityName\":\"<p><strong>Field<\\/strong> Investigations<\\/p>\",\"capabilityDescription\":\"<p>We undertake a wide range of boat-based and fixed-station observations and field investigations of riverine, deltaic, coastal, and continental shelf environments. Using a variety of sampling techniques and investigative tools, our team performs river channel and coastal surveys of bathymetry, hydrodynamics, and sediment dynamics, as well as sampling a range of submerged and emergent biotic communities and ecosystem processes. The Institute also conducts sub-bottom acoustic surveys, performs geological measurements, characterizes wetland vegetation and soil through the collections of data in complex and rugged coastlines. Pizza.<\\/p>\"}},\"123\":{\"type\":\"singleCapability\",\"enabled\":\"1\",\"fields\":{\"number\":\"02\",\"capabilityName\":\"<p><strong>Real-Time Sensor&nbsp;<\\/strong>Data Collection and Monitoring Design<\\/p>\",\"capabilityDescription\":\"<p>We have a number of sensors and data collection platforms that we deploy for long periods of time in order to gather data for parameters such as flow characteristics, suspended sediment, water quality, and meteorology. We also design monitoring approaches to obtain repeated long-term measurements that can be analyzed to detect change that may result from a variety of sources, including large-scale restoration and protection projects, environmental disturbances, changing climate, and other major drivers.<\\/p>\"}},\"124\":{\"type\":\"singleCapability\",\"enabled\":\"1\",\"fields\":{\"number\":\"03\",\"capabilityName\":\"<p><strong>Integrated<\\/strong> Natural System Modeling<\\/p>\",\"capabilityDescription\":\"<p>We develop and apply world-class integrated hydrologic, morphodynamic, and ecosystem numerical tools to understand short- and long-term dynamics of complex riverine, coastal, and deltaic systems. These predictive numerical models support and inform decision-makers on how to manage and sustain valuable natural resources and infrastructure. Our team uses a wide range of numerical models and is continually seeking and identifying the best available tools in the research and practitioner communities. Examples of modeling software that we currently utilize include: Delft3D, MIKE-FLOOD, OpenFOAM, and FLOW3D. We led the development of the Integrated Compartment Model (ICM), a comprehensive predictive landscape and ecosystem model that supports large-scale coastal planning efforts. In April 2015, we earned a Delft3D Modeling Center certification, the first North America-based organization to receive such a credential.<\\/p>\"}},\"125\":{\"type\":\"singleCapability\",\"enabled\":\"1\",\"fields\":{\"number\":\"04\",\"capabilityName\":\"<p><strong>Analytics<\\/strong>&nbsp;and Integrated Decision Support<\\/p>\",\"capabilityDescription\":\"<p>We develop and apply integrated decision support systems linking sensors, predictions, and analytics in a real time framework that can support coastal planning preparedness, operations, and emergency response at local and regional scales. Our goal is to make links between data, models, and end users more seamless in order to provide high quality information to support effective and transparent decision making.<\\/p>\"}},\"126\":{\"type\":\"singleCapability\",\"enabled\":\"1\",\"fields\":{\"number\":\"05\",\"capabilityName\":\"<p><strong>Spatial Analysis<\\/strong> of Socioeconomic and Ecosystem Change<\\/p>\",\"capabilityDescription\":\"<p>We use geospatial analytics and data visualization to better understand patterns of change and the relationship of the natural system to society. This includes analysis of U.S. Census and American Community Survey data, reconstruction of historic ecosystem change, and investigation of potential future system response to planned restoration and protection measures. We combine site scale data on biotic communities with coastwide data sets, to assess change in ecosystem function over time.&nbsp;<\\/p>\"}},\"127\":{\"type\":\"singleCapability\",\"enabled\":\"1\",\"fields\":{\"number\":\"06\",\"capabilityName\":\"<p><strong>Decision<\\/strong>&nbsp;Support<\\/p>\",\"capabilityDescription\":\"<p>In addition to our applied research program, the Institute is often called upon to connect academic, public, and private research providers from around the world to find and evaluate solutions to coastal protection and restoration challenges. Our decision support efforts inform a range of implementation and policy decisions, from large-scale ecosystem restoration, to natural coastal infrastructure, to water systems management.<\\/p>\"}},\"128\":{\"type\":\"singleCapability\",\"enabled\":\"1\",\"fields\":{\"number\":\"07\",\"capabilityName\":\"<p><strong>Independent<\\/strong> Technical Expert Review<\\/p>\",\"capabilityDescription\":\"<p>Independent review by subject matter experts not directly involved in projects is essential to ensure technical information used in decision making is sound, evidence-based, and meets the state of the practice. Because of our experience and relationships, we conduct peer reviews, either by using our experts within the Institute, or by tapping into our network of experts across the country and the world.<\\/p>\"}},\"129\":{\"type\":\"singleCapability\",\"enabled\":\"1\",\"fields\":{\"number\":\"08\",\"capabilityName\":\"<p><strong>Expert Opinion<\\/strong>&nbsp;and Advice<\\/p>\",\"capabilityDescription\":\"<p>Members of our technical team are called upon to provide expert opinion and advice as others work through complex coastal, deltaic, and water resource related challenges. This includes serving in an advisory role on large-scale restoration planning efforts and providing consulting support to others as they undertake new projects or initiatives.<\\/p>\\r\\n<p>The Water Institute\\u2019s invaluable applied research, knowledge, and experience gained in coastal Louisiana are already being extended globally, with engagements in Chile, Egypt, the Netherlands, Pacific island countries, and the Mekong Delta in Vietnam.&nbsp;<\\/p>\\r\\n<p>We also welcome the opportunity to apply our expertise and to partner with mission-driven organizations who share our passion for advancing resilient coasts and sustainable water systems worldwide.<\\/p>\"}}}}}', '2017-08-13 22:03:58', '2017-08-13 22:03:58', '53e2fb81-7b15-44cd-9594-bedd6d3b85a6'),
 ('159', '121', '11', '1', 'en_us', '11', '', '{\"typeId\":null,\"authorId\":null,\"title\":\"Capabilities\",\"slug\":\"capabilities\",\"postDate\":1502589052,\"expiryDate\":null,\"enabled\":1,\"parentId\":null,\"fields\":{\"1\":\"<p>Using an integrated approach, The Water Institute of the Gulf provides a suite of capabilities from large-scale plans and decision-support tools to targeted research and technical reviews. Collaboration across disciplines allows the Institute to provide a more holistic approach to problem solving, incorporating large and small scale integrated physical-ecological modeling, sediment and geomorphological processes, coastal ecological systems understanding and community based analysis.<\\/p>\\r\\n<p>Whether in the field collecting information, in the lab analyzing results, or through the world-class numerical modeling, the Institute\\u2019s strength comes not only from the world class researchers, but from the integrated way we approach applied research and problem solving.<\\/p>\\r\\n<p>In addition to the work the Institute has done on bathemetry, sediment transport and hydrology in support of Louisiana\\u2019s sediment diversion plans, the Institute has also been involved in evaluating waterflow needs for ecosystem stability and real-time flood forecasting tools that take local river and floodways into account. The Institute\\u2019s strength comes not only from the world class researchers, but from the integrated way we approach applied research and problem solving.<\\/p>\",\"44\":{\"122\":{\"type\":\"singleCapability\",\"enabled\":\"1\",\"fields\":{\"number\":\"01\",\"capabilityName\":\"<p><strong>Field<\\/strong> Investigations<\\/p>\",\"capabilityDescription\":\"<p>We undertake a wide range of boat-based and fixed-station observations and field investigations of riverine, deltaic, coastal, and continental shelf environments. Using a variety of sampling techniques and investigative tools, our team performs river channel and coastal surveys of bathymetry, hydrodynamics, and sediment dynamics, as well as sampling a range of submerged and emergent biotic communities and ecosystem processes. The Institute also conducts sub-bottom acoustic surveys, performs geological measurements, characterizes wetland vegetation and soil through the collections of data in complex and rugged coastlines. Pizza.<\\/p>\"}},\"123\":{\"type\":\"singleCapability\",\"enabled\":\"1\",\"fields\":{\"number\":\"02\",\"capabilityName\":\"<p><strong>Real-Time Sensor&nbsp;<\\/strong>Data Collection and Monitoring Design<\\/p>\",\"capabilityDescription\":\"<p>We have a number of sensors and data collection platforms that we deploy for long periods of time in order to gather data for parameters such as flow characteristics, suspended sediment, water quality, and meteorology. We also design monitoring approaches to obtain repeated long-term measurements that can be analyzed to detect change that may result from a variety of sources, including large-scale restoration and protection projects, environmental disturbances, changing climate, and other major drivers.<\\/p>\"}},\"124\":{\"type\":\"singleCapability\",\"enabled\":\"1\",\"fields\":{\"number\":\"03\",\"capabilityName\":\"<p><strong>Integrated<\\/strong> Natural System Modeling<\\/p>\",\"capabilityDescription\":\"<p>We develop and apply world-class integrated hydrologic, morphodynamic, and ecosystem numerical tools to understand short- and long-term dynamics of complex riverine, coastal, and deltaic systems. These predictive numerical models support and inform decision-makers on how to manage and sustain valuable natural resources and infrastructure. Our team uses a wide range of numerical models and is continually seeking and identifying the best available tools in the research and practitioner communities. Examples of modeling software that we currently utilize include: Delft3D, MIKE-FLOOD, OpenFOAM, and FLOW3D. We led the development of the Integrated Compartment Model (ICM), a comprehensive predictive landscape and ecosystem model that supports large-scale coastal planning efforts. In April 2015, we earned a Delft3D Modeling Center certification, the first North America-based organization to receive such a credential.<\\/p>\"}},\"125\":{\"type\":\"singleCapability\",\"enabled\":\"1\",\"fields\":{\"number\":\"04\",\"capabilityName\":\"<p><strong>Analytics&nbsp;<\\/strong>and Integrated Decision Support<\\/p>\",\"capabilityDescription\":\"<p>We develop and apply integrated decision support systems linking sensors, predictions, and analytics in a real time framework that can support coastal planning preparedness, operations, and emergency response at local and regional scales. Our goal is to make links between data, models, and end users more seamless in order to provide high quality information to support effective and transparent decision making.<\\/p>\"}},\"126\":{\"type\":\"singleCapability\",\"enabled\":\"1\",\"fields\":{\"number\":\"05\",\"capabilityName\":\"<p><strong>Spatial Analysis<\\/strong> of Socioeconomic and Ecosystem Change<\\/p>\",\"capabilityDescription\":\"<p>We use geospatial analytics and data visualization to better understand patterns of change and the relationship of the natural system to society. This includes analysis of U.S. Census and American Community Survey data, reconstruction of historic ecosystem change, and investigation of potential future system response to planned restoration and protection measures. We combine site scale data on biotic communities with coastwide data sets, to assess change in ecosystem function over time.&nbsp;<\\/p>\"}},\"127\":{\"type\":\"singleCapability\",\"enabled\":\"1\",\"fields\":{\"number\":\"06\",\"capabilityName\":\"<p><strong>Decision<\\/strong>&nbsp;Support<\\/p>\",\"capabilityDescription\":\"<p>In addition to our applied research program, the Institute is often called upon to connect academic, public, and private research providers from around the world to find and evaluate solutions to coastal protection and restoration challenges. Our decision support efforts inform a range of implementation and policy decisions, from large-scale ecosystem restoration, to natural coastal infrastructure, to water systems management.<\\/p>\"}},\"128\":{\"type\":\"singleCapability\",\"enabled\":\"1\",\"fields\":{\"number\":\"07\",\"capabilityName\":\"<p><strong>Independent<\\/strong> Technical Expert Review<\\/p>\",\"capabilityDescription\":\"<p>Independent review by subject matter experts not directly involved in projects is essential to ensure technical information used in decision making is sound, evidence-based, and meets the state of the practice. Because of our experience and relationships, we conduct peer reviews, either by using our experts within the Institute, or by tapping into our network of experts across the country and the world.<\\/p>\"}},\"129\":{\"type\":\"singleCapability\",\"enabled\":\"1\",\"fields\":{\"number\":\"08\",\"capabilityName\":\"<p><strong>Expert Opinion<\\/strong>&nbsp;and Advice<\\/p>\",\"capabilityDescription\":\"<p>Members of our technical team are called upon to provide expert opinion and advice as others work through complex coastal, deltaic, and water resource related challenges. This includes serving in an advisory role on large-scale restoration planning efforts and providing consulting support to others as they undertake new projects or initiatives.<\\/p>\\r\\n<p>The Water Institute\\u2019s invaluable applied research, knowledge, and experience gained in coastal Louisiana are already being extended globally, with engagements in Chile, Egypt, the Netherlands, Pacific island countries, and the Mekong Delta in Vietnam.&nbsp;<\\/p>\\r\\n<p>We also welcome the opportunity to apply our expertise and to partner with mission-driven organizations who share our passion for advancing resilient coasts and sustainable water systems worldwide.<\\/p>\"}}}}}', '2017-08-13 22:04:33', '2017-08-13 22:04:33', '139a237c-f0a8-4825-bd5c-b28d46e7c155'),
 ('160', '121', '11', '1', 'en_us', '12', '', '{\"typeId\":null,\"authorId\":null,\"title\":\"Capabilities\",\"slug\":\"capabilities\",\"postDate\":1502589052,\"expiryDate\":null,\"enabled\":1,\"parentId\":null,\"fields\":{\"1\":\"<p>Using an integrated approach, The Water Institute of the Gulf provides a suite of capabilities from large-scale plans and decision-support tools to targeted research and technical reviews. Collaboration across disciplines allows the Institute to provide a more holistic approach to problem solving, incorporating large and small scale integrated physical-ecological modeling, sediment and geomorphological processes, coastal ecological systems understanding and community based analysis.<\\/p>\\r\\n<p>Whether in the field collecting information, in the lab analyzing results, or through the world-class numerical modeling, the Institute\\u2019s strength comes not only from the world class researchers, but from the integrated way we approach applied research and problem solving.<\\/p>\\r\\n<p>In addition to the work the Institute has done on bathemetry, sediment transport and hydrology in support of Louisiana\\u2019s sediment diversion plans, the Institute has also been involved in evaluating waterflow needs for ecosystem stability and real-time flood forecasting tools that take local river and floodways into account. The Institute\\u2019s strength comes not only from the world class researchers, but from the integrated way we approach applied research and problem solving.<\\/p>\",\"44\":{\"122\":{\"type\":\"singleCapability\",\"enabled\":\"1\",\"fields\":{\"number\":\"01\",\"capabilityName\":\"<p><strong>Field<\\/strong> Investigations<\\/p>\",\"capabilityDescription\":\"<p>We undertake a wide range of boat-based and fixed-station observations and field investigations of riverine, deltaic, coastal, and continental shelf environments. Using a variety of sampling techniques and investigative tools, our team performs river channel and coastal surveys of bathymetry, hydrodynamics, and sediment dynamics, as well as sampling a range of submerged and emergent biotic communities and ecosystem processes. The Institute also conducts sub-bottom acoustic surveys, performs geological measurements, characterizes wetland vegetation and soil through the collections of data in complex and rugged coastlines. Pizza.<\\/p>\"}},\"123\":{\"type\":\"singleCapability\",\"enabled\":\"1\",\"fields\":{\"number\":\"02\",\"capabilityName\":\"<p><strong>Real-Time Sensor&nbsp;<\\/strong>Data Collection and Monitoring Design<\\/p>\",\"capabilityDescription\":\"<p>We have a number of sensors and data collection platforms that we deploy for long periods of time in order to gather data for parameters such as flow characteristics, suspended sediment, water quality, and meteorology. We also design monitoring approaches to obtain repeated long-term measurements that can be analyzed to detect change that may result from a variety of sources, including large-scale restoration and protection projects, environmental disturbances, changing climate, and other major drivers.<\\/p>\"}},\"124\":{\"type\":\"singleCapability\",\"enabled\":\"1\",\"fields\":{\"number\":\"03\",\"capabilityName\":\"<p><strong>Integrated<\\/strong> Natural System Modeling<\\/p>\",\"capabilityDescription\":\"<p>We develop and apply world-class integrated hydrologic, morphodynamic, and ecosystem numerical tools to understand short- and long-term dynamics of complex riverine, coastal, and deltaic systems. These predictive numerical models support and inform decision-makers on how to manage and sustain valuable natural resources and infrastructure. Our team uses a wide range of numerical models and is continually seeking and identifying the best available tools in the research and practitioner communities. Examples of modeling software that we currently utilize include: Delft3D, MIKE-FLOOD, OpenFOAM, and FLOW3D. We led the development of the Integrated Compartment Model (ICM), a comprehensive predictive landscape and ecosystem model that supports large-scale coastal planning efforts. In April 2015, we earned a Delft3D Modeling Center certification, the first North America-based organization to receive such a credential.<\\/p>\"}},\"125\":{\"type\":\"singleCapability\",\"enabled\":\"1\",\"fields\":{\"number\":\"04\",\"capabilityName\":\"<p><strong>Analytics&nbsp;<\\/strong>and Integrated Decision Support<\\/p>\",\"capabilityDescription\":\"<p>We develop and apply integrated decision support systems linking sensors, predictions, and analytics in a real time framework that can support coastal planning preparedness, operations, and emergency response at local and regional scales. Our goal is to make links between data, models, and end users more seamless in order to provide high quality information to support effective and transparent decision making.<\\/p>\"}},\"126\":{\"type\":\"singleCapability\",\"enabled\":\"1\",\"fields\":{\"number\":\"05\",\"capabilityName\":\"<p><strong>Spatial Analysis<\\/strong> of Socioeconomic and Ecosystem Change<\\/p>\",\"capabilityDescription\":\"<p>We use geospatial analytics and data visualization to better understand patterns of change and the relationship of the natural system to society. This includes analysis of U.S. Census and American Community Survey data, reconstruction of historic ecosystem change, and investigation of potential future system response to planned restoration and protection measures. We combine site scale data on biotic communities with coastwide data sets, to assess change in ecosystem function over time.&nbsp;<\\/p>\"}},\"127\":{\"type\":\"singleCapability\",\"enabled\":\"1\",\"fields\":{\"number\":\"06\",\"capabilityName\":\"<p><strong>Decision&nbsp;<\\/strong>Support<\\/p>\",\"capabilityDescription\":\"<p>In addition to our applied research program, the Institute is often called upon to connect academic, public, and private research providers from around the world to find and evaluate solutions to coastal protection and restoration challenges. Our decision support efforts inform a range of implementation and policy decisions, from large-scale ecosystem restoration, to natural coastal infrastructure, to water systems management.<\\/p>\"}},\"128\":{\"type\":\"singleCapability\",\"enabled\":\"1\",\"fields\":{\"number\":\"07\",\"capabilityName\":\"<p><strong>Independent<\\/strong> Technical Expert Review<\\/p>\",\"capabilityDescription\":\"<p>Independent review by subject matter experts not directly involved in projects is essential to ensure technical information used in decision making is sound, evidence-based, and meets the state of the practice. Because of our experience and relationships, we conduct peer reviews, either by using our experts within the Institute, or by tapping into our network of experts across the country and the world.<\\/p>\"}},\"129\":{\"type\":\"singleCapability\",\"enabled\":\"1\",\"fields\":{\"number\":\"08\",\"capabilityName\":\"<p><strong>Expert Opinion<\\/strong>&nbsp;and Advice<\\/p>\",\"capabilityDescription\":\"<p>Members of our technical team are called upon to provide expert opinion and advice as others work through complex coastal, deltaic, and water resource related challenges. This includes serving in an advisory role on large-scale restoration planning efforts and providing consulting support to others as they undertake new projects or initiatives.<\\/p>\\r\\n<p>The Water Institute\\u2019s invaluable applied research, knowledge, and experience gained in coastal Louisiana are already being extended globally, with engagements in Chile, Egypt, the Netherlands, Pacific island countries, and the Mekong Delta in Vietnam.&nbsp;<\\/p>\\r\\n<p>We also welcome the opportunity to apply our expertise and to partner with mission-driven organizations who share our passion for advancing resilient coasts and sustainable water systems worldwide.<\\/p>\"}}}}}', '2017-08-13 22:04:50', '2017-08-13 22:04:50', '5b8e25eb-9b3a-4a0a-b439-86c240e5ce17');
INSERT INTO `craft_entryversions` (`id`, `entryId`, `sectionId`, `creatorId`, `locale`, `num`, `notes`, `data`, `dateCreated`, `dateUpdated`, `uid`) VALUES
 ('161', '121', '11', '1', 'en_us', '13', '', '{\"typeId\":null,\"authorId\":null,\"title\":\"Capabilities\",\"slug\":\"capabilities\",\"postDate\":1502589052,\"expiryDate\":null,\"enabled\":1,\"parentId\":null,\"fields\":{\"1\":\"<p>Using an integrated approach, The Water Institute of the Gulf provides a suite of capabilities from large-scale plans and decision-support tools to targeted research and technical reviews. Collaboration across disciplines allows the Institute to provide a more holistic approach to problem solving, incorporating large and small scale integrated physical-ecological modeling, sediment and geomorphological processes, coastal ecological systems understanding and community based analysis.<\\/p>\\r\\n<p>Whether in the field collecting information, in the lab analyzing results, or through the world-class numerical modeling, the Institute\\u2019s strength comes not only from the world class researchers, but from the integrated way we approach applied research and problem solving.<\\/p>\\r\\n<p>In addition to the work the Institute has done on bathemetry, sediment transport and hydrology in support of Louisiana\\u2019s sediment diversion plans, the Institute has also been involved in evaluating waterflow needs for ecosystem stability and real-time flood forecasting tools that take local river and floodways into account. The Institute\\u2019s strength comes not only from the world class researchers, but from the integrated way we approach applied research and problem solving.<\\/p>\",\"44\":{\"122\":{\"type\":\"singleCapability\",\"enabled\":\"1\",\"fields\":{\"number\":\"01\",\"capabilityName\":\"<p><strong>Field<\\/strong> Investigations<\\/p>\",\"capabilityDescription\":\"<p>We undertake a wide range of boat-based and fixed-station observations and field investigations of riverine, deltaic, coastal, and continental shelf environments. Using a variety of sampling techniques and investigative tools, our team performs river channel and coastal surveys of bathymetry, hydrodynamics, and sediment dynamics, as well as sampling a range of submerged and emergent biotic communities and ecosystem processes. The Institute also conducts sub-bottom acoustic surveys, performs geological measurements, characterizes wetland vegetation and soil through the collections of data in complex and rugged coastlines. Pizza.<\\/p>\"}},\"123\":{\"type\":\"singleCapability\",\"enabled\":\"1\",\"fields\":{\"number\":\"02\",\"capabilityName\":\"<p><strong>Real-Time Sensor&nbsp;<\\/strong>Data Collection and Monitoring Design<\\/p>\",\"capabilityDescription\":\"<p>We have a number of sensors and data collection platforms that we deploy for long periods of time in order to gather data for parameters such as flow characteristics, suspended sediment, water quality, and meteorology. We also design monitoring approaches to obtain repeated long-term measurements that can be analyzed to detect change that may result from a variety of sources, including large-scale restoration and protection projects, environmental disturbances, changing climate, and other major drivers.<\\/p>\"}},\"124\":{\"type\":\"singleCapability\",\"enabled\":\"1\",\"fields\":{\"number\":\"03\",\"capabilityName\":\"<p><strong>Integrated<\\/strong> Natural System Modeling<\\/p>\",\"capabilityDescription\":\"<p>We develop and apply world-class integrated hydrologic, morphodynamic, and ecosystem numerical tools to understand short- and long-term dynamics of complex riverine, coastal, and deltaic systems. These predictive numerical models support and inform decision-makers on how to manage and sustain valuable natural resources and infrastructure. Our team uses a wide range of numerical models and is continually seeking and identifying the best available tools in the research and practitioner communities. Examples of modeling software that we currently utilize include: Delft3D, MIKE-FLOOD, OpenFOAM, and FLOW3D. We led the development of the Integrated Compartment Model (ICM), a comprehensive predictive landscape and ecosystem model that supports large-scale coastal planning efforts. In April 2015, we earned a Delft3D Modeling Center certification, the first North America-based organization to receive such a credential.<\\/p>\"}},\"125\":{\"type\":\"singleCapability\",\"enabled\":\"1\",\"fields\":{\"number\":\"04\",\"capabilityName\":\"<p><strong>Analytics&nbsp;<\\/strong>and Integrated Decision Support<\\/p>\",\"capabilityDescription\":\"<p>We develop and apply integrated decision support systems linking sensors, predictions, and analytics in a real time framework that can support coastal planning preparedness, operations, and emergency response at local and regional scales. Our goal is to make links between data, models, and end users more seamless in order to provide high quality information to support effective and transparent decision making.<\\/p>\"}},\"126\":{\"type\":\"singleCapability\",\"enabled\":\"1\",\"fields\":{\"number\":\"05\",\"capabilityName\":\"<p><strong>Spatial Analysis<\\/strong> of Socioeconomic and Ecosystem Change<\\/p>\",\"capabilityDescription\":\"<p>We use geospatial analytics and data visualization to better understand patterns of change and the relationship of the natural system to society. This includes analysis of U.S. Census and American Community Survey data, reconstruction of historic ecosystem change, and investigation of potential future system response to planned restoration and protection measures. We combine site scale data on biotic communities with coastwide data sets, to assess change in ecosystem function over time.&nbsp;<\\/p>\"}},\"127\":{\"type\":\"singleCapability\",\"enabled\":\"1\",\"fields\":{\"number\":\"06\",\"capabilityName\":\"<p><strong>Decision&nbsp;<\\/strong>Support<\\/p>\",\"capabilityDescription\":\"<p>In addition to our applied research program, the Institute is often called upon to connect academic, public, and private research providers from around the world to find and evaluate solutions to coastal protection and restoration challenges. Our decision support efforts inform a range of implementation and policy decisions, from large-scale ecosystem restoration, to natural coastal infrastructure, to water systems management.<\\/p>\"}},\"128\":{\"type\":\"singleCapability\",\"enabled\":\"1\",\"fields\":{\"number\":\"07\",\"capabilityName\":\"<p><strong>Independent<\\/strong> Technical Expert Review<\\/p>\",\"capabilityDescription\":\"<p>Independent review by subject matter experts not directly involved in projects is essential to ensure technical information used in decision making is sound, evidence-based, and meets the state of the practice. Because of our experience and relationships, we conduct peer reviews, either by using our experts within the Institute, or by tapping into our network of experts across the country and the world.<\\/p>\"}},\"129\":{\"type\":\"singleCapability\",\"enabled\":\"1\",\"fields\":{\"number\":\"08\",\"capabilityName\":\"<p><strong>Expert Opinion&nbsp;<\\/strong>and Advice<\\/p>\",\"capabilityDescription\":\"<p>Members of our technical team are called upon to provide expert opinion and advice as others work through complex coastal, deltaic, and water resource related challenges. This includes serving in an advisory role on large-scale restoration planning efforts and providing consulting support to others as they undertake new projects or initiatives.<\\/p>\\r\\n<p>The Water Institute\\u2019s invaluable applied research, knowledge, and experience gained in coastal Louisiana are already being extended globally, with engagements in Chile, Egypt, the Netherlands, Pacific island countries, and the Mekong Delta in Vietnam.&nbsp;<\\/p>\\r\\n<p>We also welcome the opportunity to apply our expertise and to partner with mission-driven organizations who share our passion for advancing resilient coasts and sustainable water systems worldwide.<\\/p>\"}}}}}', '2017-08-13 22:05:00', '2017-08-13 22:05:00', '00dfe7c1-1c40-4674-b776-a1c03c6d0541'),
 ('162', '89', '5', '1', 'en_us', '9', '', '{\"typeId\":\"15\",\"authorId\":\"1\",\"title\":\"Denise Reed\",\"slug\":\"denise-reed\",\"postDate\":1502048160,\"expiryDate\":null,\"enabled\":1,\"parentId\":\"88\",\"fields\":{\"31\":\"<ul><li>Integrated water resources management<\\/li><li>Coastal policy & planning&nbsp;<\\/li><li>Climate change&nbsp;<\\/li><li>Science communication<\\/li><\\/ul>\",\"12\":[\"70\"],\"1\":\"<p>Denise Reed, Ph.D., is a nationally and internationally recognized expert in coastal marsh sustainability and the role of human activities in modifying coastal systems. She has studied coastal issues in the United States and around the world for more than 30 years.<\\/p>\\r\\n<p>Dr. Reed has worked closely with Louisiana\\u2019s state government in developing coastal restoration plans, including the 2012 and 2017 Coastal Master Plans. Her experience includes field research on the response of coastal wetlands to sea level rise, ecosystem restoration and planning in the California Bay Delta, and advisory roles involving many federal water resource planning issues including post-Sandy work in the northeast and restoration planning in Puget Sound. She has served on numerous boards and panels addressing the effects of human alterations on coastal environments and the role of science in guiding restoration, including a number of National Research Council, now the National Academies for Science, Engineering and Medicine, committees.<\\/p>\\r\\n<p>Prior to joining The Water Institute of the Gulf, Dr. Reed served as a University Research Professor in the University of New Orleans\\u2019 Department of Earth and Environmental Sciences.<\\/p>\\r\\n<p>She currently serves on the NOAA Science Advisory Board and is a member of the Committee on Independent Scientific Review of Everglades Restoration Progress. She earned a bachelor\'s and doctoral degree in geography from the University of Cambridge.<\\/p>\",\"32\":[\"91\",\"95\"],\"8\":[\"97\"],\"2\":\"\",\"4\":\"\",\"5\":\"denise.reed@thewaterinstitute.org\",\"13\":\"Denise\",\"14\":\"Reed\",\"6\":\"225.448.2813\",\"7\":\"Vice President for Strategic Research Initiatives\"}}', '2017-08-14 13:46:20', '2017-08-14 13:46:20', '1bb1d8ff-a079-4863-af10-1fa0de0d0640'),
 ('163', '87', '5', '1', 'en_us', '10', '', '{\"typeId\":\"15\",\"authorId\":\"1\",\"title\":\"Cyndhia Ramatchandirane\",\"slug\":\"cyndhia-ramatchandirane\",\"postDate\":1502041380,\"expiryDate\":null,\"enabled\":1,\"parentId\":\"88\",\"fields\":{\"31\":\"\",\"12\":[\"67\"],\"1\":\"<p>Cyndhia Ramatchandirane is a Scientist Associate with The Water Institute. She has four years of experience studying and conducting fieldwork across coastal Louisiana, generally examining fluvial sediment delivery in tidal marsh systems. Her research interests include coastal restoration and water resources science and management, as well as sediment and freshwater exchange between deltas and coastal basins and margins. In addition to science, she has broad interest in effective environmental science communication and education.<\\/p>\\r\\n<p>While at The Water Institute, Ramatchandirane has participated in many field data collection activities with the Physical Processes and Sediment Dynamics group led by Director Mead Allison. One of her main tasks was to collect and post-process data for the Calcasieu Ship Channel Salinity Control Structure project. Currently, she is most heavily involved with the data collection and processing for the Basin-Wide Modeling of the Delta Management project.<\\/p>\\r\\n<p>Prior to joining the Institute, Ramatchandirane researched Chenier Plain wetland development, with an emphasis on sediment exchange along the southwest Louisiana coastal zone. Her undergraduate studies and research experiences were also focused on coastal processes and wetland science.<\\/p>\\r\\n<p>She received her Bachelor\\u2019s degree in Geosciences from Wellesley College and obtained her Master\\u2019s degree in Earth and Environmental Sciences from Tulane University.<\\/p>\",\"32\":\"\",\"8\":\"\",\"2\":\"\",\"4\":[\"23\"],\"5\":\"cyndia.ramatchandirane@thewaterinstitute.org\",\"13\":\"Cyndhia\",\"14\":\"Ramatchandirane\",\"6\":\"225.448.2813\",\"7\":\"Scientist Associate\"}}', '2017-08-14 15:38:55', '2017-08-14 15:38:55', '9e93c54e-e562-44df-8ba8-8f94574d8bea'),
 ('164', '130', '12', '1', 'en_us', '1', NULL, '{\"typeId\":\"26\",\"authorId\":null,\"title\":\"Equipment\",\"slug\":\"equipment\",\"postDate\":1502738944,\"expiryDate\":null,\"enabled\":1,\"parentId\":null,\"fields\":[]}', '2017-08-14 19:29:04', '2017-08-14 19:29:04', 'e38c6f84-8575-4002-8dd1-08352393f499'),
 ('165', '130', '12', '1', 'en_us', '2', '', '{\"typeId\":null,\"authorId\":null,\"title\":\"Equipment\",\"slug\":\"equipment\",\"postDate\":1502738944,\"expiryDate\":null,\"enabled\":1,\"parentId\":null,\"fields\":{\"3\":\"\",\"49\":\"<h2>Field<\\/h2>\\r\\n<h3 class=\\\"secondary-head\\\">Boats<\\/h3>\\r\\n<ul>\\r\\n\\t\\t\\t\\t\\t\\t\\t<li>R\\/V Itasca<\\/li>\\r\\n\\t\\t\\t\\t\\t\\t\\t\\t<ul>\\r\\n\\t\\t\\t\\t\\t\\t\\t\\t\\t<li>25-foot Scully\'s aluminum workboat with cabin&nbsp;and davit arm, 2x 115 HP Honda outboard motors<\\/li>\\r\\n\\t\\t\\t\\t\\t\\t\\t\\t<\\/ul>\\r\\n\\t\\t\\t\\t\\t\\t\\t<li>R\\/V Silver Mullet<\\/li>\\r\\n\\t\\t\\t\\t\\t\\t\\t\\t<ul>\\r\\n\\t\\t\\t\\t\\t\\t\\t\\t\\t<li>20-foot Scully\'s aluminum shallow draft hull with hard T-top and davit arm, 1x 150 HP Yamaha outboard motor<\\/li>\\r\\n\\t\\t\\t\\t\\t\\t\\t\\t<\\/ul>\\r\\n\\t\\t\\t\\t\\t\\t<\\/ul>\\r\\n<h3 class=\\\"secondary-head\\\">Bathymetry\\/Topography\\/Elevation\\/Navigation:<\\/h3>\\r\\n<ul>\\r\\n\\t\\t\\t\\t\\t\\t\\t<li>Reson Seabat 7125 Multibeam<\\/li>\\r\\n\\t\\t\\t\\t\\t\\t\\t<li>R2 Sonic 2020 Multibeam<\\/li>\\r\\n\\t\\t\\t\\t\\t\\t\\t<li>Ohmex Sonarmite Single Beam<\\/li>\\r\\n\\t\\t\\t\\t\\t\\t\\t<li>Trimble R8 dual frequency survey grade GPS system with Real Time Kinematic (RTK) capability<\\/li>\\r\\n\\t\\t\\t\\t\\t\\t\\t<li>MDL Dynascan M150 LiDAR<\\/li>\\r\\n\\t\\t\\t\\t\\t\\t\\t<li>Applanix POS MV inertial navigation system<\\/li>\\r\\n\\t\\t\\t\\t\\t\\t<\\/ul>\\r\\n<h3 class=\\\"secondary-head\\\">Current and Wave Meters:<\\/h3>\\r\\n<ul>\\r\\n\\t\\t\\t\\t\\t\\t\\t<li>Teledyne RDI Workhorse Acoustic Doppler Current Profilers (ADCP) (2)<\\/li>\\r\\n\\t\\t\\t\\t\\t\\t\\t<li>Sontek Triton Acoustic Doppler Velocimeter (ADV) (1)<\\/li>\\r\\n\\t\\t\\t\\t\\t\\t\\t<li>Sontek SL500 Horizontal ADCP (HADCP) (3)<\\/li>\\r\\n\\t\\t\\t\\t\\t\\t\\t<li>Nortek Aquadopp current profilers with wave capability (3)<\\/li>\\r\\n\\t\\t\\t\\t\\t\\t\\t<li>RBR<\\/li>\\r\\n\\t\\t\\t\\t\\t\\t<\\/ul>\\r\\n<h3 class=\\\"secondary-head\\\">Hydrological and Water Quality Measurements:<\\/h3>\\r\\n<ul>\\r\\n\\t\\t\\t\\t\\t\\t\\t<li>Xylem EXO2 YSIs with temperature, conductivity, depth, pH, turbidity (11), and also chlorophyll\\u03b1, dissolved oxygen (5)<\\/li>\\r\\n\\t\\t\\t\\t\\t\\t\\t<li>Seabird SBE 19plus Profiler Conductivity, Temperature, Depth (CTD) with pH, turbidity, optical backscatter, and transmissometer<\\/li>\\r\\n\\t\\t\\t\\t\\t\\t\\t<li>LICOR PAR sensor<\\/li>\\r\\n\\t\\t\\t\\t\\t\\t\\t<li>Secchi disk<\\/li>\\r\\n\\t\\t\\t\\t\\t\\t\\t<li>Surface (Nalgene bottles) and subsurface water sampling (Van Dorn water sampler)<\\/li>\\r\\n\\t\\t\\t\\t\\t\\t\\t<li>RBR sensors<\\/li>\\r\\n\\t\\t\\t\\t\\t\\t\\t\\t<ul>\\r\\n\\t\\t\\t\\t\\t\\t\\t\\t\\t<li>RBR Solo, water level and waves (6)<\\/li>\\r\\n\\t\\t\\t\\t\\t\\t\\t\\t\\t<li>RBR Duo, water level, waves, and turbidity (6)<\\/li>\\r\\n\\t\\t\\t\\t\\t\\t\\t\\t<\\/ul>\\r\\n\\t\\t\\t\\t\\t\\t<\\/ul>\\r\\n<h3 class=\\\"secondary-head\\\">Suspended, Bed surface, and Subsurface Sediment Sampling:<\\/h3>\\r\\n<ul>\\r\\n\\t\\t\\t\\t\\t\\t\\t<li>Sequoia Laser In-Situ Scattering and Transmissometry (LISST) 100-X (3)<\\/li>\\r\\n\\t\\t\\t\\t\\t\\t\\t<li>Automated water samplers<\\/li>\\r\\n\\t\\t\\t\\t\\t\\t\\t\\t<ul>\\r\\n\\t\\t\\t\\t\\t\\t\\t\\t\\t<li>Campbell Scientific PVS 5120D (2)<\\/li>\\r\\n\\t\\t\\t\\t\\t\\t\\t\\t\\t<li>Teledyne ISCO 6712 (1)<\\/li>\\r\\n\\t\\t\\t\\t\\t\\t\\t\\t<\\/ul>\\r\\n\\t\\t\\t\\t\\t\\t\\t<li>Isokinetic water samplers<\\/li>\\r\\n\\t\\t\\t\\t\\t\\t\\t\\t<ul>\\r\\n\\t\\t\\t\\t\\t\\t\\t\\t\\t<li>USGS FISP P-72<\\/li>\\r\\n\\t\\t\\t\\t\\t\\t\\t\\t\\t<li>Carnet Technologies P-6-200<\\/li>\\r\\n\\t\\t\\t\\t\\t\\t\\t\\t<\\/ul>\\r\\n\\t\\t\\t\\t\\t\\t\\t<li>Shipek benthic surface sediment grab sampler<\\/li>\\r\\n\\t\\t\\t\\t\\t\\t\\t<li>Mooring Systems, Inc gravity corer<\\/li>\\r\\n\\t\\t\\t\\t\\t\\t\\t<li>Piston corer for sediment sampling<\\/li>\\r\\n\\t\\t\\t\\t\\t\\t<\\/ul>\\r\\n<h3 class=\\\"secondary-head\\\">Geotechnical<\\/h3>\\r\\n<ul>\\r\\n\\t\\t\\t\\t\\t\\t\\t<li>Geovane soil shear strength<\\/li>\\r\\n\\t\\t\\t\\t\\t\\t<\\/ul>\\r\\n<h3 class=\\\"secondary-head\\\">Fauna sampling<\\/h3>\\r\\n<ul>\\r\\n\\t\\t\\t\\t\\t\\t\\t<li>Throw trap for nekton sampling<\\/li>\\r\\n\\t\\t\\t\\t\\t\\t\\t<li>Suction sampler for nekton sampling (Honda water pump, pump hoses, and barrels)<\\/li>\\r\\n\\t\\t\\t\\t\\t\\t<\\/ul>\\r\\n<h3 class=\\\"secondary-head\\\">Flora sampling<\\/h3>\\r\\n<ul>\\r\\n\\t\\t\\t\\t\\t\\t\\t<li>Quadrat sampling for vegetation\\/infauna<\\/li>\\r\\n\\t\\t\\t\\t\\t\\t<\\/ul>\\r\\n\",\"48\":\"Lorem ipsum dolor sit amet, consectetuer adipiscing elit, sed diam nonummy nibh euismod tincidunt ut laoreet dolore magna aliquam erat volutpat. Ut wisi enim ad\",\"50\":\"<h2>Laboratory<\\/h2>\\r\\n\\t\\t\\t\\t\\t<h3 class=\\\"secondary-head\\\">Equipment<\\/h3>\\r\\n\\t\\t\\t\\t\\t<ul>\\r\\n\\t\\t\\t\\t\\t\\t<li>Balance<\\/li>\\r\\n\\t\\t\\t\\t\\t\\t<li>Calipers<\\/li>\\r\\n\\t\\t\\t\\t\\t\\t<li>Drying ovens<\\/li>\\r\\n\\t\\t\\t\\t\\t\\t<li>Refrigerators<\\/li>\\r\\n\\t\\t\\t\\t\\t\\t<li>Freezers<\\/li>\\r\\n\\t\\t\\t\\t\\t\\t<li>Grinding and processing facilities<\\/li>\\r\\n\\t\\t\\t\\t\\t\\t<li>Genesys 20 Spectrophotometer<\\/li>\\r\\n\\t\\t\\t\\t\\t\\t<li>Muffle furnace<\\/li>\\r\\n\\t\\t\\t\\t\\t<\\/ul>\\r\\n\\t\\t\\t\\t\\t<h3 class=\\\"secondary-head\\\">Analyses<\\/h3>\\r\\n\\t\\t\\t\\t\\t<ul>\\r\\n\\t\\t\\t\\t\\t\\t<li>Phosphorus (sediment and water)<\\/li>\\r\\n\\t\\t\\t\\t\\t\\t<li>Porewater ammonium<\\/li>\\r\\n\\t\\t\\t\\t\\t\\t<li>Chlorophyll \\u03b1 (sediment and water)<\\/li>\\r\\n\\t\\t\\t\\t\\t\\t<li>Sediment grain size<\\/li>\\r\\n\\t\\t\\t\\t\\t\\t<li>Sediment organic matter (LOI), % carbonates<\\/li>\\r\\n\\t\\t\\t\\t\\t\\t<li>Vegetation aboveground and belowground biomass<\\/li>\\r\\n\\t\\t\\t\\t\\t\\t<li>Fauna biomass<\\/li>\\r\\n\\t\\t\\t\\t\\t\\t<li>Fish and macroinvertebrate species identification<\\/li>\\r\\n\\t\\t\\t\\t\\t\\t<li>Sample preparation for tissue nutrients<\\/li>\\r\\n\\t\\t\\t\\t\\t\\t<li>Acid washing<\\/li> \\r\\n\\t\\t\\t\\t\\t<\\/ul>\"}}', '2017-08-14 22:18:53', '2017-08-14 22:18:53', 'bab38a1c-9e79-4137-a6f0-5377362dc150'),
 ('166', '130', '12', '1', 'en_us', '3', '', '{\"typeId\":null,\"authorId\":null,\"title\":\"Equipment\",\"slug\":\"equipment\",\"postDate\":1502738944,\"expiryDate\":null,\"enabled\":1,\"parentId\":null,\"fields\":{\"3\":\"\",\"49\":\"<h2>Field<\\/h2>\\r\\n<h3 class=\\\"secondary-head\\\">Boats<\\/h3>\\r\\n<ul><li>R\\/V Itasca<ul><li>25-foot Scully\'s aluminum workboat with cabin&nbsp;and davit arm, 2x 115 HP Honda outboard motors<\\/li>\\r\\n\\t\\t\\t\\t\\t\\t\\t\\t<\\/ul><\\/li>\\r\\n\\t\\t\\t\\t\\t\\t\\t\\t<li>R\\/V Silver Mullet<ul><li>20-foot Scully\'s aluminum shallow draft hull with hard T-top and davit arm, 1x 150 HP Yamaha outboard motor<\\/li>\\r\\n\\t\\t\\t\\t\\t\\t\\t\\t<\\/ul><\\/li>\\r\\n\\t\\t\\t\\t\\t\\t\\t\\t<\\/ul>\\r\\n<h3 class=\\\"secondary-head\\\">Bathymetry\\/ Topography\\/ Elevation\\/ Navigation:<\\/h3>\\r\\n<ul><li>Reson Seabat 7125 Multibeam<\\/li>\\r\\n\\t\\t\\t\\t\\t\\t\\t<li>R2 Sonic 2020 Multibeam<\\/li>\\r\\n\\t\\t\\t\\t\\t\\t\\t<li>Ohmex Sonarmite Single Beam<\\/li>\\r\\n\\t\\t\\t\\t\\t\\t\\t<li>Trimble R8 dual frequency survey grade GPS system with Real Time Kinematic (RTK) capability<\\/li>\\r\\n\\t\\t\\t\\t\\t\\t\\t<li>MDL Dynascan M150 LiDAR<\\/li>\\r\\n\\t\\t\\t\\t\\t\\t\\t<li>Applanix POS MV inertial navigation system<\\/li>\\r\\n\\t\\t\\t\\t\\t\\t<\\/ul>\\r\\n<h3 class=\\\"secondary-head\\\">Current and Wave Meters:<\\/h3>\\r\\n<ul><li>Teledyne RDI Workhorse Acoustic Doppler Current Profilers (ADCP) (2)<\\/li>\\r\\n\\t\\t\\t\\t\\t\\t\\t<li>Sontek Triton Acoustic Doppler Velocimeter (ADV) (1)<\\/li>\\r\\n\\t\\t\\t\\t\\t\\t\\t<li>Sontek SL500 Horizontal ADCP (HADCP) (3)<\\/li>\\r\\n\\t\\t\\t\\t\\t\\t\\t<li>Nortek Aquadopp current profilers with wave capability (3)<\\/li>\\r\\n\\t\\t\\t\\t\\t\\t\\t<li>RBR<\\/li>\\r\\n\\t\\t\\t\\t\\t\\t<\\/ul>\\r\\n<h3 class=\\\"secondary-head\\\">Hydrological and Water Quality Measurements:<\\/h3>\\r\\n<ul><li>Xylem EXO2 YSIs with temperature, conductivity, depth, pH, turbidity (11), and also chlorophyll\\u03b1, dissolved oxygen (5)<\\/li>\\r\\n\\t\\t\\t\\t\\t\\t\\t<li>Seabird SBE 19plus Profiler Conductivity, Temperature, Depth (CTD) with pH, turbidity, optical backscatter, and transmissometer<\\/li>\\r\\n\\t\\t\\t\\t\\t\\t\\t<li>LICOR PAR sensor<\\/li>\\r\\n\\t\\t\\t\\t\\t\\t\\t<li>Secchi disk<\\/li>\\r\\n\\t\\t\\t\\t\\t\\t\\t<li>Surface (Nalgene bottles) and subsurface water sampling (Van Dorn water sampler)<\\/li>\\r\\n\\t\\t\\t\\t\\t\\t\\t<li>RBR sensors<ul><li>RBR Solo, water level and waves (6)<\\/li>\\r\\n\\t\\t\\t\\t\\t\\t\\t\\t\\t<li>RBR Duo, water level, waves, and turbidity (6)<\\/li>\\r\\n\\t\\t\\t\\t\\t\\t\\t\\t<\\/ul><\\/li>\\r\\n\\t\\t\\t\\t\\t\\t\\t\\t<\\/ul>\\r\\n<h3 class=\\\"secondary-head\\\">Suspended, Bed surface, and Subsurface Sediment Sampling:<\\/h3>\\r\\n<ul><li>Sequoia Laser In-Situ Scattering and Transmissometry (LISST) 100-X (3)<\\/li>\\r\\n\\t\\t\\t\\t\\t\\t\\t<li>Automated water samplers<ul><li>Campbell Scientific PVS 5120D (2)<\\/li>\\r\\n\\t\\t\\t\\t\\t\\t\\t\\t\\t<li>Teledyne ISCO 6712 (1)<\\/li>\\r\\n\\t\\t\\t\\t\\t\\t\\t\\t<\\/ul><\\/li>\\r\\n\\t\\t\\t\\t\\t\\t\\t\\t<li>Isokinetic water samplers<ul><li>USGS FISP P-72<\\/li>\\r\\n\\t\\t\\t\\t\\t\\t\\t\\t\\t<li>Carnet Technologies P-6-200<\\/li>\\r\\n\\t\\t\\t\\t\\t\\t\\t\\t<\\/ul><\\/li>\\r\\n\\t\\t\\t\\t\\t\\t\\t\\t<li>Shipek benthic surface sediment grab sampler<\\/li>\\r\\n\\t\\t\\t\\t\\t\\t\\t<li>Mooring Systems, Inc gravity corer<\\/li>\\r\\n\\t\\t\\t\\t\\t\\t\\t<li>Piston corer for sediment sampling<\\/li>\\r\\n\\t\\t\\t\\t\\t\\t<\\/ul>\\r\\n<h3 class=\\\"secondary-head\\\">Geotechnical<\\/h3>\\r\\n<ul><li>Geovane soil shear strength<\\/li>\\r\\n\\t\\t\\t\\t\\t\\t<\\/ul>\\r\\n<h3 class=\\\"secondary-head\\\">Fauna sampling<\\/h3>\\r\\n<ul><li>Throw trap for nekton sampling<\\/li>\\r\\n\\t\\t\\t\\t\\t\\t\\t<li>Suction sampler for nekton sampling (Honda water pump, pump hoses, and barrels)<\\/li>\\r\\n\\t\\t\\t\\t\\t\\t<\\/ul>\\r\\n<h3 class=\\\"secondary-head\\\">Flora sampling<\\/h3>\\r\\n<ul><li>Quadrat sampling for vegetation\\/infauna<\\/li>\\r\\n\\t\\t\\t\\t\\t\\t<\\/ul>\",\"48\":\"Lorem ipsum dolor sit amet, consectetuer adipiscing elit, sed diam nonummy nibh euismod tincidunt ut laoreet dolore magna aliquam erat volutpat. Ut wisi enim ad\",\"50\":\"<h2>Laboratory<\\/h2>\\r\\n<h3 class=\\\"secondary-head\\\">Equipment<\\/h3>\\r\\n<ul><li>Balance<\\/li>\\r\\n\\t\\t\\t\\t\\t\\t<li>Calipers<\\/li>\\r\\n\\t\\t\\t\\t\\t\\t<li>Drying ovens<\\/li>\\r\\n\\t\\t\\t\\t\\t\\t<li>Refrigerators<\\/li>\\r\\n\\t\\t\\t\\t\\t\\t<li>Freezers<\\/li>\\r\\n\\t\\t\\t\\t\\t\\t<li>Grinding and processing facilities<\\/li>\\r\\n\\t\\t\\t\\t\\t\\t<li>Genesys 20 Spectrophotometer<\\/li>\\r\\n\\t\\t\\t\\t\\t\\t<li>Muffle furnace<\\/li>\\r\\n\\t\\t\\t\\t\\t<\\/ul>\\r\\n<h3 class=\\\"secondary-head\\\">Analyses<\\/h3>\\r\\n<ul><li>Phosphorus (sediment and water)<\\/li>\\r\\n\\t\\t\\t\\t\\t\\t<li>Porewater ammonium<\\/li>\\r\\n\\t\\t\\t\\t\\t\\t<li>Chlorophyll \\u03b1 (sediment and water)<\\/li>\\r\\n\\t\\t\\t\\t\\t\\t<li>Sediment grain size<\\/li>\\r\\n\\t\\t\\t\\t\\t\\t<li>Sediment organic matter (LOI), % carbonates<\\/li>\\r\\n\\t\\t\\t\\t\\t\\t<li>Vegetation aboveground and belowground biomass<\\/li>\\r\\n\\t\\t\\t\\t\\t\\t<li>Fauna biomass<\\/li>\\r\\n\\t\\t\\t\\t\\t\\t<li>Fish and macroinvertebrate species identification<\\/li>\\r\\n\\t\\t\\t\\t\\t\\t<li>Sample preparation for tissue nutrients<\\/li>\\r\\n\\t\\t\\t\\t\\t\\t<li>Acid washing<\\/li> \\r\\n\\t\\t\\t\\t\\t<\\/ul>\"}}', '2017-08-14 22:24:24', '2017-08-14 22:24:24', 'c3adc6bf-bbbc-43e9-8b82-a09aad2fcec4'),
 ('167', '130', '12', '1', 'en_us', '4', '', '{\"typeId\":null,\"authorId\":null,\"title\":\"Equipment\",\"slug\":\"equipment\",\"postDate\":1502738944,\"expiryDate\":null,\"enabled\":1,\"parentId\":null,\"fields\":{\"3\":\"\",\"49\":\"<h2>Field<\\/h2>\\r\\n<h3 class=\\\"secondary-head\\\">Boats<\\/h3>\\r\\n<ul><li>R\\/V Itasca<ul><li>25-foot Scully\'s aluminum workboat with cabin&nbsp;and davit arm, 2x 115 HP Honda outboard motors<\\/li>\\r\\n\\t\\t\\t\\t\\t\\t\\t\\t<\\/ul><\\/li>\\r\\n\\t\\t\\t\\t\\t\\t\\t\\t<li>R\\/V Silver Mullet<ul><li>20-foot Scully\'s aluminum shallow draft hull with hard T-top and davit arm, 1x 150 HP Yamaha outboard motor<\\/li>\\r\\n\\t\\t\\t\\t\\t\\t\\t\\t<\\/ul><\\/li>\\r\\n\\t\\t\\t\\t\\t\\t\\t\\t<\\/ul>\\r\\n<h3 class=\\\"secondary-head\\\">Bathymetry\\/ Topography\\/ Elevation\\/ Navigation:<\\/h3>\\r\\n<ul><li>Reson Seabat 7125 Multibeam<\\/li>\\r\\n\\t\\t\\t\\t\\t\\t\\t<li>R2 Sonic 2020 Multibeam<\\/li>\\r\\n\\t\\t\\t\\t\\t\\t\\t<li>Ohmex Sonarmite Single Beam<\\/li>\\r\\n\\t\\t\\t\\t\\t\\t\\t<li>Trimble R8 dual frequency survey grade GPS system with Real Time Kinematic (RTK) capability<\\/li>\\r\\n\\t\\t\\t\\t\\t\\t\\t<li>MDL Dynascan M150 LiDAR<\\/li>\\r\\n\\t\\t\\t\\t\\t\\t\\t<li>Applanix POS MV inertial navigation system<\\/li>\\r\\n\\t\\t\\t\\t\\t\\t<\\/ul>\\r\\n<h3 class=\\\"secondary-head\\\">Current and Wave Meters:<\\/h3>\\r\\n<ul><li>Teledyne RDI Workhorse Acoustic Doppler Current Profilers (ADCP) (2)<\\/li>\\r\\n\\t\\t\\t\\t\\t\\t\\t<li>Sontek Triton Acoustic Doppler Velocimeter (ADV) (1)<\\/li>\\r\\n\\t\\t\\t\\t\\t\\t\\t<li>Sontek SL500 Horizontal ADCP (HADCP) (3)<\\/li>\\r\\n\\t\\t\\t\\t\\t\\t\\t<li>Nortek Aquadopp current profilers with wave capability (3)<\\/li>\\r\\n\\t\\t\\t\\t\\t\\t\\t<li>RBR<\\/li>\\r\\n\\t\\t\\t\\t\\t\\t<\\/ul>\\r\\n<h3 class=\\\"secondary-head\\\">Hydrological and Water Quality Measurements:<\\/h3>\\r\\n<ul><li>Xylem EXO2 YSIs with temperature, conductivity, depth, pH, turbidity (11), and also chlorophyll\\u03b1, dissolved oxygen (5)<\\/li>\\r\\n\\t\\t\\t\\t\\t\\t\\t<li>Seabird SBE 19plus Profiler Conductivity, Temperature, Depth (CTD) with pH, turbidity, optical backscatter, and transmissometer<\\/li>\\r\\n\\t\\t\\t\\t\\t\\t\\t<li>LICOR PAR sensor<\\/li>\\r\\n\\t\\t\\t\\t\\t\\t\\t<li>Secchi disk<\\/li>\\r\\n\\t\\t\\t\\t\\t\\t\\t<li>Surface (Nalgene bottles) and subsurface water sampling (Van Dorn water sampler)<\\/li>\\r\\n\\t\\t\\t\\t\\t\\t\\t<li>RBR sensors<ul><li>RBR Solo, water level and waves (6)<\\/li>\\r\\n\\t\\t\\t\\t\\t\\t\\t\\t\\t<li>RBR Duo, water level, waves, and turbidity (6)<\\/li>\\r\\n\\t\\t\\t\\t\\t\\t\\t\\t<\\/ul><\\/li>\\r\\n\\t\\t\\t\\t\\t\\t\\t\\t<\\/ul>\\r\\n<h3 class=\\\"secondary-head\\\">Suspended, Bed surface, and Subsurface Sediment Sampling:<\\/h3>\\r\\n<ul><li>Sequoia Laser In-Situ Scattering and Transmissometry (LISST) 100-X (3)<\\/li>\\r\\n\\t\\t\\t\\t\\t\\t\\t<li>Automated water samplers<ul><li>Campbell Scientific PVS 5120D (2)<\\/li>\\r\\n\\t\\t\\t\\t\\t\\t\\t\\t\\t<li>Teledyne ISCO 6712 (1)<\\/li>\\r\\n\\t\\t\\t\\t\\t\\t\\t\\t<\\/ul><\\/li>\\r\\n\\t\\t\\t\\t\\t\\t\\t\\t<li>Isokinetic water samplers<ul><li>USGS FISP P-72<\\/li>\\r\\n\\t\\t\\t\\t\\t\\t\\t\\t\\t<li>Carnet Technologies P-6-200<\\/li>\\r\\n\\t\\t\\t\\t\\t\\t\\t\\t<\\/ul><\\/li>\\r\\n\\t\\t\\t\\t\\t\\t\\t\\t<li>Shipek benthic surface sediment grab sampler<\\/li>\\r\\n\\t\\t\\t\\t\\t\\t\\t<li>Mooring Systems, Inc gravity corer<\\/li>\\r\\n\\t\\t\\t\\t\\t\\t\\t<li>Piston corer for sediment sampling<\\/li>\\r\\n\\t\\t\\t\\t\\t\\t<\\/ul>\\r\\n<h3 class=\\\"secondary-head\\\">Geotechnical<\\/h3>\\r\\n<ul><li>Geovane soil shear strength<\\/li>\\r\\n\\t\\t\\t\\t\\t\\t<\\/ul>\\r\\n<h3 class=\\\"secondary-head\\\">Fauna sampling<\\/h3>\\r\\n<ul><li>Throw trap for nekton sampling<\\/li>\\r\\n\\t\\t\\t\\t\\t\\t\\t<li>Suction sampler for nekton sampling (Honda water pump, pump hoses, and barrels)<\\/li>\\r\\n\\t\\t\\t\\t\\t\\t<\\/ul>\\r\\n<h3 class=\\\"secondary-head\\\">Flora sampling<\\/h3>\\r\\n<ul><li>Quadrat sampling for vegetation\\/infauna<\\/li>\\r\\n\\t\\t\\t\\t\\t\\t<\\/ul>\",\"48\":\"Lorem ipsum dolor sit amet, consectetuer adipiscing elit, sed diam nonummy nibh euismod tincidunt ut laoreet dolore magna aliquam erat volutpat. Ut wisi enim ad\",\"50\":\"<h2>Laboratory<\\/h2>\\r\\n<h3 class=\\\"secondary-head\\\">Equipment<\\/h3>\\r\\n<ul><li>Balance<\\/li>\\r\\n\\t\\t\\t\\t\\t\\t<li>Calipers<\\/li>\\r\\n\\t\\t\\t\\t\\t\\t<li>Drying ovens<\\/li>\\r\\n\\t\\t\\t\\t\\t\\t<li>Refrigerators<\\/li>\\r\\n\\t\\t\\t\\t\\t\\t<li>Freezers<\\/li>\\r\\n\\t\\t\\t\\t\\t\\t<li>Grinding and processing facilities<\\/li>\\r\\n\\t\\t\\t\\t\\t\\t<li>Genesys 20 Spectrophotometer<\\/li>\\r\\n\\t\\t\\t\\t\\t\\t<li>Muffle furnace<\\/li>\\r\\n\\t\\t\\t\\t\\t<\\/ul>\\r\\n<h3 class=\\\"secondary-head\\\">Analyses<\\/h3>\\r\\n<ul><li>Phosphorus (sediment and water)<\\/li>\\r\\n\\t\\t\\t\\t\\t\\t<li>Porewater ammonium<\\/li>\\r\\n\\t\\t\\t\\t\\t\\t<li>Chlorophyll \\u03b1 (sediment and water)<\\/li>\\r\\n\\t\\t\\t\\t\\t\\t<li>Sediment grain size<\\/li>\\r\\n\\t\\t\\t\\t\\t\\t<li>Sediment organic matter (LOI), % carbonates<\\/li>\\r\\n\\t\\t\\t\\t\\t\\t<li>Vegetation aboveground and belowground biomass<\\/li>\\r\\n\\t\\t\\t\\t\\t\\t<li>Fauna biomass<\\/li>\\r\\n\\t\\t\\t\\t\\t\\t<li>Fish and macroinvertebrate species identification<\\/li>\\r\\n\\t\\t\\t\\t\\t\\t<li>Sample preparation for tissue nutrients<\\/li>\\r\\n\\t\\t\\t\\t\\t\\t<li>Acid washing<\\/li> \\r\\n\\t\\t\\t\\t\\t<\\/ul>\"}}', '2017-08-14 22:25:35', '2017-08-14 22:25:35', '75c47404-8500-4ec9-8a3a-0f796a9c370e'),
 ('168', '130', '12', '1', 'en_us', '5', '', '{\"typeId\":null,\"authorId\":null,\"title\":\"Equipment\",\"slug\":\"equipment\",\"postDate\":1502738944,\"expiryDate\":null,\"enabled\":1,\"parentId\":null,\"fields\":{\"3\":[\"131\"],\"49\":\"<h2>Field<\\/h2>\\r\\n<h3 class=\\\"secondary-head\\\">Boats<\\/h3>\\r\\n<ul><li>R\\/V Itasca<ul><li>25-foot Scully\'s aluminum workboat with cabin&nbsp;and davit arm, 2x 115 HP Honda outboard motors<\\/li>\\r\\n\\t\\t\\t\\t\\t\\t\\t\\t<\\/ul><\\/li>\\r\\n\\t\\t\\t\\t\\t\\t\\t\\t<li>R\\/V Silver Mullet<ul><li>20-foot Scully\'s aluminum shallow draft hull with hard T-top and davit arm, 1x 150 HP Yamaha outboard motor<\\/li>\\r\\n\\t\\t\\t\\t\\t\\t\\t\\t<\\/ul><\\/li>\\r\\n\\t\\t\\t\\t\\t\\t\\t\\t<\\/ul>\\r\\n<h3 class=\\\"secondary-head\\\">Bathymetry\\/ Topography\\/ Elevation\\/ Navigation:<\\/h3>\\r\\n<ul><li>Reson Seabat 7125 Multibeam<\\/li>\\r\\n\\t\\t\\t\\t\\t\\t\\t<li>R2 Sonic 2020 Multibeam<\\/li>\\r\\n\\t\\t\\t\\t\\t\\t\\t<li>Ohmex Sonarmite Single Beam<\\/li>\\r\\n\\t\\t\\t\\t\\t\\t\\t<li>Trimble R8 dual frequency survey grade GPS system with Real Time Kinematic (RTK) capability<\\/li>\\r\\n\\t\\t\\t\\t\\t\\t\\t<li>MDL Dynascan M150 LiDAR<\\/li>\\r\\n\\t\\t\\t\\t\\t\\t\\t<li>Applanix POS MV inertial navigation system<\\/li>\\r\\n\\t\\t\\t\\t\\t\\t<\\/ul>\\r\\n<h3 class=\\\"secondary-head\\\">Current and Wave Meters:<\\/h3>\\r\\n<ul><li>Teledyne RDI Workhorse Acoustic Doppler Current Profilers (ADCP) (2)<\\/li>\\r\\n\\t\\t\\t\\t\\t\\t\\t<li>Sontek Triton Acoustic Doppler Velocimeter (ADV) (1)<\\/li>\\r\\n\\t\\t\\t\\t\\t\\t\\t<li>Sontek SL500 Horizontal ADCP (HADCP) (3)<\\/li>\\r\\n\\t\\t\\t\\t\\t\\t\\t<li>Nortek Aquadopp current profilers with wave capability (3)<\\/li>\\r\\n\\t\\t\\t\\t\\t\\t\\t<li>RBR<\\/li>\\r\\n\\t\\t\\t\\t\\t\\t<\\/ul>\\r\\n<h3 class=\\\"secondary-head\\\">Hydrological and Water Quality Measurements:<\\/h3>\\r\\n<ul><li>Xylem EXO2 YSIs with temperature, conductivity, depth, pH, turbidity (11), and also chlorophyll\\u03b1, dissolved oxygen (5)<\\/li>\\r\\n\\t\\t\\t\\t\\t\\t\\t<li>Seabird SBE 19plus Profiler Conductivity, Temperature, Depth (CTD) with pH, turbidity, optical backscatter, and transmissometer<\\/li>\\r\\n\\t\\t\\t\\t\\t\\t\\t<li>LICOR PAR sensor<\\/li>\\r\\n\\t\\t\\t\\t\\t\\t\\t<li>Secchi disk<\\/li>\\r\\n\\t\\t\\t\\t\\t\\t\\t<li>Surface (Nalgene bottles) and subsurface water sampling (Van Dorn water sampler)<\\/li>\\r\\n\\t\\t\\t\\t\\t\\t\\t<li>RBR sensors<ul><li>RBR Solo, water level and waves (6)<\\/li>\\r\\n\\t\\t\\t\\t\\t\\t\\t\\t\\t<li>RBR Duo, water level, waves, and turbidity (6)<\\/li>\\r\\n\\t\\t\\t\\t\\t\\t\\t\\t<\\/ul><\\/li>\\r\\n\\t\\t\\t\\t\\t\\t\\t\\t<\\/ul>\\r\\n<h3 class=\\\"secondary-head\\\">Suspended, Bed surface, and Subsurface Sediment Sampling:<\\/h3>\\r\\n<ul><li>Sequoia Laser In-Situ Scattering and Transmissometry (LISST) 100-X (3)<\\/li>\\r\\n\\t\\t\\t\\t\\t\\t\\t<li>Automated water samplers<ul><li>Campbell Scientific PVS 5120D (2)<\\/li>\\r\\n\\t\\t\\t\\t\\t\\t\\t\\t\\t<li>Teledyne ISCO 6712 (1)<\\/li>\\r\\n\\t\\t\\t\\t\\t\\t\\t\\t<\\/ul><\\/li>\\r\\n\\t\\t\\t\\t\\t\\t\\t\\t<li>Isokinetic water samplers<ul><li>USGS FISP P-72<\\/li>\\r\\n\\t\\t\\t\\t\\t\\t\\t\\t\\t<li>Carnet Technologies P-6-200<\\/li>\\r\\n\\t\\t\\t\\t\\t\\t\\t\\t<\\/ul><\\/li>\\r\\n\\t\\t\\t\\t\\t\\t\\t\\t<li>Shipek benthic surface sediment grab sampler<\\/li>\\r\\n\\t\\t\\t\\t\\t\\t\\t<li>Mooring Systems, Inc gravity corer<\\/li>\\r\\n\\t\\t\\t\\t\\t\\t\\t<li>Piston corer for sediment sampling<\\/li>\\r\\n\\t\\t\\t\\t\\t\\t<\\/ul>\\r\\n<h3 class=\\\"secondary-head\\\">Geotechnical<\\/h3>\\r\\n<ul><li>Geovane soil shear strength<\\/li>\\r\\n\\t\\t\\t\\t\\t\\t<\\/ul>\\r\\n<h3 class=\\\"secondary-head\\\">Fauna sampling<\\/h3>\\r\\n<ul><li>Throw trap for nekton sampling<\\/li>\\r\\n\\t\\t\\t\\t\\t\\t\\t<li>Suction sampler for nekton sampling (Honda water pump, pump hoses, and barrels)<\\/li>\\r\\n\\t\\t\\t\\t\\t\\t<\\/ul>\\r\\n<h3 class=\\\"secondary-head\\\">Flora sampling<\\/h3>\\r\\n<ul><li>Quadrat sampling for vegetation\\/infauna<\\/li>\\r\\n\\t\\t\\t\\t\\t\\t<\\/ul>\",\"48\":\"Lorem ipsum dolor sit amet, consectetuer adipiscing elit, sed diam nonummy nibh euismod tincidunt ut laoreet dolore magna aliquam erat volutpat. Ut wisi enim ad\",\"50\":\"<h2>Laboratory<\\/h2>\\r\\n<h3 class=\\\"secondary-head\\\">Equipment<\\/h3>\\r\\n<ul><li>Balance<\\/li>\\r\\n\\t\\t\\t\\t\\t\\t<li>Calipers<\\/li>\\r\\n\\t\\t\\t\\t\\t\\t<li>Drying ovens<\\/li>\\r\\n\\t\\t\\t\\t\\t\\t<li>Refrigerators<\\/li>\\r\\n\\t\\t\\t\\t\\t\\t<li>Freezers<\\/li>\\r\\n\\t\\t\\t\\t\\t\\t<li>Grinding and processing facilities<\\/li>\\r\\n\\t\\t\\t\\t\\t\\t<li>Genesys 20 Spectrophotometer<\\/li>\\r\\n\\t\\t\\t\\t\\t\\t<li>Muffle furnace<\\/li>\\r\\n\\t\\t\\t\\t\\t<\\/ul>\\r\\n<h3 class=\\\"secondary-head\\\">Analyses<\\/h3>\\r\\n<ul><li>Phosphorus (sediment and water)<\\/li>\\r\\n\\t\\t\\t\\t\\t\\t<li>Porewater ammonium<\\/li>\\r\\n\\t\\t\\t\\t\\t\\t<li>Chlorophyll \\u03b1 (sediment and water)<\\/li>\\r\\n\\t\\t\\t\\t\\t\\t<li>Sediment grain size<\\/li>\\r\\n\\t\\t\\t\\t\\t\\t<li>Sediment organic matter (LOI), % carbonates<\\/li>\\r\\n\\t\\t\\t\\t\\t\\t<li>Vegetation aboveground and belowground biomass<\\/li>\\r\\n\\t\\t\\t\\t\\t\\t<li>Fauna biomass<\\/li>\\r\\n\\t\\t\\t\\t\\t\\t<li>Fish and macroinvertebrate species identification<\\/li>\\r\\n\\t\\t\\t\\t\\t\\t<li>Sample preparation for tissue nutrients<\\/li>\\r\\n\\t\\t\\t\\t\\t\\t<li>Acid washing<\\/li> \\r\\n\\t\\t\\t\\t\\t<\\/ul>\"}}', '2017-08-14 22:26:03', '2017-08-14 22:26:03', '84f0dc38-d1ef-4894-8dba-15988b1bbbb6'),
 ('169', '114', '9', '1', 'en_us', '11', '', '{\"typeId\":\"21\",\"authorId\":\"1\",\"title\":\"Future Costs of Marsh Creation Projects in Coastal Louisiana\",\"slug\":\"future-costs-of-marsh-creation-projects-in-coastal-louisiana\",\"postDate\":1502467380,\"expiryDate\":null,\"enabled\":1,\"parentId\":\"115\",\"fields\":{\"22\":\"Coast Builders Coalition\",\"52\":[\"90\"],\"23\":\"2 Years\",\"51\":[\"87\"],\"35\":[\"111\",\"112\",\"113\"],\"25\":\"<p>This study looks at how costs of marsh creation can change over time and some of the factors that influence those changes. Done for the Coast Builders Coalition and the Restore the Mississippi River Delta Coalition, the study looked at seven sites and considered multiple possible scenarios for sea level rise, inflation rates, and two different criteria for fill depth. Using this information, the report examines how cost savings could be achieved and how either borrowing money or investing it could alter the timing of restoration and construction costs.<\\/p>\"}}', '2017-08-15 21:37:59', '2017-08-15 21:37:59', '81e77297-e5e3-44d7-904e-220fd6a6be2c'),
 ('170', '114', '9', '1', 'en_us', '12', '', '{\"typeId\":\"21\",\"authorId\":\"1\",\"title\":\"Future Costs of Marsh Creation Projects in Coastal Louisiana\",\"slug\":\"future-costs-of-marsh-creation-projects-in-coastal-louisiana\",\"postDate\":1502467380,\"expiryDate\":null,\"enabled\":1,\"parentId\":\"115\",\"fields\":{\"38\":{\"119\":{\"type\":\"relatedTeamMember\",\"enabled\":\"1\",\"fields\":{\"teamMember\":[\"87\"],\"primaryAuthor\":\"1\",\"primaryAuthor2\":\"test\"}},\"120\":{\"type\":\"relatedTeamMember\",\"enabled\":\"1\",\"fields\":{\"teamMember\":[\"90\"],\"primaryAuthor\":\"\",\"primaryAuthor2\":\"\"}}},\"22\":\"Coast Builders Coalition\",\"23\":\"2 Years\",\"35\":[\"111\",\"112\",\"113\"],\"25\":\"<p>This study looks at how costs of marsh creation can change over time and some of the factors that influence those changes. Done for the Coast Builders Coalition and the Restore the Mississippi River Delta Coalition, the study looked at seven sites and considered multiple possible scenarios for sea level rise, inflation rates, and two different criteria for fill depth. Using this information, the report examines how cost savings could be achieved and how either borrowing money or investing it could alter the timing of restoration and construction costs.<\\/p>\"}}', '2017-08-15 21:55:07', '2017-08-15 21:55:07', 'f19f23e5-c76d-4709-8aa6-4e54f690223f'),
 ('171', '114', '9', '1', 'en_us', '13', '', '{\"typeId\":\"21\",\"authorId\":\"1\",\"title\":\"Future Costs of Marsh Creation Projects in Coastal Louisiana\",\"slug\":\"future-costs-of-marsh-creation-projects-in-coastal-louisiana\",\"postDate\":1502467380,\"expiryDate\":null,\"enabled\":1,\"parentId\":\"115\",\"fields\":{\"38\":{\"119\":{\"type\":\"relatedTeamMember\",\"enabled\":\"1\",\"fields\":{\"teamMember\":[\"87\"],\"primaryAuthor\":\"1\",\"primaryAuthor2\":\"test\"}},\"120\":{\"type\":\"relatedTeamMember\",\"enabled\":\"1\",\"fields\":{\"teamMember\":[\"90\"],\"primaryAuthor\":\"\",\"primaryAuthor2\":\"\"}}},\"22\":\"Coast Builders Coalition\",\"23\":\"2 Years\",\"35\":[\"111\",\"112\",\"113\"],\"25\":\"<p>This study looks at how costs of marsh creation can change over time and some of the factors that influence those changes. Done for the Coast Builders Coalition and the Restore the Mississippi River Delta Coalition, the study looked at seven sites and considered multiple possible scenarios for sea level rise, inflation rates, and two different criteria for fill depth. Using this information, the report examines how cost savings could be achieved and how either borrowing money or investing it could alter the timing of restoration and construction costs.<\\/p>\"}}', '2017-08-15 21:57:24', '2017-08-15 21:57:24', '08335be8-74b0-4c55-b65f-4ccc3f3c4947'),
 ('172', '114', '9', '1', 'en_us', '14', '', '{\"typeId\":\"21\",\"authorId\":\"1\",\"title\":\"Future Costs of Marsh Creation Projects in Coastal Louisiana\",\"slug\":\"future-costs-of-marsh-creation-projects-in-coastal-louisiana\",\"postDate\":1502467380,\"expiryDate\":null,\"enabled\":1,\"parentId\":\"115\",\"fields\":{\"22\":\"Coast Builders Coalition\",\"52\":[\"90\"],\"23\":\"2 Years\",\"51\":[\"87\"],\"35\":[\"111\",\"112\",\"113\"],\"25\":\"<p>This study looks at how costs of marsh creation can change over time and some of the factors that influence those changes. Done for the Coast Builders Coalition and the Restore the Mississippi River Delta Coalition, the study looked at seven sites and considered multiple possible scenarios for sea level rise, inflation rates, and two different criteria for fill depth. Using this information, the report examines how cost savings could be achieved and how either borrowing money or investing it could alter the timing of restoration and construction costs.<\\/p>\"}}', '2017-08-15 21:58:47', '2017-08-15 21:58:47', 'efc9fd4b-f3b4-4530-8bed-d794422aa1cc'),
 ('173', '114', '9', '1', 'en_us', '15', '', '{\"typeId\":\"21\",\"authorId\":\"1\",\"title\":\"Future Costs of Marsh Creation Projects in Coastal Louisiana\",\"slug\":\"future-costs-of-marsh-creation-projects-in-coastal-louisiana\",\"postDate\":1502467380,\"expiryDate\":null,\"enabled\":1,\"parentId\":\"115\",\"fields\":{\"22\":\"Coast Builders Coalition\",\"52\":[\"90\"],\"23\":\"2 Years\",\"51\":[\"87\",\"96\"],\"35\":[\"111\",\"112\",\"113\"],\"25\":\"<p>This study looks at how costs of marsh creation can change over time and some of the factors that influence those changes. Done for the Coast Builders Coalition and the Restore the Mississippi River Delta Coalition, the study looked at seven sites and considered multiple possible scenarios for sea level rise, inflation rates, and two different criteria for fill depth. Using this information, the report examines how cost savings could be achieved and how either borrowing money or investing it could alter the timing of restoration and construction costs.<\\/p>\"}}', '2017-08-15 22:00:55', '2017-08-15 22:00:55', 'a6b9b513-4cfe-485b-af05-4d148198e876'),
 ('174', '114', '9', '1', 'en_us', '16', '', '{\"typeId\":\"21\",\"authorId\":\"1\",\"title\":\"Future Costs of Marsh Creation Projects in Coastal Louisiana\",\"slug\":\"future-costs-of-marsh-creation-projects-in-coastal-louisiana\",\"postDate\":1502467380,\"expiryDate\":null,\"enabled\":1,\"parentId\":\"115\",\"fields\":{\"22\":\"Coast Builders Coalition\",\"52\":[\"90\"],\"23\":\"2 Years\",\"51\":[\"87\",\"96\"],\"35\":[\"111\",\"112\",\"113\"],\"25\":\"<p>This study looks at how costs of marsh creation can change over time and some of the factors that influence those changes. Done for the Coast Builders Coalition and the Restore the Mississippi River Delta Coalition, the study looked at seven sites and considered multiple possible scenarios for sea level rise, inflation rates, and two different criteria for fill depth. Using this information, the report examines how cost savings could be achieved and how either borrowing money or investing it could alter the timing of restoration and construction costs.<\\/p>\"}}', '2017-08-15 22:01:16', '2017-08-15 22:01:16', 'e6d73dd9-c88b-4e0b-9584-67452d64c168'),
 ('175', '117', '10', '1', 'en_us', '3', '', '{\"typeId\":\"22\",\"authorId\":\"1\",\"title\":\"Particle tracking to examine sediment dynamics in a Mississippi River delta diversion\",\"slug\":\"particle-tracking-to-examine-sediment-dynamics-in-a-mississippi-river-delta-diversion\",\"postDate\":1502469480,\"expiryDate\":null,\"enabled\":1,\"parentId\":\"118\",\"fields\":{\"52\":[\"96\"],\"51\":[\"90\"],\"37\":[\"116\"],\"36\":\"Estuarine, Coastal and Shelf Science\",\"25\":\"<p>In this article, \\\"Observational and numerical particle tracking to examine sediment dynamics in a Mississippi River delta diversion,\\\" the authors&nbsp;use observational and numerical particle tracking to investigate the behavior of riverine sand and silt as it enters and passes through the West Bay diversion receiving-basin located on the lowermost Mississippi River delta, USA.&nbsp;River diversions may serve as useful restoration tools along coastal deltas experiencing land loss due to high rates of relative sea-level rise and the disruption of natural sediment supply. Diversions mitigate land loss by serving as new sediment sources for land building areas in basins proximal to river channels. However, because of the paucity of active diversions, little is known about how diversion receiving-basins evacuate or retain the sediment required to build new land.<\\/p>\"}}', '2017-08-15 22:32:24', '2017-08-15 22:32:24', '2e5f6732-2b28-4ecd-9d31-f4fd80c4d717'),
 ('176', '117', '10', '1', 'en_us', '4', '', '{\"typeId\":\"22\",\"authorId\":\"1\",\"title\":\"Particle tracking to examine sediment dynamics in a Mississippi River delta diversion\",\"slug\":\"particle-tracking-to-examine-sediment-dynamics-in-a-mississippi-river-delta-diversion\",\"postDate\":1502469480,\"expiryDate\":null,\"enabled\":1,\"parentId\":\"118\",\"fields\":{\"52\":[\"96\"],\"51\":[\"90\"],\"37\":[\"116\"],\"36\":\"Estuarine, Coastal and Shelf Science\",\"25\":\"<p>In this article, \\\"Observational and numerical particle tracking to examine sediment dynamics in a Mississippi River delta diversion,\\\" the authors&nbsp;use observational and numerical particle tracking to investigate the behavior of riverine sand and silt as it enters and passes through the West Bay diversion receiving-basin located on the lowermost Mississippi River delta, USA.&nbsp;River diversions may serve as useful restoration tools along coastal deltas experiencing land loss due to high rates of relative sea-level rise and the disruption of natural sediment supply. Diversions mitigate land loss by serving as new sediment sources for land building areas in basins proximal to river channels. However, because of the paucity of active diversions, little is known about how diversion receiving-basins evacuate or retain the sediment required to build new land.<\\/p>\"}}', '2017-08-15 23:09:02', '2017-08-15 23:09:02', '3b24ebea-76c5-4089-9bd4-ae3450dac959');



DROP TABLE IF EXISTS `craft_fieldgroups`;


--
-- Schema for table `craft_fieldgroups`
--
CREATE TABLE `craft_fieldgroups` (
  `id` int(11) NOT NULL AUTO_INCREMENT,
  `name` varchar(255) COLLATE utf8_unicode_ci NOT NULL,
  `dateCreated` datetime NOT NULL,
  `dateUpdated` datetime NOT NULL,
  `uid` char(36) COLLATE utf8_unicode_ci NOT NULL DEFAULT '0',
  PRIMARY KEY (`id`),
  UNIQUE KEY `craft_fieldgroups_name_unq_idx` (`name`)
) ENGINE=InnoDB AUTO_INCREMENT=11 DEFAULT CHARSET=utf8 COLLATE=utf8_unicode_ci;

--
-- Data for table `craft_fieldgroups`
--

INSERT INTO `craft_fieldgroups` (`id`, `name`, `dateCreated`, `dateUpdated`, `uid`) VALUES
 ('1', 'Default', '2017-07-26 23:54:39', '2017-07-26 23:54:39', '3d06334b-4bf7-49e6-8226-4dd312b99c42'),
 ('2', 'Team Member', '2017-07-27 22:27:22', '2017-07-27 22:27:22', '7ad298ef-b623-4a61-a6b0-ca18e43a43f3'),
 ('3', 'Related Projects', '2017-07-30 20:28:44', '2017-07-30 20:28:44', '46a3ef9a-17f4-450b-bb33-78dec7b4d6ec'),
 ('4', 'Homepage', '2017-08-02 23:20:50', '2017-08-02 23:20:50', 'befc5362-684d-4f6e-84b1-2c8dc04e6f2c'),
 ('5', 'Projects', '2017-08-06 20:15:32', '2017-08-06 20:15:32', '8bf7aa63-0740-4d64-a96d-e0b6f0addccf'),
 ('6', 'Footer', '2017-08-10 01:22:33', '2017-08-10 01:22:33', '39ac66ab-8114-495e-a85f-97f76a57cd6a'),
 ('7', 'Reports', '2017-08-11 15:48:13', '2017-08-11 15:48:13', 'b166699f-10c4-4bfa-94e3-fa1af732f017'),
 ('8', 'Publications', '2017-08-11 16:22:54', '2017-08-11 16:22:54', '9ce8db2f-6630-4e49-ac8c-7e3644d07588'),
 ('9', 'Capabilities', '2017-08-13 20:58:51', '2017-08-13 20:58:51', '1bf8207a-2289-4486-9149-86f1beffb79f'),
 ('10', 'Equipment', '2017-08-14 21:46:42', '2017-08-14 21:46:42', '2bd02d89-0f21-4c51-8c7e-0d584446f3e9');



DROP TABLE IF EXISTS `craft_fieldlayoutfields`;


--
-- Schema for table `craft_fieldlayoutfields`
--
CREATE TABLE `craft_fieldlayoutfields` (
  `id` int(11) NOT NULL AUTO_INCREMENT,
  `layoutId` int(11) NOT NULL,
  `tabId` int(11) NOT NULL,
  `fieldId` int(11) NOT NULL,
  `required` tinyint(1) unsigned NOT NULL DEFAULT '0',
  `sortOrder` smallint(6) unsigned DEFAULT NULL,
  `dateCreated` datetime NOT NULL,
  `dateUpdated` datetime NOT NULL,
  `uid` char(36) COLLATE utf8_unicode_ci NOT NULL DEFAULT '0',
  PRIMARY KEY (`id`),
  UNIQUE KEY `craft_fieldlayoutfields_layoutId_fieldId_unq_idx` (`layoutId`,`fieldId`),
  KEY `craft_fieldlayoutfields_sortOrder_idx` (`sortOrder`),
  KEY `craft_fieldlayoutfields_tabId_fk` (`tabId`),
  KEY `craft_fieldlayoutfields_fieldId_fk` (`fieldId`)
) ENGINE=InnoDB AUTO_INCREMENT=433 DEFAULT CHARSET=utf8 COLLATE=utf8_unicode_ci;

--
-- Data for table `craft_fieldlayoutfields`
--

INSERT INTO `craft_fieldlayoutfields` (`id`, `layoutId`, `tabId`, `fieldId`, `required`, `sortOrder`, `dateCreated`, `dateUpdated`, `uid`) VALUES
 ('2', '8', '2', '1', '0', '1', '2017-07-27 22:34:20', '2017-07-27 22:34:20', 'e4805a22-4633-4a19-8848-856701131dab'),
 ('3', '8', '2', '2', '0', '2', '2017-07-27 22:34:20', '2017-07-27 22:34:20', '3312ded7-dac9-4d66-b689-fb0f9c7b3b87'),
 ('125', '54', '36', '10', '0', '1', '2017-08-04 21:34:11', '2017-08-04 21:34:11', '67962cdc-3c0c-48c2-ae87-e68c65c945dc'),
 ('126', '54', '36', '1', '0', '2', '2017-08-04 21:34:11', '2017-08-04 21:34:11', 'ec84045e-261f-480b-bfe1-1e049e7a9d7e'),
 ('127', '54', '36', '15', '0', '3', '2017-08-04 21:34:11', '2017-08-04 21:34:11', '8551e396-ed01-41c6-98af-5dd0e5913a67'),
 ('128', '54', '36', '16', '0', '4', '2017-08-04 21:34:11', '2017-08-04 21:34:11', 'd5c27682-5502-4c4d-b258-2f26007aed39'),
 ('129', '54', '36', '17', '0', '5', '2017-08-04 21:34:11', '2017-08-04 21:34:11', 'db9bfd05-ccb7-4f35-80a0-5caf99ec9bb4'),
 ('130', '54', '36', '21', '0', '6', '2017-08-04 21:34:11', '2017-08-04 21:34:11', '3ca0ebd5-55e2-437e-8864-51577d6266c2'),
 ('131', '54', '36', '18', '0', '7', '2017-08-04 21:34:11', '2017-08-04 21:34:11', '546591a3-4230-428b-b7c4-20fb9941b68d'),
 ('132', '54', '36', '19', '0', '8', '2017-08-04 21:34:11', '2017-08-04 21:34:11', 'cf630049-9d9c-4d88-85db-f4293abad572'),
 ('133', '54', '36', '20', '0', '9', '2017-08-04 21:34:11', '2017-08-04 21:34:11', 'a9ec895c-3883-4c9a-b5fb-87db3f9830cd'),
 ('220', '70', '62', '30', '0', '1', '2017-08-06 23:08:16', '2017-08-06 23:08:16', 'e0ada7be-ed27-4d50-a433-04c0aebae233'),
 ('221', '70', '62', '22', '0', '2', '2017-08-06 23:08:16', '2017-08-06 23:08:16', 'c580fe1a-3895-41ca-9af4-42e2912a261c'),
 ('222', '70', '62', '29', '0', '3', '2017-08-06 23:08:16', '2017-08-06 23:08:16', '44168cd8-2ab4-478d-b75b-9aa0de3736cd'),
 ('223', '70', '62', '23', '0', '4', '2017-08-06 23:08:16', '2017-08-06 23:08:16', '38a89a2a-13f1-4aeb-9845-bcfcf07f6c8a'),
 ('224', '70', '62', '24', '0', '5', '2017-08-06 23:08:16', '2017-08-06 23:08:16', '1ad8144b-0955-497d-971f-ff775bfabd70'),
 ('225', '70', '62', '26', '0', '6', '2017-08-06 23:08:16', '2017-08-06 23:08:16', 'a948ad6c-667f-4eb5-b1c8-d75877c53c49'),
 ('226', '70', '62', '27', '0', '7', '2017-08-06 23:08:16', '2017-08-06 23:08:16', '87728d11-3dd5-4049-9910-c23199b3a69a'),
 ('276', '80', '78', '13', '0', '1', '2017-08-08 22:26:20', '2017-08-08 22:26:20', '8022d164-3c50-4287-8da3-75226bf59fe9'),
 ('277', '80', '78', '14', '0', '2', '2017-08-08 22:26:20', '2017-08-08 22:26:20', '06286d61-fa20-4bee-baf9-1eb0785ba404'),
 ('278', '80', '78', '12', '0', '3', '2017-08-08 22:26:20', '2017-08-08 22:26:20', 'e354b56b-84b5-4c1f-938e-2449286648b0'),
 ('279', '80', '78', '7', '0', '4', '2017-08-08 22:26:20', '2017-08-08 22:26:20', 'c49f5be7-b530-4ded-a295-c49f3117aa42'),
 ('280', '80', '78', '6', '0', '5', '2017-08-08 22:26:20', '2017-08-08 22:26:20', '57b8c0d4-dad7-4c60-acc1-1d66f4642227'),
 ('281', '80', '78', '5', '0', '6', '2017-08-08 22:26:20', '2017-08-08 22:26:20', '193268bb-5ec0-4e74-982b-44eb79e5f0f7'),
 ('282', '80', '78', '4', '0', '7', '2017-08-08 22:26:20', '2017-08-08 22:26:20', '8d41bbce-3103-47e5-9816-d5aa1a50711a'),
 ('283', '80', '78', '1', '0', '8', '2017-08-08 22:26:20', '2017-08-08 22:26:20', '5cfb5142-e865-4298-9af6-a9965a252844'),
 ('284', '80', '78', '2', '0', '9', '2017-08-08 22:26:20', '2017-08-08 22:26:20', 'df9f13c2-c443-4c0b-b8d1-a6a7918dcc1b'),
 ('285', '80', '79', '32', '0', '1', '2017-08-08 22:26:20', '2017-08-08 22:26:20', 'b7ba802f-c426-4122-a406-2b6857ed6cd2'),
 ('286', '80', '80', '8', '0', '1', '2017-08-08 22:26:20', '2017-08-08 22:26:20', '40b120a4-aa7c-4990-9f25-e35ed0da18b1'),
 ('287', '80', '81', '31', '0', '1', '2017-08-08 22:26:20', '2017-08-08 22:26:20', 'f385d1c6-3302-4fff-aecb-ce2334b9821f'),
 ('288', '83', '82', '1', '0', '1', '2017-08-09 21:14:19', '2017-08-09 21:14:19', '4115d627-e6b0-4206-bdc2-d3d10fde8e4b'),
 ('294', '86', '84', '22', '0', '1', '2017-08-09 21:34:26', '2017-08-09 21:34:26', '3e21419c-699a-41df-8e7b-d80d87bc5ca7'),
 ('295', '86', '84', '30', '0', '2', '2017-08-09 21:34:26', '2017-08-09 21:34:26', '66fa1115-af1d-48f7-9647-de24e7a13476'),
 ('296', '86', '84', '23', '0', '3', '2017-08-09 21:34:26', '2017-08-09 21:34:26', '3f21df87-09ce-4a87-b7e6-47eefe63ec71'),
 ('297', '86', '84', '25', '0', '4', '2017-08-09 21:34:26', '2017-08-09 21:34:26', '6113809c-4c8b-4b7c-a004-45269b3e74d1'),
 ('298', '86', '84', '2', '0', '5', '2017-08-09 21:34:26', '2017-08-09 21:34:26', '6c736759-db0d-47f4-b379-4763211f0947'),
 ('299', '88', '85', '1', '0', '1', '2017-08-09 22:33:17', '2017-08-09 22:33:17', '64a18df6-b49b-4438-bf52-b7a56fd48962'),
 ('300', '89', '86', '1', '0', '1', '2017-08-10 01:15:20', '2017-08-10 01:15:20', '742449c6-372c-487a-99ee-6ce69cab45a5'),
 ('308', '95', '90', '1', '0', '1', '2017-08-11 16:08:01', '2017-08-11 16:08:01', 'f89cb617-a02a-45fc-a087-d7bbabd058f1'),
 ('328', '103', '100', '1', '0', '1', '2017-08-11 16:42:36', '2017-08-11 16:42:36', '404ce3d0-b5d5-47ee-9933-1dac0e798aa4'),
 ('344', '110', '108', '39', '0', '1', '2017-08-12 22:47:41', '2017-08-12 22:47:41', '82b7f236-2cd0-433c-985d-91e36708d853'),
 ('345', '110', '108', '41', '0', '2', '2017-08-12 22:47:41', '2017-08-12 22:47:41', 'a155540d-6a3d-45d0-942a-3d343c5b0a1f'),
 ('346', '110', '108', '43', '0', '3', '2017-08-12 22:47:41', '2017-08-12 22:47:41', 'ccbe3d44-02d0-4682-87a2-3d1482a299d5'),
 ('352', '114', '111', '1', '0', '1', '2017-08-13 21:04:36', '2017-08-13 21:04:36', 'e4b6197e-3509-475e-9165-2ab56ec839df'),
 ('353', '114', '111', '44', '0', '2', '2017-08-13 21:04:36', '2017-08-13 21:04:36', '8ab1b66c-dab5-4006-b152-125e52a347f2'),
 ('357', '116', '113', '45', '0', '1', '2017-08-13 21:40:08', '2017-08-13 21:40:08', '01122dbb-3ff9-443b-b9ca-62c782eb2bf2'),
 ('358', '116', '113', '46', '0', '2', '2017-08-13 21:40:08', '2017-08-13 21:40:08', 'edaec7ce-fd57-477b-a06d-f8c64640f433'),
 ('359', '116', '113', '47', '0', '3', '2017-08-13 21:40:08', '2017-08-13 21:40:08', 'd7809f56-5c15-4f02-b243-ee2185008544'),
 ('363', '119', '115', '48', '0', '1', '2017-08-14 21:49:58', '2017-08-14 21:49:58', '45729006-3509-4ab2-8f96-6d9dee3d3369'),
 ('364', '119', '115', '3', '0', '2', '2017-08-14 21:49:58', '2017-08-14 21:49:58', '1f4f4ce1-f275-4b4c-8155-c02f972986da'),
 ('365', '119', '115', '49', '0', '3', '2017-08-14 21:49:58', '2017-08-14 21:49:58', '7d5a2bcc-5f4c-4d82-9204-de3a55854c01'),
 ('366', '119', '115', '50', '0', '4', '2017-08-14 21:49:58', '2017-08-14 21:49:58', 'f2921640-bd8c-4fe9-a5d1-1dbd022c01c3'),
 ('378', '122', '120', '22', '0', '1', '2017-08-15 21:58:28', '2017-08-15 21:58:28', '3c7c7255-5287-4408-a7e1-ce1754811c91'),
 ('379', '122', '120', '25', '0', '2', '2017-08-15 21:58:28', '2017-08-15 21:58:28', 'a5a75161-20a4-4210-a764-0330c96e67ab'),
 ('380', '122', '120', '23', '0', '3', '2017-08-15 21:58:28', '2017-08-15 21:58:28', '438371c9-4e0e-4873-aa1e-dc77f3bb3645'),
 ('381', '122', '120', '35', '0', '4', '2017-08-15 21:58:28', '2017-08-15 21:58:28', '67828660-0f12-4e6f-8b0b-769819ee9dab'),
 ('382', '122', '121', '51', '0', '1', '2017-08-15 21:58:28', '2017-08-15 21:58:28', 'dc1ee035-81f8-4dda-8e25-10f50feff706'),
 ('383', '122', '121', '52', '0', '2', '2017-08-15 21:58:28', '2017-08-15 21:58:28', 'b887c349-353a-4e18-aac2-fdb38f90d793'),
 ('384', '123', '122', '36', '0', '1', '2017-08-15 22:31:16', '2017-08-15 22:31:16', '52f70e48-62b6-43ba-a67f-15e10f67ec09'),
 ('385', '123', '122', '25', '0', '2', '2017-08-15 22:31:16', '2017-08-15 22:31:16', 'f787e60f-db3a-4159-b231-accb4c1fa814'),
 ('386', '123', '122', '37', '0', '3', '2017-08-15 22:31:16', '2017-08-15 22:31:16', '36caff4b-030a-4207-88fb-c126cfe8c59b'),
 ('387', '123', '123', '51', '0', '1', '2017-08-15 22:31:16', '2017-08-15 22:31:16', '74160cc1-87f0-4ece-80bc-c175aa073660'),
 ('388', '123', '123', '52', '0', '2', '2017-08-15 22:31:16', '2017-08-15 22:31:16', '71d5da00-e80f-4272-93fa-25defb030a4e'),
 ('389', '124', '124', '53', '0', '1', '2017-08-15 23:49:49', '2017-08-15 23:49:49', '2b9dcd9e-fa5e-4d48-8d82-a0050b0b2ce7'),
 ('390', '124', '124', '34', '0', '2', '2017-08-15 23:49:49', '2017-08-15 23:49:49', '45759aea-2af9-4b4f-a340-97a0025671de'),
 ('391', '124', '124', '54', '0', '3', '2017-08-15 23:49:49', '2017-08-15 23:49:49', '0261cc0d-8367-40bf-b342-16c604445e82'),
 ('392', '124', '124', '56', '0', '4', '2017-08-15 23:49:49', '2017-08-15 23:49:49', '8ffe0cfb-8147-4be9-a639-16d82998547a'),
 ('393', '124', '124', '55', '0', '5', '2017-08-15 23:49:49', '2017-08-15 23:49:49', '078c8159-8366-47e0-8547-73e455b31fd5'),
 ('394', '124', '124', '57', '0', '6', '2017-08-15 23:49:49', '2017-08-15 23:49:49', '8ca98651-b353-4f92-a412-a84f05c9225f'),
 ('395', '124', '124', '58', '0', '7', '2017-08-15 23:49:49', '2017-08-15 23:49:49', '850bfaee-b4cd-4a02-8637-926634f495f0'),
 ('396', '124', '124', '59', '0', '8', '2017-08-15 23:49:49', '2017-08-15 23:49:49', '861001c5-81cb-4e2c-8aff-64d45ee0e79a'),
 ('399', '124', '124', '33', '0', '11', '2017-08-15 23:49:49', '2017-08-15 23:49:49', 'bcbf0cb6-4b68-4850-8f69-03fc744aff37'),
 ('430', '140', '140', '64', '0', '1', '2017-08-16 00:41:20', '2017-08-16 00:41:20', 'f3731f3d-7bf8-443d-ae85-dd41505482bb'),
 ('431', '141', '141', '62', '0', '1', '2017-08-16 00:41:20', '2017-08-16 00:41:20', 'cc4498f9-8774-4f4d-908d-74b682fdcd1f'),
 ('432', '142', '142', '66', '0', '1', '2017-08-16 00:41:20', '2017-08-16 00:41:20', '65c5c4ae-13ea-4f91-bb59-e8cc271cb7a3');



DROP TABLE IF EXISTS `craft_fieldlayouts`;


--
-- Schema for table `craft_fieldlayouts`
--
CREATE TABLE `craft_fieldlayouts` (
  `id` int(11) NOT NULL AUTO_INCREMENT,
  `type` varchar(150) COLLATE utf8_unicode_ci NOT NULL,
  `dateCreated` datetime NOT NULL,
  `dateUpdated` datetime NOT NULL,
  `uid` char(36) COLLATE utf8_unicode_ci NOT NULL DEFAULT '0',
  PRIMARY KEY (`id`),
  KEY `craft_fieldlayouts_type_idx` (`type`)
) ENGINE=InnoDB AUTO_INCREMENT=143 DEFAULT CHARSET=utf8 COLLATE=utf8_unicode_ci;

--
-- Data for table `craft_fieldlayouts`
--

INSERT INTO `craft_fieldlayouts` (`id`, `type`, `dateCreated`, `dateUpdated`, `uid`) VALUES
 ('1', 'Tag', '2017-07-26 23:54:38', '2017-07-26 23:54:38', '1fcf4abb-0a1a-449a-aaf9-3983c1d941ab'),
 ('8', 'Entry', '2017-07-27 22:34:20', '2017-07-27 22:34:20', 'e0bd2ec6-bf99-43c2-949c-84ed29c3547d'),
 ('35', 'Asset', '2017-08-03 23:37:05', '2017-08-03 23:37:05', '64cff3f5-da62-45a9-a782-2633e909f503'),
 ('41', 'Asset', '2017-08-04 20:36:53', '2017-08-04 20:36:53', '2092f645-cdd2-4fe3-9dbf-21e9bb317415'),
 ('50', 'Asset', '2017-08-04 21:13:21', '2017-08-04 21:13:21', '128c0e9b-888d-42b5-9b82-9ab89f91a4ec'),
 ('51', 'Asset', '2017-08-04 21:13:38', '2017-08-04 21:13:38', '872b00c5-99df-4b9f-91c6-34ff1c3c2ff4'),
 ('52', 'Asset', '2017-08-04 21:13:44', '2017-08-04 21:13:44', '0b8baca8-442d-43ad-9711-7103194f3d96'),
 ('54', 'Entry', '2017-08-04 21:34:11', '2017-08-04 21:34:11', '87f43335-508e-4757-8465-8c9be86c90e4'),
 ('70', 'Entry', '2017-08-06 23:08:16', '2017-08-06 23:08:16', 'cddb2af1-5ad6-45c1-8675-3e7c279e85ed'),
 ('80', 'Entry', '2017-08-08 22:26:20', '2017-08-08 22:26:20', '5f62b6d9-a026-4365-abd4-63813542f0b4'),
 ('82', 'Navee_Node', '2017-08-09 20:49:00', '2017-08-09 20:49:00', '38f84dab-cb47-4bd5-9e1b-09d1bc3d3521'),
 ('83', 'Entry', '2017-08-09 21:14:19', '2017-08-09 21:14:19', 'd6dc7767-5d6a-48c9-9660-df9f6bf9b4e7'),
 ('84', 'Entry', '2017-08-09 21:14:44', '2017-08-09 21:14:44', 'cdd17fcc-51bc-4b58-8bdd-88697644d734'),
 ('86', 'Entry', '2017-08-09 21:34:26', '2017-08-09 21:34:26', '7f1dbc3b-f537-41a6-b7c6-1410a33aab45'),
 ('88', 'Entry', '2017-08-09 22:33:17', '2017-08-09 22:33:17', '35eedf70-6ba4-479f-9c28-4aedd4f31018'),
 ('89', 'Entry', '2017-08-10 01:15:20', '2017-08-10 01:15:20', 'bdd7a104-4bcd-4c80-b671-61a4749ae961'),
 ('93', 'Asset', '2017-08-11 15:56:53', '2017-08-11 15:56:53', '4388dd41-c296-4fb2-87ec-bdfdabff9558'),
 ('95', 'Entry', '2017-08-11 16:08:01', '2017-08-11 16:08:01', '199f62ba-0bb6-4383-8390-47f6ab363c19'),
 ('97', 'Asset', '2017-08-11 16:33:23', '2017-08-11 16:33:23', '5ee34935-2507-4422-98f4-02355f07b3fa'),
 ('103', 'Entry', '2017-08-11 16:42:36', '2017-08-11 16:42:36', '7b15a5d7-c805-4129-825e-b46d834a5ed1'),
 ('110', 'MatrixBlock', '2017-08-12 22:47:41', '2017-08-12 22:47:41', 'e66fa968-8b31-435b-85b3-488554cfd22f'),
 ('114', 'Entry', '2017-08-13 21:04:36', '2017-08-13 21:04:36', 'abced3ff-9a49-4f1c-b5de-140952bf8440'),
 ('116', 'MatrixBlock', '2017-08-13 21:40:08', '2017-08-13 21:40:08', '2f9bb152-8d5e-46ae-8478-c44db21e84cc'),
 ('119', 'Entry', '2017-08-14 21:49:58', '2017-08-14 21:49:58', 'a9ebc0bd-9d74-474e-a4f8-a49dd9a0e962'),
 ('122', 'Entry', '2017-08-15 21:58:28', '2017-08-15 21:58:28', 'bd09c2a1-961e-411f-95dd-0a0cd26a6ec6'),
 ('123', 'Entry', '2017-08-15 22:31:16', '2017-08-15 22:31:16', '229aa092-baf1-420f-8671-16940da712c2'),
 ('124', 'GlobalSet', '2017-08-15 23:49:49', '2017-08-15 23:49:49', '5d9b5c8c-8cd2-4c1f-9089-339086ac4e14'),
 ('140', 'MatrixBlock', '2017-08-16 00:41:20', '2017-08-16 00:41:20', '5bb43b7d-e200-474d-8f80-ee5211ccd006'),
 ('141', 'MatrixBlock', '2017-08-16 00:41:20', '2017-08-16 00:41:20', 'f7227197-8a68-44ce-acb2-3ebb7dfebf6c'),
 ('142', 'MatrixBlock', '2017-08-16 00:41:20', '2017-08-16 00:41:20', '8d524b7e-a8ac-48bb-9bd9-940f19ffa4e8');



DROP TABLE IF EXISTS `craft_fieldlayouttabs`;


--
-- Schema for table `craft_fieldlayouttabs`
--
CREATE TABLE `craft_fieldlayouttabs` (
  `id` int(11) NOT NULL AUTO_INCREMENT,
  `layoutId` int(11) NOT NULL,
  `name` varchar(255) COLLATE utf8_unicode_ci NOT NULL,
  `sortOrder` smallint(6) unsigned DEFAULT NULL,
  `dateCreated` datetime NOT NULL,
  `dateUpdated` datetime NOT NULL,
  `uid` char(36) COLLATE utf8_unicode_ci NOT NULL DEFAULT '0',
  PRIMARY KEY (`id`),
  KEY `craft_fieldlayouttabs_sortOrder_idx` (`sortOrder`),
  KEY `craft_fieldlayouttabs_layoutId_fk` (`layoutId`)
) ENGINE=InnoDB AUTO_INCREMENT=143 DEFAULT CHARSET=utf8 COLLATE=utf8_unicode_ci;

--
-- Data for table `craft_fieldlayouttabs`
--

INSERT INTO `craft_fieldlayouttabs` (`id`, `layoutId`, `name`, `sortOrder`, `dateCreated`, `dateUpdated`, `uid`) VALUES
 ('2', '8', 'Content', '1', '2017-07-27 22:34:20', '2017-07-27 22:34:20', '8ca830b3-5606-475c-8e7d-1bc4f8304b41'),
 ('36', '54', 'Content', '1', '2017-08-04 21:34:11', '2017-08-04 21:34:11', 'eaed8ad4-5558-4623-9ad5-f7a3d388f89f'),
 ('62', '70', 'Project Details', '1', '2017-08-06 23:08:16', '2017-08-06 23:08:16', 'a821dc14-db94-4d72-9fd8-adfe9bf89855'),
 ('78', '80', 'Team Member Info', '1', '2017-08-08 22:26:20', '2017-08-08 22:26:20', 'b3450735-10d2-4cfa-a316-41ad844fa7f6'),
 ('79', '80', 'Featured Projects', '2', '2017-08-08 22:26:20', '2017-08-08 22:26:20', 'efc587fc-7a04-49f0-93ed-8be81c63d80d'),
 ('80', '80', 'Related Projects', '3', '2017-08-08 22:26:20', '2017-08-08 22:26:20', '8595eb47-8288-4968-820a-6b2d625e8713'),
 ('81', '80', 'Areas of Expertise', '4', '2017-08-08 22:26:20', '2017-08-08 22:26:20', '947e13e0-a1ca-45a3-b153-26f4c9cdc6ec'),
 ('82', '83', 'Focus Area Info', '1', '2017-08-09 21:14:19', '2017-08-09 21:14:19', '976667aa-2df5-4b32-99f2-1f28d885ecb6'),
 ('84', '86', 'Project Details', '1', '2017-08-09 21:34:26', '2017-08-09 21:34:26', '036e0218-2540-4ea8-8bc8-5692125f4672'),
 ('85', '88', 'Projects Overview', '1', '2017-08-09 22:33:17', '2017-08-09 22:33:17', '4ddb253f-a20e-4277-9565-c25d09d67389'),
 ('86', '89', 'Technical Team Overview', '1', '2017-08-10 01:15:20', '2017-08-10 01:15:20', 'd5b614b7-7499-47da-8575-b706a14645d2'),
 ('90', '95', 'Reports Overview', '1', '2017-08-11 16:08:01', '2017-08-11 16:08:01', '034458b8-b59a-4027-ac6b-c4da59de7e5b'),
 ('100', '103', 'Publications Overview', '1', '2017-08-11 16:42:36', '2017-08-11 16:42:36', '9afd51a6-7ab4-4276-a718-dffa6332b094'),
 ('108', '110', 'Content', '1', '2017-08-12 22:47:41', '2017-08-12 22:47:41', '8d47f8c3-5d17-44c2-8ee6-49c67bb9dba0'),
 ('111', '114', 'Capabilities Info', '1', '2017-08-13 21:04:36', '2017-08-13 21:04:36', '5eec2206-5cc8-45bc-91b1-9592de962a20'),
 ('113', '116', 'Content', '1', '2017-08-13 21:40:08', '2017-08-13 21:40:08', '8c9c268a-52e1-4558-bebd-2d7ae6922b4b'),
 ('115', '119', 'Equipment Overview', '1', '2017-08-14 21:49:58', '2017-08-14 21:49:58', 'd685c81d-df38-4e11-baff-ff24f1808abd'),
 ('120', '122', 'Report Overview', '1', '2017-08-15 21:58:28', '2017-08-15 21:58:28', '37119e40-3849-4ed4-a786-0bf3e3f3e08e'),
 ('121', '122', 'Related Team Members', '2', '2017-08-15 21:58:28', '2017-08-15 21:58:28', 'dbc34c2e-c63d-42ce-a857-836ab274b223'),
 ('122', '123', 'Publication Overview', '1', '2017-08-15 22:31:16', '2017-08-15 22:31:16', '05695b57-6544-4c4a-a643-2f6412ddfefb'),
 ('123', '123', 'Key Team Members', '2', '2017-08-15 22:31:16', '2017-08-15 22:31:16', '0e68df30-eccb-4e70-9a57-220e7cb3ea55'),
 ('124', '124', 'Content', '1', '2017-08-15 23:49:49', '2017-08-15 23:49:49', 'e4f63d02-54a8-45a4-9a2a-77a23ae08901'),
 ('140', '140', 'Content', '1', '2017-08-16 00:41:20', '2017-08-16 00:41:20', '5ec083ab-7518-4d75-a25e-3ae0ea9f276f'),
 ('141', '141', 'Content', '1', '2017-08-16 00:41:20', '2017-08-16 00:41:20', 'fb981dd3-e5ac-48bc-9176-74c897374ce7'),
 ('142', '142', 'Content', '1', '2017-08-16 00:41:20', '2017-08-16 00:41:20', 'a72f9022-0c81-4112-ae2f-b93677eebaaf');



DROP TABLE IF EXISTS `craft_fields`;


--
-- Schema for table `craft_fields`
--
CREATE TABLE `craft_fields` (
  `id` int(11) NOT NULL AUTO_INCREMENT,
  `groupId` int(11) DEFAULT NULL,
  `name` varchar(255) COLLATE utf8_unicode_ci NOT NULL,
  `handle` varchar(58) COLLATE utf8_unicode_ci NOT NULL,
  `context` varchar(255) COLLATE utf8_unicode_ci NOT NULL DEFAULT 'global',
  `instructions` text COLLATE utf8_unicode_ci,
  `translatable` tinyint(1) unsigned NOT NULL DEFAULT '0',
  `type` varchar(150) COLLATE utf8_unicode_ci NOT NULL,
  `settings` text COLLATE utf8_unicode_ci,
  `dateCreated` datetime NOT NULL,
  `dateUpdated` datetime NOT NULL,
  `uid` char(36) COLLATE utf8_unicode_ci NOT NULL DEFAULT '0',
  PRIMARY KEY (`id`),
  UNIQUE KEY `craft_fields_handle_context_unq_idx` (`handle`,`context`),
  KEY `craft_fields_context_idx` (`context`),
  KEY `craft_fields_groupId_fk` (`groupId`)
) ENGINE=InnoDB AUTO_INCREMENT=68 DEFAULT CHARSET=utf8 COLLATE=utf8_unicode_ci;

--
-- Data for table `craft_fields`
--

INSERT INTO `craft_fields` (`id`, `groupId`, `name`, `handle`, `context`, `instructions`, `translatable`, `type`, `settings`, `dateCreated`, `dateUpdated`, `uid`) VALUES
 ('1', '1', 'Body', 'body', 'global', NULL, '1', 'RichText', '{\"configFile\":\"Standard.json\",\"columnType\":\"text\"}', '2017-07-26 23:54:39', '2017-07-26 23:54:39', 'f1cdf913-7a55-4a32-b889-3e9010a846c9'),
 ('2', '1', 'Tags', 'tags', 'global', NULL, '0', 'Tags', '{\"source\":\"taggroup:1\"}', '2017-07-26 23:54:39', '2017-07-26 23:54:39', '53e0bfa5-045f-4b42-a0cd-2d8c45377e5b'),
 ('3', '1', 'Feature Image', 'featureImage', 'global', 'This will add the feature image', '0', 'Assets', '{\"useSingleFolder\":\"1\",\"sources\":\"*\",\"defaultUploadLocationSource\":\"5\",\"defaultUploadLocationSubpath\":\"\\/images\\/\",\"singleUploadLocationSource\":\"5\",\"singleUploadLocationSubpath\":\"\\/images\",\"restrictFiles\":\"1\",\"allowedKinds\":[\"image\"],\"limit\":\"1\",\"viewMode\":\"large\",\"selectionLabel\":\"Add an image\"}', '2017-07-27 22:26:58', '2017-08-14 22:25:17', 'ab0509f5-32f3-4821-a16a-b7722f6fbf5c'),
 ('4', '2', 'Team Member CV', 'teamMemberCv', 'global', 'Upload the team member\'s CV', '0', 'Assets', '{\"useSingleFolder\":\"\",\"sources\":\"*\",\"defaultUploadLocationSource\":\"1\",\"defaultUploadLocationSubpath\":\"\",\"singleUploadLocationSource\":\"1\",\"singleUploadLocationSubpath\":\"\",\"restrictFiles\":\"1\",\"allowedKinds\":[\"pdf\",\"word\"],\"limit\":\"1\",\"viewMode\":\"list\",\"selectionLabel\":\"Select CV\"}', '2017-07-27 22:31:02', '2017-07-27 22:31:02', 'b1fadcc8-f9d2-430b-89f4-f51810fe3d4f'),
 ('5', '2', 'Team Member Email', 'teamMemberEmail', 'global', 'Enter the team member\'s email address', '0', 'PlainText', '{\"placeholder\":\"\",\"maxLength\":\"\",\"multiline\":\"\",\"initialRows\":\"4\"}', '2017-07-27 22:31:29', '2017-07-27 22:31:29', '9804130a-1807-471e-8f94-c13598cbe169'),
 ('6', '2', 'Team Member Phone', 'teamMemberPhone', 'global', 'Enter the team member\'s phone number (ex. 225.448.2813)', '0', 'PlainText', '{\"placeholder\":\"225.448.2813\",\"maxLength\":\"\",\"multiline\":\"\",\"initialRows\":\"4\"}', '2017-07-27 22:31:52', '2017-07-27 22:31:52', '771a8d09-c79f-4713-a3e5-6eee6fce328b'),
 ('7', '2', 'Team Member Title', 'teamMemberTitle', 'global', 'Title of team member (ex. President and CEO)', '0', 'PlainText', '{\"placeholder\":\"\",\"maxLength\":\"\",\"multiline\":\"\",\"initialRows\":\"4\"}', '2017-07-27 22:32:08', '2017-07-27 22:32:08', '01446618-e1ef-4b02-8f3b-11940665ac15'),
 ('8', '3', 'Related Projects', 'relatedProjects', 'global', '', '0', 'Entries', '{\"sources\":[\"section:8\"],\"limit\":\"\",\"selectionLabel\":\"\"}', '2017-07-30 20:35:10', '2017-08-06 22:50:32', '26ad31d0-b72c-4fc9-b5f2-68f9574b6729'),
 ('9', '1', 'Breadcrumbs', 'breadcrumbs', 'global', '', '0', 'Entries', '{\"sources\":\"*\",\"limit\":\"\",\"selectionLabel\":\"\"}', '2017-08-02 23:17:30', '2017-08-02 23:18:24', '3c2c6d23-70f4-41ce-aee8-3fe1035a55d2'),
 ('10', '4', 'Intro Title', 'introTitle', 'global', '', '0', 'PlainText', '{\"placeholder\":\"\",\"maxLength\":\"\",\"multiline\":\"\",\"initialRows\":\"4\"}', '2017-08-02 23:21:30', '2017-08-02 23:21:30', '9a62c7b8-057a-4d3d-b4a4-45595a7d83b6'),
 ('11', '1', 'Index Intro', 'indexIntro', 'global', 'This text will be featured at the top of the Index template.', '0', 'RichText', '{\"configFile\":\"\",\"availableAssetSources\":\"*\",\"availableTransforms\":\"*\",\"cleanupHtml\":\"1\",\"purifyHtml\":\"1\",\"purifierConfig\":\"\",\"columnType\":\"text\"}', '2017-08-02 23:27:00', '2017-08-02 23:27:00', 'd9c4e865-8f28-4a30-97ee-b890f679ef8b'),
 ('12', '1', 'Bio Photo', 'bioPhoto', 'global', 'Please select the photo for this bio', '0', 'Assets', '{\"useSingleFolder\":\"\",\"sources\":\"\",\"defaultUploadLocationSource\":\"4\",\"defaultUploadLocationSubpath\":\"\",\"singleUploadLocationSource\":\"1\",\"singleUploadLocationSubpath\":\"\",\"restrictFiles\":\"\",\"limit\":\"1\",\"viewMode\":\"large\",\"selectionLabel\":\"\"}', '2017-08-03 23:35:48', '2017-08-04 20:55:54', 'ef735277-abec-4c06-8e2a-f3ac0d543b26'),
 ('13', '2', 'Team Member First name', 'teamMemberFirstName', 'global', '', '0', 'PlainText', '{\"placeholder\":\"\",\"maxLength\":\"\",\"multiline\":\"\",\"initialRows\":\"4\"}', '2017-08-04 00:25:17', '2017-08-04 00:25:17', '1841126e-14fc-48f9-a3f9-d1757a30ecea'),
 ('14', '2', 'Team Member Last Name', 'teamMemberLastName', 'global', '', '0', 'PlainText', '{\"placeholder\":\"\",\"maxLength\":\"\",\"multiline\":\"\",\"initialRows\":\"4\"}', '2017-08-04 00:25:30', '2017-08-04 00:25:30', 'e8592511-19bd-49a9-bb6e-d730db8338fe'),
 ('15', '4', 'Quote Title', 'quoteTitle', 'global', 'This is a \"summary\" or title of the quote featured on the homepage. Contents will appear in the bold, light blue text area above the quote (i.e. DEDICATED TO THE FUTURE OF OUR COAST)', '0', 'PlainText', '{\"placeholder\":\"\",\"maxLength\":\"40\",\"multiline\":\"\",\"initialRows\":\"4\"}', '2017-08-04 20:27:40', '2017-08-04 20:27:40', '705f831c-f6e6-4689-8061-b5c29da47455'),
 ('16', '4', 'Quote', 'quote', 'global', 'Content of the quote featured on the homepage', '0', 'PlainText', '{\"placeholder\":\"\",\"maxLength\":\"400\",\"multiline\":\"\",\"initialRows\":\"4\"}', '2017-08-04 20:29:09', '2017-08-04 20:29:09', '1fb27563-7ae5-4672-9e2f-91b88271557c'),
 ('17', '4', 'Quotee', 'quotee', 'global', 'The person who is to be attributed to the quote on the homepage', '0', 'PlainText', '{\"placeholder\":\"\",\"maxLength\":\"\",\"multiline\":\"\",\"initialRows\":\"4\"}', '2017-08-04 20:29:33', '2017-08-04 20:29:33', '4d096471-ceea-4ef9-bf15-7abe02b7f89c'),
 ('18', '4', 'Quotee Signature', 'quoteeSignature', 'global', 'The image of signature featured on homepage.', '0', 'Assets', '{\"useSingleFolder\":\"\",\"sources\":\"*\",\"defaultUploadLocationSource\":\"5\",\"defaultUploadLocationSubpath\":\"homepage\",\"singleUploadLocationSource\":\"1\",\"singleUploadLocationSubpath\":\"\",\"restrictFiles\":\"1\",\"allowedKinds\":[\"image\"],\"limit\":\"1\",\"viewMode\":\"large\",\"selectionLabel\":\"\"}', '2017-08-04 20:37:08', '2017-08-04 21:34:50', '11728e03-fc7f-4a7e-932c-14486b10e36f'),
 ('19', '4', 'Homepage Feature Image', 'homepageFeatureImage', 'global', 'The image to appear in the center of the homepage overlapping focus areas slider and quote.', '0', 'Assets', '{\"useSingleFolder\":\"\",\"sources\":\"*\",\"defaultUploadLocationSource\":\"5\",\"defaultUploadLocationSubpath\":\"\\/homepage\\/\",\"singleUploadLocationSource\":\"1\",\"singleUploadLocationSubpath\":\"\",\"restrictFiles\":\"1\",\"allowedKinds\":[\"image\"],\"limit\":\"1\",\"viewMode\":\"list\",\"selectionLabel\":\"Add a feature photo\"}', '2017-08-04 20:44:44', '2017-08-04 21:12:15', '05bc3b36-b0c6-4aff-bd58-335c2225d393'),
 ('20', '4', 'Homepage Feature Image Caption', 'homepageFeatureImageCaption', 'global', 'Caption of feature photo on homepage', '0', 'PlainText', '{\"placeholder\":\"\",\"maxLength\":\"200\",\"multiline\":\"\",\"initialRows\":\"4\"}', '2017-08-04 21:22:17', '2017-08-04 21:22:17', 'c3f72308-902f-44b3-b35f-775777b05486'),
 ('21', '4', 'Quotee Title', 'quoteeTitle', 'global', 'The title of the person who said the quote', '0', 'PlainText', '{\"placeholder\":\"\",\"maxLength\":\"\",\"multiline\":\"\",\"initialRows\":\"4\"}', '2017-08-04 21:34:01', '2017-08-04 21:34:01', 'd9cc13b7-c384-43ab-8faf-241e0c196ff8'),
 ('22', '5', 'Client Name', 'clientName', 'global', '', '0', 'PlainText', '{\"placeholder\":\"\",\"maxLength\":\"\",\"multiline\":\"\",\"initialRows\":\"4\"}', '2017-08-06 20:15:59', '2017-08-06 20:15:59', '1a8c9764-ab84-4333-a888-157aa580e2fa'),
 ('23', '5', 'Duration', 'duration', 'global', 'The amount of time the project lasted', '0', 'PlainText', '{\"placeholder\":\"\",\"maxLength\":\"\",\"multiline\":\"\",\"initialRows\":\"4\"}', '2017-08-06 20:16:22', '2017-08-06 20:16:22', '835f0442-7896-4f5e-b47e-f7732f2b2302'),
 ('24', '5', 'Intro', 'intro', 'global', 'A quick overview of the project', '0', 'PlainText', '{\"placeholder\":\"\",\"maxLength\":\"\",\"multiline\":\"1\",\"initialRows\":\"4\"}', '2017-08-06 20:19:39', '2017-08-14 21:46:09', 'dc51eb6d-9971-44cc-bad7-c2994d8289d4'),
 ('25', '5', 'Summary', 'summary', 'global', 'A full summary of the project', '0', 'RichText', '{\"configFile\":\"\",\"availableAssetSources\":\"\",\"availableTransforms\":\"\",\"cleanupHtml\":\"1\",\"purifyHtml\":\"1\",\"purifierConfig\":\"\",\"columnType\":\"text\"}', '2017-08-06 20:19:54', '2017-08-08 20:08:41', '45be2bd0-edcc-4ab6-a07e-493f5c935bab'),
 ('26', '5', 'Challenge', 'challenge', 'global', '', '0', 'RichText', '{\"configFile\":\"\",\"availableAssetSources\":\"\",\"availableTransforms\":\"\",\"cleanupHtml\":\"1\",\"purifyHtml\":\"1\",\"purifierConfig\":\"\",\"columnType\":\"text\"}', '2017-08-06 20:20:31', '2017-08-06 20:28:47', '351c5b55-b9f2-4889-8ddc-d2e7a5409f5e'),
 ('27', '5', 'Approach', 'approach', 'global', '', '0', 'RichText', '{\"configFile\":\"\",\"availableAssetSources\":\"\",\"availableTransforms\":\"\",\"cleanupHtml\":\"1\",\"purifyHtml\":\"1\",\"purifierConfig\":\"\",\"columnType\":\"text\"}', '2017-08-06 20:20:43', '2017-08-06 20:29:00', '13a6933e-e4d1-4071-85d0-ad5c50d7d6e4'),
 ('28', '5', 'Key team Members', 'keyTeamMembers', 'global', '', '0', 'Entries', '{\"sources\":[\"section:5\"],\"limit\":\"\",\"selectionLabel\":\"\"}', '2017-08-06 20:21:39', '2017-08-06 20:21:39', 'ccdf3916-2c5b-4f21-a731-08d11d94a4ab'),
 ('29', '5', 'Project Photo', 'projectPhoto', 'global', 'Select a photo to represent this project (cropped and scaled to 1000 x 465).', '0', 'Assets', '{\"useSingleFolder\":\"\",\"sources\":[\"folder:13\"],\"defaultUploadLocationSource\":\"5\",\"defaultUploadLocationSubpath\":\"images\\/\",\"singleUploadLocationSource\":\"1\",\"singleUploadLocationSubpath\":\"\",\"restrictFiles\":\"1\",\"allowedKinds\":[\"image\"],\"limit\":\"1\",\"viewMode\":\"large\",\"selectionLabel\":\"\"}', '2017-08-06 22:08:06', '2017-08-08 19:44:18', '87979815-bac0-4033-b6a8-0352c5f93daf'),
 ('30', '5', 'Project Name', 'projectName', 'global', '', '0', 'PlainText', '{\"placeholder\":\"\",\"maxLength\":\"\",\"multiline\":\"\",\"initialRows\":\"4\"}', '2017-08-06 22:18:29', '2017-08-06 22:18:29', '392c89ac-37cd-4f26-9556-2a3b6a13d360'),
 ('31', '2', 'Areas of Expertise', 'areasOfExpertise', 'global', '', '0', 'RichText', '{\"configFile\":\"\",\"availableAssetSources\":\"\",\"availableTransforms\":\"\",\"cleanupHtml\":\"1\",\"purifyHtml\":\"1\",\"purifierConfig\":\"\",\"columnType\":\"text\"}', '2017-08-07 14:07:30', '2017-08-07 14:07:30', '02f9b1ae-b68c-42ad-8ce3-def82b1da083'),
 ('32', '2', 'Featured Projects', 'featuredProjects', 'global', '', '0', 'Entries', '{\"sources\":[\"section:8\"],\"limit\":\"\",\"selectionLabel\":\"\"}', '2017-08-08 22:25:51', '2017-08-08 22:25:51', 'f9f84b94-f9bf-4ad6-849b-edef00508ccd'),
 ('33', '6', 'Tagline', 'tagline', 'global', '', '0', 'PlainText', '{\"placeholder\":\"\",\"maxLength\":\"\",\"multiline\":\"\",\"initialRows\":\"4\"}', '2017-08-10 01:23:36', '2017-08-10 01:23:36', 'ab47948a-2895-47da-9785-1abcb57ac9f9'),
 ('34', '6', 'First Column', 'firstColumn', 'global', 'Choose entries to be featured in footer in first column', '0', 'Entries', '{\"sources\":\"*\",\"limit\":\"3\",\"selectionLabel\":\"\"}', '2017-08-10 01:24:30', '2017-08-15 23:43:40', 'c513a2fb-ece3-4abe-aed9-b432aea77c1a'),
 ('35', '7', 'Report Documents', 'reportDocuments', 'global', 'Select the summary documents related to this report', '0', 'Assets', '{\"useSingleFolder\":\"\",\"sources\":[\"folder:20\"],\"defaultUploadLocationSource\":\"6\",\"defaultUploadLocationSubpath\":\"\",\"singleUploadLocationSource\":\"1\",\"singleUploadLocationSubpath\":\"\",\"restrictFiles\":\"\",\"limit\":\"\",\"viewMode\":\"list\",\"selectionLabel\":\"\"}', '2017-08-11 15:55:48', '2017-08-11 15:57:34', 'd1bebf76-a898-4dab-a162-c3a7e631894a'),
 ('36', '8', 'Publication Name', 'publicationName', 'global', 'Name of periodical where article was published', '0', 'PlainText', '{\"placeholder\":\"\",\"maxLength\":\"\",\"multiline\":\"\",\"initialRows\":\"4\"}', '2017-08-11 16:30:05', '2017-08-11 16:30:05', 'b7c99349-0312-4cfa-9a41-540a68ca0435'),
 ('37', '8', 'Publication Documents', 'publicationDocuments', 'global', 'Select the summary documents related to this publication', '0', 'Assets', '{\"useSingleFolder\":\"\",\"sources\":[\"folder:21\"],\"defaultUploadLocationSource\":\"7\",\"defaultUploadLocationSubpath\":\"\",\"singleUploadLocationSource\":\"1\",\"singleUploadLocationSubpath\":\"\",\"restrictFiles\":\"\",\"limit\":\"\",\"viewMode\":\"list\",\"selectionLabel\":\"\"}', '2017-08-11 16:34:03', '2017-08-11 16:34:44', 'cc4b3564-5583-49d0-8a2d-60d7f63537b7'),
 ('38', '7', 'Authors', 'authors', 'global', '', '0', 'Matrix', '{\"maxBlocks\":null}', '2017-08-12 20:54:01', '2017-08-12 22:47:41', 'c419dc53-1ede-4eb6-8c0c-50d484a3ddac'),
 ('39', NULL, 'Team Member', 'teamMember', 'matrixBlockType:1', '', '0', 'Entries', '{\"sources\":[\"section:5\"],\"limit\":\"1\",\"selectionLabel\":\"\"}', '2017-08-12 20:54:01', '2017-08-12 22:47:41', '37bd88a4-f392-488b-810a-7730d469a115'),
 ('41', NULL, 'Primary Author', 'primaryAuthor', 'matrixBlockType:1', 'Check if related team member is primary author', '0', 'Lightswitch', '{\"default\":\"\"}', '2017-08-12 21:20:30', '2017-08-12 22:47:41', 'd48a6a57-c82f-440c-8b9b-2a5425a45549'),
 ('43', NULL, 'Primary Author 2', 'primaryAuthor2', 'matrixBlockType:1', '', '0', 'PlainText', '{\"placeholder\":\"\",\"maxLength\":\"\",\"multiline\":\"\",\"initialRows\":\"4\"}', '2017-08-12 22:47:41', '2017-08-12 22:47:41', 'c6e8a591-9e7b-43ad-998f-2b6feed52613'),
 ('44', '9', 'Capability', 'capability', 'global', '', '0', 'Matrix', '{\"maxBlocks\":null}', '2017-08-13 21:03:00', '2017-08-13 21:40:08', '9e7afb23-4ea0-4277-be26-5355c8cc05b5'),
 ('45', NULL, 'Number', 'number', 'matrixBlockType:2', 'Number that corresponds to capability', '0', 'PlainText', '{\"placeholder\":\"\",\"maxLength\":\"\",\"multiline\":\"\",\"initialRows\":\"4\"}', '2017-08-13 21:03:00', '2017-08-13 21:40:08', '4a420eb7-c45d-4dad-898b-7a03a8b18812'),
 ('46', NULL, 'Capability Name', 'capabilityName', 'matrixBlockType:2', 'Title of Capability', '0', 'RichText', '{\"configFile\":\"\",\"availableAssetSources\":\"*\",\"availableTransforms\":\"*\",\"cleanupHtml\":\"1\",\"purifyHtml\":\"1\",\"purifierConfig\":\"\",\"columnType\":\"text\"}', '2017-08-13 21:03:00', '2017-08-13 21:40:08', 'd51f0017-fbea-4c9d-af47-b914540de722'),
 ('47', NULL, 'Capability Description', 'capabilityDescription', 'matrixBlockType:2', 'Description of capability', '0', 'RichText', '{\"configFile\":\"\",\"availableAssetSources\":\"*\",\"availableTransforms\":\"*\",\"cleanupHtml\":\"1\",\"purifyHtml\":\"1\",\"purifierConfig\":\"\",\"columnType\":\"text\"}', '2017-08-13 21:03:00', '2017-08-13 21:40:08', '3a1d810a-ae73-4f2a-98f6-506a945d313f'),
 ('48', '10', 'Intro', 'equipmentIntro', 'global', 'A short description of the equipment section', '0', 'PlainText', '{\"placeholder\":\"\",\"maxLength\":\"\",\"multiline\":\"1\",\"initialRows\":\"2\"}', '2017-08-14 21:48:28', '2017-08-14 21:48:28', 'c4545c10-477b-4852-b8a9-997affdfb2e4'),
 ('49', '10', 'Field Equipment', 'fieldEquipment', 'global', '', '0', 'RichText', '{\"configFile\":\"Standard.json\",\"availableAssetSources\":\"*\",\"availableTransforms\":\"*\",\"cleanupHtml\":\"1\",\"purifyHtml\":\"1\",\"purifierConfig\":\"\",\"columnType\":\"text\"}', '2017-08-14 21:48:54', '2017-08-14 22:13:20', 'd7042d0f-d428-4a2b-a5bd-f922157bfe05'),
 ('50', '10', 'Laboratory Equipment', 'laboratoryEquipment', 'global', '', '0', 'RichText', '{\"configFile\":\"Standard.json\",\"availableAssetSources\":\"*\",\"availableTransforms\":\"*\",\"cleanupHtml\":\"1\",\"purifyHtml\":\"1\",\"purifierConfig\":\"\",\"columnType\":\"text\"}', '2017-08-14 21:49:15', '2017-08-14 22:13:23', '3ef1ba8d-ae3b-4621-a353-727395d84abb'),
 ('51', '7', 'Primary Authors', 'primaryAuthors', 'global', '', '0', 'Entries', '{\"sources\":[\"section:5\"],\"limit\":\"\",\"selectionLabel\":\"Select the primary author(s)\"}', '2017-08-15 21:36:31', '2017-08-15 21:36:31', '18106f74-b8a5-4495-847b-8adcbe21bfde'),
 ('52', '7', 'Contributing Authors', 'contributingAuthors', 'global', '', '0', 'Entries', '{\"sources\":[\"section:5\"],\"limit\":\"\",\"selectionLabel\":\"Select all contributing authors\"}', '2017-08-15 21:37:10', '2017-08-15 21:37:10', 'e62c5224-fd84-4741-8923-ce300b43f57e'),
 ('53', '6', 'First Column Header', 'firstColumnHeader', 'global', 'Header for section of links', '0', 'PlainText', '{\"placeholder\":\"\",\"maxLength\":\"\",\"multiline\":\"\",\"initialRows\":\"4\"}', '2017-08-15 23:41:26', '2017-08-15 23:42:26', '1dbdc4ae-ab29-486d-8794-6e45d1900fc0'),
 ('54', '6', 'Second Column Header', 'secondColumnHeader', 'global', 'Title for column of links', '0', 'PlainText', '{\"placeholder\":\"\",\"maxLength\":\"\",\"multiline\":\"\",\"initialRows\":\"4\"}', '2017-08-15 23:42:50', '2017-08-15 23:42:50', 'bab679e3-6135-46b2-beff-939190196c56'),
 ('55', '6', 'Third Column Header', 'thirdColumnHeader', 'global', 'Title for third column of links', '0', 'PlainText', '{\"placeholder\":\"\",\"maxLength\":\"\",\"multiline\":\"\",\"initialRows\":\"4\"}', '2017-08-15 23:43:11', '2017-08-15 23:43:11', '1d9ebb6e-504e-41b5-873e-4c232a8fd13b'),
 ('56', '6', 'Second Column', 'secondColumn', 'global', '', '0', 'Entries', '{\"sources\":\"*\",\"limit\":\"3\",\"selectionLabel\":\"\"}', '2017-08-15 23:43:33', '2017-08-15 23:43:46', '4047376b-edeb-40cb-9bdd-76348043dc24'),
 ('57', '6', 'Third Column', 'thirdColumn', 'global', '', '0', 'Entries', '{\"sources\":\"*\",\"limit\":\"\",\"selectionLabel\":\"\"}', '2017-08-15 23:44:01', '2017-08-15 23:44:01', 'a95416bd-49d4-4b9b-81d3-4c0a290e2718'),
 ('58', '6', 'Location', 'location', 'global', 'Address of The Water Institute', '0', 'PlainText', '{\"placeholder\":\"\",\"maxLength\":\"\",\"multiline\":\"1\",\"initialRows\":\"3\"}', '2017-08-15 23:46:07', '2017-08-15 23:46:07', '75a9fa69-7c07-4595-a58c-c66a7ab2fff4'),
 ('59', '6', 'Social Media Links', 'socialMediaLinks', 'global', '', '0', 'Matrix', '{\"maxBlocks\":\"3\"}', '2017-08-15 23:47:53', '2017-08-16 00:41:20', '49aa6b40-d0cf-43d0-b203-c882c6a40329'),
 ('62', NULL, 'LinkedIn URL', 'linkedInUrl', 'matrixBlockType:3', 'Enter the URL of the LinkedIn page (ex: https://www.linkedin.com/company-beta/3691934/)', '0', 'PlainText', '{\"placeholder\":\"\",\"maxLength\":\"\",\"multiline\":\"\",\"initialRows\":\"4\"}', '2017-08-16 00:11:21', '2017-08-16 00:41:20', '78de72b3-6e33-4cb4-98c1-cb2c33c35b13'),
 ('64', NULL, 'Twitter URL', 'twitterUrl', 'matrixBlockType:4', 'Enter the URL of the Twitter page (ex: https://twitter.com/TheH2OInstitute)', '0', 'PlainText', '{\"placeholder\":\"\",\"maxLength\":\"\",\"multiline\":\"\",\"initialRows\":\"4\"}', '2017-08-16 00:11:21', '2017-08-16 00:41:20', 'b7d14734-720c-4fa3-867d-f186e3602739'),
 ('66', NULL, 'Instagram URL', 'instagramUrl', 'matrixBlockType:5', 'Enter the URL of the Instagram page (ex: https://www.instagram.com/theh2oinstitute/)', '0', 'PlainText', '{\"placeholder\":\"\",\"maxLength\":\"\",\"multiline\":\"\",\"initialRows\":\"4\"}', '2017-08-16 00:11:21', '2017-08-16 00:41:20', 'a49d2087-2403-439e-b5b7-f14d6089fb3c');



DROP TABLE IF EXISTS `craft_globalsets`;


--
-- Schema for table `craft_globalsets`
--
CREATE TABLE `craft_globalsets` (
  `id` int(11) NOT NULL,
  `name` varchar(255) COLLATE utf8_unicode_ci NOT NULL,
  `handle` varchar(255) COLLATE utf8_unicode_ci NOT NULL,
  `fieldLayoutId` int(10) DEFAULT NULL,
  `dateCreated` datetime NOT NULL,
  `dateUpdated` datetime NOT NULL,
  `uid` char(36) COLLATE utf8_unicode_ci NOT NULL DEFAULT '0',
  PRIMARY KEY (`id`),
  UNIQUE KEY `craft_globalsets_name_unq_idx` (`name`),
  UNIQUE KEY `craft_globalsets_handle_unq_idx` (`handle`),
  KEY `craft_globalsets_fieldLayoutId_fk` (`fieldLayoutId`)
) ENGINE=InnoDB DEFAULT CHARSET=utf8 COLLATE=utf8_unicode_ci;

--
-- Data for table `craft_globalsets`
--

INSERT INTO `craft_globalsets` (`id`, `name`, `handle`, `fieldLayoutId`, `dateCreated`, `dateUpdated`, `uid`) VALUES
 ('110', 'Footer', 'footer', '124', '2017-08-10 01:24:42', '2017-08-15 23:49:49', '2bbd65a2-d9e2-48a0-8e08-2d6079003fee');



DROP TABLE IF EXISTS `craft_import_entries`;


--
-- Schema for table `craft_import_entries`
--
CREATE TABLE `craft_import_entries` (
  `id` int(11) NOT NULL AUTO_INCREMENT,
  `historyId` int(11) DEFAULT NULL,
  `entryId` int(11) DEFAULT NULL,
  `dateCreated` datetime NOT NULL,
  `dateUpdated` datetime NOT NULL,
  `uid` char(36) COLLATE utf8_unicode_ci NOT NULL DEFAULT '0',
  PRIMARY KEY (`id`),
  KEY `craft_import_entries_historyId_fk` (`historyId`),
  KEY `craft_import_entries_entryId_fk` (`entryId`)
) ENGINE=InnoDB DEFAULT CHARSET=utf8 COLLATE=utf8_unicode_ci;

DROP TABLE IF EXISTS `craft_import_history`;


--
-- Schema for table `craft_import_history`
--
CREATE TABLE `craft_import_history` (
  `id` int(11) NOT NULL AUTO_INCREMENT,
  `userId` int(11) DEFAULT NULL,
  `type` varchar(255) COLLATE utf8_unicode_ci DEFAULT NULL,
  `file` varchar(255) COLLATE utf8_unicode_ci DEFAULT NULL,
  `rows` int(10) DEFAULT NULL,
  `behavior` enum('append','replace','delete') COLLATE utf8_unicode_ci DEFAULT NULL,
  `status` enum('started','finished','reverted') COLLATE utf8_unicode_ci DEFAULT NULL,
  `dateCreated` datetime NOT NULL,
  `dateUpdated` datetime NOT NULL,
  `uid` char(36) COLLATE utf8_unicode_ci NOT NULL DEFAULT '0',
  PRIMARY KEY (`id`),
  KEY `craft_import_history_userId_fk` (`userId`)
) ENGINE=InnoDB DEFAULT CHARSET=utf8 COLLATE=utf8_unicode_ci;

DROP TABLE IF EXISTS `craft_import_log`;


--
-- Schema for table `craft_import_log`
--
CREATE TABLE `craft_import_log` (
  `id` int(11) NOT NULL AUTO_INCREMENT,
  `historyId` int(11) DEFAULT NULL,
  `line` int(10) DEFAULT NULL,
  `errors` text COLLATE utf8_unicode_ci,
  `dateCreated` datetime NOT NULL,
  `dateUpdated` datetime NOT NULL,
  `uid` char(36) COLLATE utf8_unicode_ci NOT NULL DEFAULT '0',
  PRIMARY KEY (`id`),
  KEY `craft_import_log_historyId_fk` (`historyId`)
) ENGINE=InnoDB DEFAULT CHARSET=utf8 COLLATE=utf8_unicode_ci;

DROP TABLE IF EXISTS `craft_info`;


--
-- Schema for table `craft_info`
--
CREATE TABLE `craft_info` (
  `id` int(11) NOT NULL AUTO_INCREMENT,
  `version` varchar(50) COLLATE utf8_unicode_ci NOT NULL,
  `schemaVersion` varchar(15) COLLATE utf8_unicode_ci NOT NULL,
  `edition` tinyint(1) unsigned NOT NULL DEFAULT '0',
  `siteName` varchar(100) COLLATE utf8_unicode_ci NOT NULL,
  `siteUrl` varchar(255) COLLATE utf8_unicode_ci NOT NULL,
  `timezone` varchar(30) COLLATE utf8_unicode_ci DEFAULT NULL,
  `on` tinyint(1) unsigned NOT NULL DEFAULT '0',
  `maintenance` tinyint(1) unsigned NOT NULL DEFAULT '0',
  `dateCreated` datetime NOT NULL,
  `dateUpdated` datetime NOT NULL,
  `uid` char(36) COLLATE utf8_unicode_ci NOT NULL DEFAULT '0',
  PRIMARY KEY (`id`)
) ENGINE=InnoDB AUTO_INCREMENT=2 DEFAULT CHARSET=utf8 COLLATE=utf8_unicode_ci;

--
-- Data for table `craft_info`
--

INSERT INTO `craft_info` (`id`, `version`, `schemaVersion`, `edition`, `siteName`, `siteUrl`, `timezone`, `on`, `maintenance`, `dateCreated`, `dateUpdated`, `uid`) VALUES
 ('1', '2.6.2989', '2.6.10', '1', 'Water Institute', 'http://dev.thewaterinstitute.org/', 'UTC', '1', '0', '2017-07-26 23:54:36', '2017-08-16 19:30:48', '013dfc72-6d09-4801-8b8c-6e338d0d4e93');



DROP TABLE IF EXISTS `craft_locales`;


--
-- Schema for table `craft_locales`
--
CREATE TABLE `craft_locales` (
  `locale` char(12) COLLATE utf8_unicode_ci NOT NULL,
  `sortOrder` smallint(6) unsigned DEFAULT NULL,
  `dateCreated` datetime NOT NULL,
  `dateUpdated` datetime NOT NULL,
  `uid` char(36) COLLATE utf8_unicode_ci NOT NULL DEFAULT '0',
  PRIMARY KEY (`locale`),
  KEY `craft_locales_sortOrder_idx` (`sortOrder`)
) ENGINE=InnoDB DEFAULT CHARSET=utf8 COLLATE=utf8_unicode_ci;

--
-- Data for table `craft_locales`
--

INSERT INTO `craft_locales` (`locale`, `sortOrder`, `dateCreated`, `dateUpdated`, `uid`) VALUES
 ('en_us', '1', '2017-07-26 23:54:36', '2017-07-26 23:54:36', '000fb9af-7b92-4296-ad12-9f4710a4ddb5');



DROP TABLE IF EXISTS `craft_matrixblocks`;


--
-- Schema for table `craft_matrixblocks`
--
CREATE TABLE `craft_matrixblocks` (
  `id` int(11) NOT NULL,
  `ownerId` int(11) NOT NULL,
  `fieldId` int(11) NOT NULL,
  `typeId` int(11) DEFAULT NULL,
  `sortOrder` smallint(6) unsigned DEFAULT NULL,
  `ownerLocale` char(12) COLLATE utf8_unicode_ci DEFAULT NULL,
  `dateCreated` datetime NOT NULL,
  `dateUpdated` datetime NOT NULL,
  `uid` char(36) COLLATE utf8_unicode_ci NOT NULL DEFAULT '0',
  PRIMARY KEY (`id`),
  KEY `craft_matrixblocks_ownerId_idx` (`ownerId`),
  KEY `craft_matrixblocks_fieldId_idx` (`fieldId`),
  KEY `craft_matrixblocks_typeId_idx` (`typeId`),
  KEY `craft_matrixblocks_sortOrder_idx` (`sortOrder`),
  KEY `craft_matrixblocks_ownerLocale_fk` (`ownerLocale`)
) ENGINE=InnoDB DEFAULT CHARSET=utf8 COLLATE=utf8_unicode_ci;

--
-- Data for table `craft_matrixblocks`
--

INSERT INTO `craft_matrixblocks` (`id`, `ownerId`, `fieldId`, `typeId`, `sortOrder`, `ownerLocale`, `dateCreated`, `dateUpdated`, `uid`) VALUES
 ('119', '114', '38', '1', '1', NULL, '2017-08-12 20:54:46', '2017-08-15 21:57:24', '748b24c9-9336-4148-8214-4caa653111b2'),
 ('120', '114', '38', '1', '2', NULL, '2017-08-12 21:23:01', '2017-08-15 21:57:24', 'be759901-592e-4ac0-96de-3194a17215d9'),
 ('122', '121', '44', '2', '1', NULL, '2017-08-13 21:04:40', '2017-08-13 22:05:00', 'd4465e22-898b-4ce2-9dab-364619405c65'),
 ('123', '121', '44', '2', '2', NULL, '2017-08-13 21:26:20', '2017-08-13 22:05:00', '610a57a1-06a3-4809-a57a-d40c7013226d'),
 ('124', '121', '44', '2', '3', NULL, '2017-08-13 21:26:20', '2017-08-13 22:05:00', '2c3b2d0a-dba8-4183-9c9e-510ebaf050ab'),
 ('125', '121', '44', '2', '4', NULL, '2017-08-13 21:26:20', '2017-08-13 22:05:00', '10676d5f-a3cd-4764-bb78-0be1c64abf85'),
 ('126', '121', '44', '2', '5', NULL, '2017-08-13 21:26:20', '2017-08-13 22:05:00', '6c826a38-b60f-480e-915d-20b524e66f77'),
 ('127', '121', '44', '2', '6', NULL, '2017-08-13 21:26:20', '2017-08-13 22:05:00', '87c9af93-6e15-490a-881b-22b467196386'),
 ('128', '121', '44', '2', '7', NULL, '2017-08-13 21:26:20', '2017-08-13 22:05:00', '1009f4dd-76c9-45bc-a843-920e806c59fa'),
 ('129', '121', '44', '2', '8', NULL, '2017-08-13 21:26:20', '2017-08-13 22:05:00', '1df1ad87-2559-48e4-bdc1-eba37fb12882'),
 ('132', '110', '59', '3', '1', NULL, '2017-08-16 00:12:55', '2017-08-16 00:14:39', '6c0c9826-a436-4ab0-8c99-f34bcd29e776'),
 ('133', '110', '59', '4', '2', NULL, '2017-08-16 00:12:55', '2017-08-16 00:14:39', 'aafd2bbe-a44d-47ee-ab54-b8f8ed3403d3'),
 ('134', '110', '59', '5', '3', NULL, '2017-08-16 00:12:55', '2017-08-16 00:14:39', 'acd44726-78ce-4852-95de-4d0c0f3cbc1f');



DROP TABLE IF EXISTS `craft_matrixblocktypes`;


--
-- Schema for table `craft_matrixblocktypes`
--
CREATE TABLE `craft_matrixblocktypes` (
  `id` int(11) NOT NULL AUTO_INCREMENT,
  `fieldId` int(11) NOT NULL,
  `fieldLayoutId` int(11) DEFAULT NULL,
  `name` varchar(255) COLLATE utf8_unicode_ci NOT NULL,
  `handle` varchar(255) COLLATE utf8_unicode_ci NOT NULL,
  `sortOrder` smallint(6) unsigned DEFAULT NULL,
  `dateCreated` datetime NOT NULL,
  `dateUpdated` datetime NOT NULL,
  `uid` char(36) COLLATE utf8_unicode_ci NOT NULL DEFAULT '0',
  PRIMARY KEY (`id`),
  UNIQUE KEY `craft_matrixblocktypes_name_fieldId_unq_idx` (`name`,`fieldId`),
  UNIQUE KEY `craft_matrixblocktypes_handle_fieldId_unq_idx` (`handle`,`fieldId`),
  KEY `craft_matrixblocktypes_fieldId_fk` (`fieldId`),
  KEY `craft_matrixblocktypes_fieldLayoutId_fk` (`fieldLayoutId`)
) ENGINE=InnoDB AUTO_INCREMENT=6 DEFAULT CHARSET=utf8 COLLATE=utf8_unicode_ci;

--
-- Data for table `craft_matrixblocktypes`
--

INSERT INTO `craft_matrixblocktypes` (`id`, `fieldId`, `fieldLayoutId`, `name`, `handle`, `sortOrder`, `dateCreated`, `dateUpdated`, `uid`) VALUES
 ('1', '38', '110', 'Related Team Member', 'relatedTeamMember', '1', '2017-08-12 20:54:01', '2017-08-12 22:47:41', '3ccc1cbd-affb-4a59-800d-6089c6ffca7e'),
 ('2', '44', '116', 'Single Capability', 'singleCapability', '1', '2017-08-13 21:03:00', '2017-08-13 21:40:08', '0a864542-e15d-494b-8bb1-3aadcf15545d'),
 ('3', '59', '141', 'LinkedIn', 'linkedIn', '2', '2017-08-16 00:11:21', '2017-08-16 00:41:20', '7b2794ed-a37d-4189-b819-bae2c675297d'),
 ('4', '59', '140', 'Twitter', 'twitter', '1', '2017-08-16 00:11:21', '2017-08-16 00:41:20', '1cf02a6a-b728-4b3b-8fed-4ddabaaf8973'),
 ('5', '59', '142', 'Instagram', 'instagram', '3', '2017-08-16 00:11:21', '2017-08-16 00:41:20', '993f69e5-20ad-48bb-ae15-c706a14f1904');



DROP TABLE IF EXISTS `craft_matrixcontent_authors`;


--
-- Schema for table `craft_matrixcontent_authors`
--
CREATE TABLE `craft_matrixcontent_authors` (
  `id` int(11) NOT NULL AUTO_INCREMENT,
  `elementId` int(11) NOT NULL,
  `locale` char(12) COLLATE utf8_unicode_ci NOT NULL,
  `field_relatedTeamMember_primaryAuthor` tinyint(1) unsigned NOT NULL DEFAULT '0',
  `field_relatedTeamMember_primaryAuthor2` text COLLATE utf8_unicode_ci,
  `dateCreated` datetime NOT NULL,
  `dateUpdated` datetime NOT NULL,
  `uid` char(36) COLLATE utf8_unicode_ci NOT NULL DEFAULT '0',
  PRIMARY KEY (`id`),
  UNIQUE KEY `craft_matrixcontent_authors_elementId_locale_unq_idx` (`elementId`,`locale`),
  KEY `craft_matrixcontent_authors_locale_fk` (`locale`)
) ENGINE=InnoDB AUTO_INCREMENT=3 DEFAULT CHARSET=utf8 COLLATE=utf8_unicode_ci;

--
-- Data for table `craft_matrixcontent_authors`
--

INSERT INTO `craft_matrixcontent_authors` (`id`, `elementId`, `locale`, `field_relatedTeamMember_primaryAuthor`, `field_relatedTeamMember_primaryAuthor2`, `dateCreated`, `dateUpdated`, `uid`) VALUES
 ('1', '119', 'en_us', '1', 'test', '2017-08-12 20:54:46', '2017-08-15 21:57:24', 'b0398e70-63fd-4066-aa9f-7e311415c3e1'),
 ('2', '120', 'en_us', '0', '', '2017-08-12 21:23:01', '2017-08-15 21:57:24', 'ac34b678-8419-4d74-a6ba-1e9759ff36e2');



DROP TABLE IF EXISTS `craft_matrixcontent_capability`;


--
-- Schema for table `craft_matrixcontent_capability`
--
CREATE TABLE `craft_matrixcontent_capability` (
  `id` int(11) NOT NULL AUTO_INCREMENT,
  `elementId` int(11) NOT NULL,
  `locale` char(12) COLLATE utf8_unicode_ci NOT NULL,
  `field_singleCapability_number` text COLLATE utf8_unicode_ci,
  `field_singleCapability_capabilityName` text COLLATE utf8_unicode_ci,
  `field_singleCapability_capabilityDescription` text COLLATE utf8_unicode_ci,
  `dateCreated` datetime NOT NULL,
  `dateUpdated` datetime NOT NULL,
  `uid` char(36) COLLATE utf8_unicode_ci NOT NULL DEFAULT '0',
  PRIMARY KEY (`id`),
  UNIQUE KEY `craft_matrixcontent_capability_elementId_locale_unq_idx` (`elementId`,`locale`),
  KEY `craft_matrixcontent_capability_locale_fk` (`locale`)
) ENGINE=InnoDB AUTO_INCREMENT=9 DEFAULT CHARSET=utf8 COLLATE=utf8_unicode_ci;

--
-- Data for table `craft_matrixcontent_capability`
--

INSERT INTO `craft_matrixcontent_capability` (`id`, `elementId`, `locale`, `field_singleCapability_number`, `field_singleCapability_capabilityName`, `field_singleCapability_capabilityDescription`, `dateCreated`, `dateUpdated`, `uid`) VALUES
 ('1', '122', 'en_us', '01', '<p><strong>Field</strong> Investigations</p>', '<p>We undertake a wide range of boat-based and fixed-station observations and field investigations of riverine, deltaic, coastal, and continental shelf environments. Using a variety of sampling techniques and investigative tools, our team performs river channel and coastal surveys of bathymetry, hydrodynamics, and sediment dynamics, as well as sampling a range of submerged and emergent biotic communities and ecosystem processes. The Institute also conducts sub-bottom acoustic surveys, performs geological measurements, characterizes wetland vegetation and soil through the collections of data in complex and rugged coastlines. Pizza.</p>', '2017-08-13 21:04:40', '2017-08-13 22:05:00', 'aaf44002-7104-4130-bddf-cb13b53a55fc'),
 ('2', '123', 'en_us', '02', '<p><strong>Real-Time Sensor </strong>Data Collection and Monitoring Design</p>', '<p>We have a number of sensors and data collection platforms that we deploy for long periods of time in order to gather data for parameters such as flow characteristics, suspended sediment, water quality, and meteorology. We also design monitoring approaches to obtain repeated long-term measurements that can be analyzed to detect change that may result from a variety of sources, including large-scale restoration and protection projects, environmental disturbances, changing climate, and other major drivers.</p>', '2017-08-13 21:26:20', '2017-08-13 22:05:00', 'd13b633f-1746-4ca2-89e7-05008b0240ef'),
 ('3', '124', 'en_us', '03', '<p><strong>Integrated</strong> Natural System Modeling</p>', '<p>We develop and apply world-class integrated hydrologic, morphodynamic, and ecosystem numerical tools to understand short- and long-term dynamics of complex riverine, coastal, and deltaic systems. These predictive numerical models support and inform decision-makers on how to manage and sustain valuable natural resources and infrastructure. Our team uses a wide range of numerical models and is continually seeking and identifying the best available tools in the research and practitioner communities. Examples of modeling software that we currently utilize include: Delft3D, MIKE-FLOOD, OpenFOAM, and FLOW3D. We led the development of the Integrated Compartment Model (ICM), a comprehensive predictive landscape and ecosystem model that supports large-scale coastal planning efforts. In April 2015, we earned a Delft3D Modeling Center certification, the first North America-based organization to receive such a credential.</p>', '2017-08-13 21:26:20', '2017-08-13 22:05:00', '8d22a22c-b08a-4fc3-a560-2b57e5101dfd'),
 ('4', '125', 'en_us', '04', '<p><strong>Analytics </strong>and Integrated Decision Support</p>', '<p>We develop and apply integrated decision support systems linking sensors, predictions, and analytics in a real time framework that can support coastal planning preparedness, operations, and emergency response at local and regional scales. Our goal is to make links between data, models, and end users more seamless in order to provide high quality information to support effective and transparent decision making.</p>', '2017-08-13 21:26:20', '2017-08-13 22:05:00', '5cf446b5-e487-42fa-8396-df5d801bfc8b'),
 ('5', '126', 'en_us', '05', '<p><strong>Spatial Analysis</strong> of Socioeconomic and Ecosystem Change</p>', '<p>We use geospatial analytics and data visualization to better understand patterns of change and the relationship of the natural system to society. This includes analysis of U.S. Census and American Community Survey data, reconstruction of historic ecosystem change, and investigation of potential future system response to planned restoration and protection measures. We combine site scale data on biotic communities with coastwide data sets, to assess change in ecosystem function over time. </p>', '2017-08-13 21:26:20', '2017-08-13 22:05:00', 'b5264734-afe4-47c3-b911-e8234025495e'),
 ('6', '127', 'en_us', '06', '<p><strong>Decision </strong>Support</p>', '<p>In addition to our applied research program, the Institute is often called upon to connect academic, public, and private research providers from around the world to find and evaluate solutions to coastal protection and restoration challenges. Our decision support efforts inform a range of implementation and policy decisions, from large-scale ecosystem restoration, to natural coastal infrastructure, to water systems management.</p>', '2017-08-13 21:26:20', '2017-08-13 22:05:00', 'b1bdc99f-dc16-465a-a35e-2fe7fc53eb3c'),
 ('7', '128', 'en_us', '07', '<p><strong>Independent</strong> Technical Expert Review</p>', '<p>Independent review by subject matter experts not directly involved in projects is essential to ensure technical information used in decision making is sound, evidence-based, and meets the state of the practice. Because of our experience and relationships, we conduct peer reviews, either by using our experts within the Institute, or by tapping into our network of experts across the country and the world.</p>', '2017-08-13 21:26:20', '2017-08-13 22:05:00', '78276220-bfcb-4284-a417-7b10de084766'),
 ('8', '129', 'en_us', '08', '<p><strong>Expert Opinion </strong>and Advice</p>', '<p>Members of our technical team are called upon to provide expert opinion and advice as others work through complex coastal, deltaic, and water resource related challenges. This includes serving in an advisory role on large-scale restoration planning efforts and providing consulting support to others as they undertake new projects or initiatives.</p>\n<p>The Water Institute’s invaluable applied research, knowledge, and experience gained in coastal Louisiana are already being extended globally, with engagements in Chile, Egypt, the Netherlands, Pacific island countries, and the Mekong Delta in Vietnam. </p>\n<p>We also welcome the opportunity to apply our expertise and to partner with mission-driven organizations who share our passion for advancing resilient coasts and sustainable water systems worldwide.</p>', '2017-08-13 21:26:20', '2017-08-13 22:05:00', '346ebdff-dde3-4ab7-912d-01255288c685');



DROP TABLE IF EXISTS `craft_matrixcontent_socialmedialinks`;


--
-- Schema for table `craft_matrixcontent_socialmedialinks`
--
CREATE TABLE `craft_matrixcontent_socialmedialinks` (
  `id` int(11) NOT NULL AUTO_INCREMENT,
  `elementId` int(11) NOT NULL,
  `locale` char(12) COLLATE utf8_unicode_ci NOT NULL,
  `field_linkedIn_linkedInUrl` text COLLATE utf8_unicode_ci,
  `field_twitter_twitterUrl` text COLLATE utf8_unicode_ci,
  `field_instagram_instagramUrl` text COLLATE utf8_unicode_ci,
  `dateCreated` datetime NOT NULL,
  `dateUpdated` datetime NOT NULL,
  `uid` char(36) COLLATE utf8_unicode_ci NOT NULL DEFAULT '0',
  PRIMARY KEY (`id`),
  UNIQUE KEY `craft_matrixcontent_socialmedialinks_elementId_locale_unq_idx` (`elementId`,`locale`),
  KEY `craft_matrixcontent_socialmedialinks_locale_fk` (`locale`)
) ENGINE=InnoDB AUTO_INCREMENT=4 DEFAULT CHARSET=utf8 COLLATE=utf8_unicode_ci;

--
-- Data for table `craft_matrixcontent_socialmedialinks`
--

INSERT INTO `craft_matrixcontent_socialmedialinks` (`id`, `elementId`, `locale`, `field_linkedIn_linkedInUrl`, `field_twitter_twitterUrl`, `field_instagram_instagramUrl`, `dateCreated`, `dateUpdated`, `uid`) VALUES
 ('1', '132', 'en_us', 'https://www.linkedin.com/company-beta/3691934/', NULL, NULL, '2017-08-16 00:12:55', '2017-08-16 00:14:39', '4922be10-624f-49ac-b405-e63b354d90cc'),
 ('2', '133', 'en_us', NULL, 'https://twitter.com/TheH2OInstitute', NULL, '2017-08-16 00:12:55', '2017-08-16 00:14:39', '41d8a6c3-dc13-4bd0-b34a-2965aa9cc9f0'),
 ('3', '134', 'en_us', NULL, NULL, 'https://www.instagram.com/theh2oinstitute/', '2017-08-16 00:12:55', '2017-08-16 00:14:39', '1f91213d-e348-439f-b7ff-ed6ac1292fd1');



DROP TABLE IF EXISTS `craft_migrations`;


--
-- Schema for table `craft_migrations`
--
CREATE TABLE `craft_migrations` (
  `id` int(11) NOT NULL AUTO_INCREMENT,
  `pluginId` int(11) DEFAULT NULL,
  `version` varchar(255) COLLATE utf8_unicode_ci NOT NULL,
  `applyTime` datetime NOT NULL,
  `dateCreated` datetime NOT NULL,
  `dateUpdated` datetime NOT NULL,
  `uid` char(36) COLLATE utf8_unicode_ci NOT NULL DEFAULT '0',
  PRIMARY KEY (`id`),
  UNIQUE KEY `craft_migrations_version_unq_idx` (`version`),
  KEY `craft_migrations_pluginId_fk` (`pluginId`)
) ENGINE=InnoDB AUTO_INCREMENT=44 DEFAULT CHARSET=utf8 COLLATE=utf8_unicode_ci;

--
-- Data for table `craft_migrations`
--

INSERT INTO `craft_migrations` (`id`, `pluginId`, `version`, `applyTime`, `dateCreated`, `dateUpdated`, `uid`) VALUES
 ('1', NULL, 'm000000_000000_base', '2017-07-26 23:54:36', '2017-07-26 23:54:36', '2017-07-26 23:54:36', '250696a9-df98-4ecc-9f9b-ef3806378517'),
 ('2', NULL, 'm140730_000001_add_filename_and_format_to_transformindex', '2017-07-26 23:54:36', '2017-07-26 23:54:36', '2017-07-26 23:54:36', 'f2f9958a-fd96-4630-96b9-a43df5012261'),
 ('3', NULL, 'm140815_000001_add_format_to_transforms', '2017-07-26 23:54:36', '2017-07-26 23:54:36', '2017-07-26 23:54:36', '32993c8e-2b79-4f2f-978c-fd3391c100b1'),
 ('4', NULL, 'm140822_000001_allow_more_than_128_items_per_field', '2017-07-26 23:54:36', '2017-07-26 23:54:36', '2017-07-26 23:54:36', 'fcf073b8-7214-439b-b343-15a9b7af42e8'),
 ('5', NULL, 'm140829_000001_single_title_formats', '2017-07-26 23:54:36', '2017-07-26 23:54:36', '2017-07-26 23:54:36', '8ee3746d-7f21-441e-b88c-d049f3d813bf'),
 ('6', NULL, 'm140831_000001_extended_cache_keys', '2017-07-26 23:54:36', '2017-07-26 23:54:36', '2017-07-26 23:54:36', 'ff2e9a1e-bbe6-4e5e-a982-7078349253ab'),
 ('7', NULL, 'm140922_000001_delete_orphaned_matrix_blocks', '2017-07-26 23:54:36', '2017-07-26 23:54:36', '2017-07-26 23:54:36', '3ede4c95-11d7-4ebe-b002-ccf2fabe4613'),
 ('8', NULL, 'm141008_000001_elements_index_tune', '2017-07-26 23:54:36', '2017-07-26 23:54:36', '2017-07-26 23:54:36', '317a77cc-9677-4cc1-aa47-490858a4d2b5'),
 ('9', NULL, 'm141009_000001_assets_source_handle', '2017-07-26 23:54:36', '2017-07-26 23:54:36', '2017-07-26 23:54:36', '3c21dcb4-af8b-4769-8398-d4c285c7cc8e'),
 ('10', NULL, 'm141024_000001_field_layout_tabs', '2017-07-26 23:54:36', '2017-07-26 23:54:36', '2017-07-26 23:54:36', '38806a29-4d87-4f8a-8fe6-8fbc30f4737d'),
 ('11', NULL, 'm141030_000000_plugin_schema_versions', '2017-07-26 23:54:36', '2017-07-26 23:54:36', '2017-07-26 23:54:36', '55df20e1-c0cf-40a8-8d07-aa9430fbc215'),
 ('12', NULL, 'm141030_000001_drop_structure_move_permission', '2017-07-26 23:54:36', '2017-07-26 23:54:36', '2017-07-26 23:54:36', '9209e976-fd95-496c-9b57-78f8d0782c05'),
 ('13', NULL, 'm141103_000001_tag_titles', '2017-07-26 23:54:36', '2017-07-26 23:54:36', '2017-07-26 23:54:36', '9385a213-a4dc-4715-9d49-53d3e80cc95a'),
 ('14', NULL, 'm141109_000001_user_status_shuffle', '2017-07-26 23:54:36', '2017-07-26 23:54:36', '2017-07-26 23:54:36', '7af0114a-39e5-444d-906b-b39904a6f049'),
 ('15', NULL, 'm141126_000001_user_week_start_day', '2017-07-26 23:54:36', '2017-07-26 23:54:36', '2017-07-26 23:54:36', '8a7f9568-5231-4edf-b9cd-b3cb95be82cb'),
 ('16', NULL, 'm150210_000001_adjust_user_photo_size', '2017-07-26 23:54:36', '2017-07-26 23:54:36', '2017-07-26 23:54:36', '3bb1a70c-accc-4c22-a9a2-a236b267ded6'),
 ('17', NULL, 'm150724_000001_adjust_quality_settings', '2017-07-26 23:54:36', '2017-07-26 23:54:36', '2017-07-26 23:54:36', 'a76f91b2-0f27-44a6-b5ca-2ec9e7ca63ca'),
 ('18', NULL, 'm150827_000000_element_index_settings', '2017-07-26 23:54:36', '2017-07-26 23:54:36', '2017-07-26 23:54:36', '250976fc-6355-45b8-a94d-f43901b2ab68'),
 ('19', NULL, 'm150918_000001_add_colspan_to_widgets', '2017-07-26 23:54:36', '2017-07-26 23:54:36', '2017-07-26 23:54:36', 'b72bc97c-015b-4aab-835a-10748d9db5ad'),
 ('20', NULL, 'm151007_000000_clear_asset_caches', '2017-07-26 23:54:36', '2017-07-26 23:54:36', '2017-07-26 23:54:36', '36d425a8-3a2a-47bb-ae51-0edb619f39ff'),
 ('21', NULL, 'm151109_000000_text_url_formats', '2017-07-26 23:54:36', '2017-07-26 23:54:36', '2017-07-26 23:54:36', 'ea5a8899-2f52-4fa5-8818-fa1681e4545d'),
 ('22', NULL, 'm151110_000000_move_logo', '2017-07-26 23:54:36', '2017-07-26 23:54:36', '2017-07-26 23:54:36', '942ae9e9-69c8-40e1-881b-c3a7e8ab9fc8'),
 ('23', NULL, 'm151117_000000_adjust_image_widthheight', '2017-07-26 23:54:36', '2017-07-26 23:54:36', '2017-07-26 23:54:36', 'c402f600-6e4a-4f44-b91a-4e801651174d'),
 ('24', NULL, 'm151127_000000_clear_license_key_status', '2017-07-26 23:54:36', '2017-07-26 23:54:36', '2017-07-26 23:54:36', '46621684-25f5-4bc4-a1a8-a33fe38dc4e2'),
 ('25', NULL, 'm151127_000000_plugin_license_keys', '2017-07-26 23:54:36', '2017-07-26 23:54:36', '2017-07-26 23:54:36', '11df02ad-1bab-4943-baf6-4f072e87c6c3'),
 ('26', NULL, 'm151130_000000_update_pt_widget_feeds', '2017-07-26 23:54:36', '2017-07-26 23:54:36', '2017-07-26 23:54:36', '20e41636-740f-485a-8574-10bc4bf2b40b'),
 ('27', NULL, 'm160114_000000_asset_sources_public_url_default_true', '2017-07-26 23:54:36', '2017-07-26 23:54:36', '2017-07-26 23:54:36', 'e751b981-0c8a-485e-b4f0-c756f5c72cb1'),
 ('28', NULL, 'm160223_000000_sortorder_to_smallint', '2017-07-26 23:54:36', '2017-07-26 23:54:36', '2017-07-26 23:54:36', 'e5cf308c-c1ed-4eca-abbc-092ba611bd98'),
 ('29', NULL, 'm160229_000000_set_default_entry_statuses', '2017-07-26 23:54:36', '2017-07-26 23:54:36', '2017-07-26 23:54:36', 'c0829e7f-8be7-4008-b566-a062c7b0b607'),
 ('30', NULL, 'm160304_000000_client_permissions', '2017-07-26 23:54:36', '2017-07-26 23:54:36', '2017-07-26 23:54:36', '732de4a0-cc2f-43be-86ea-a4b744de4744'),
 ('31', NULL, 'm160322_000000_asset_filesize', '2017-07-26 23:54:36', '2017-07-26 23:54:36', '2017-07-26 23:54:36', 'af03672f-f532-4750-81f7-ee67edfc7b1f'),
 ('32', NULL, 'm160503_000000_orphaned_fieldlayouts', '2017-07-26 23:54:36', '2017-07-26 23:54:36', '2017-07-26 23:54:36', '550b508a-62ec-4735-bee5-dfbfb1f0d796'),
 ('33', NULL, 'm160510_000000_tasksettings', '2017-07-26 23:54:36', '2017-07-26 23:54:36', '2017-07-26 23:54:36', '9a8bcab7-89b1-4437-99d6-cd17c483c0e7'),
 ('34', NULL, 'm160829_000000_pending_user_content_cleanup', '2017-07-26 23:54:36', '2017-07-26 23:54:36', '2017-07-26 23:54:36', 'dfaf8efd-0b52-41b0-b141-c7d880240c6b'),
 ('35', NULL, 'm160830_000000_asset_index_uri_increase', '2017-07-26 23:54:36', '2017-07-26 23:54:36', '2017-07-26 23:54:36', 'c43eb8df-f652-4b77-9bce-d1186b15e049'),
 ('36', NULL, 'm160919_000000_usergroup_handle_title_unique', '2017-07-26 23:54:36', '2017-07-26 23:54:36', '2017-07-26 23:54:36', 'a644025d-980a-4f46-a9a8-b37aa99a2129'),
 ('37', NULL, 'm161108_000000_new_version_format', '2017-07-26 23:54:36', '2017-07-26 23:54:36', '2017-07-26 23:54:36', '25c0f958-9f4d-4f2e-ac0c-bb8887762aae'),
 ('38', NULL, 'm161109_000000_index_shuffle', '2017-07-26 23:54:36', '2017-07-26 23:54:36', '2017-07-26 23:54:36', '51b1c0ac-6ec7-4e9a-ad93-74b4ba50b119'),
 ('39', NULL, 'm170612_000000_route_index_shuffle', '2017-07-26 23:54:36', '2017-07-26 23:54:36', '2017-07-26 23:54:36', 'e0146446-2940-4659-abce-797ebce9ab2a'),
 ('40', '1', 'm140430_122214_import_ImportHistory', '2017-07-27 20:46:59', '2017-07-27 20:46:59', '2017-07-27 20:46:59', '36529362-083c-4acf-a078-431ba1449937'),
 ('41', '1', 'm140616_080724_import_saveEntryIdAndVersion', '2017-07-27 20:46:59', '2017-07-27 20:46:59', '2017-07-27 20:46:59', 'f4f4b79c-3281-4edd-be50-524571d652c0'),
 ('42', '1', 'm140903_075432_import_ImportElements', '2017-07-27 20:46:59', '2017-07-27 20:46:59', '2017-07-27 20:46:59', '676e0bf7-5a2c-41e6-b175-e41406fc9619'),
 ('43', '2', 'm160922_150924_navee_AddRegexField', '2017-08-09 20:13:54', '2017-08-09 20:13:54', '2017-08-09 20:13:54', 'f914d2d6-24e7-46d1-8e26-32f39f9fa939');



DROP TABLE IF EXISTS `craft_navee_navigations`;


--
-- Schema for table `craft_navee_navigations`
--
CREATE TABLE `craft_navee_navigations` (
  `id` int(11) NOT NULL AUTO_INCREMENT,
  `creatorId` int(11) DEFAULT NULL,
  `name` varchar(255) COLLATE utf8_unicode_ci NOT NULL,
  `handle` varchar(255) COLLATE utf8_unicode_ci NOT NULL,
  `maxLevels` int(10) DEFAULT NULL,
  `fieldLayoutId` int(10) DEFAULT NULL,
  `structureId` int(10) DEFAULT NULL,
  `dateCreated` datetime NOT NULL,
  `dateUpdated` datetime NOT NULL,
  `uid` char(36) COLLATE utf8_unicode_ci NOT NULL DEFAULT '0',
  PRIMARY KEY (`id`),
  UNIQUE KEY `craft_navee_navigations_name_unq_idx` (`name`),
  UNIQUE KEY `craft_navee_navigations_handle_unq_idx` (`handle`),
  KEY `craft_navee_navigations_fieldLayoutId_fk` (`fieldLayoutId`),
  KEY `craft_navee_navigations_creatorId_fk` (`creatorId`)
) ENGINE=InnoDB AUTO_INCREMENT=2 DEFAULT CHARSET=utf8 COLLATE=utf8_unicode_ci;

--
-- Data for table `craft_navee_navigations`
--

INSERT INTO `craft_navee_navigations` (`id`, `creatorId`, `name`, `handle`, `maxLevels`, `fieldLayoutId`, `structureId`, `dateCreated`, `dateUpdated`, `uid`) VALUES
 ('1', '1', 'Footer Navigation', 'footerNavigation', NULL, '82', '4', '2017-08-09 20:21:42', '2017-08-09 20:49:00', '792587d5-2866-4dbc-80a5-03b03092c5e1');



DROP TABLE IF EXISTS `craft_navee_nodes`;


--
-- Schema for table `craft_navee_nodes`
--
CREATE TABLE `craft_navee_nodes` (
  `id` int(11) NOT NULL,
  `navigationId` int(11) NOT NULL,
  `linkType` enum('entryId','assetId','categoryId','customUri','none') COLLATE utf8_unicode_ci DEFAULT NULL,
  `entryId` int(10) DEFAULT NULL,
  `assetId` int(10) DEFAULT NULL,
  `categoryId` int(10) DEFAULT NULL,
  `customUri` varchar(255) COLLATE utf8_unicode_ci DEFAULT NULL,
  `class` varchar(255) COLLATE utf8_unicode_ci DEFAULT NULL,
  `idAttr` varchar(255) COLLATE utf8_unicode_ci DEFAULT NULL,
  `rel` varchar(255) COLLATE utf8_unicode_ci DEFAULT NULL,
  `name` varchar(255) COLLATE utf8_unicode_ci DEFAULT NULL,
  `titleAttr` varchar(255) COLLATE utf8_unicode_ci DEFAULT NULL,
  `accessKey` varchar(255) COLLATE utf8_unicode_ci DEFAULT NULL,
  `target` varchar(255) COLLATE utf8_unicode_ci DEFAULT NULL,
  `includeInNavigation` tinyint(1) unsigned NOT NULL DEFAULT '0',
  `passive` tinyint(1) unsigned NOT NULL DEFAULT '0',
  `userGroups` text COLLATE utf8_unicode_ci,
  `regex` varchar(255) COLLATE utf8_unicode_ci DEFAULT NULL,
  `dateCreated` datetime NOT NULL,
  `dateUpdated` datetime NOT NULL,
  `uid` char(36) COLLATE utf8_unicode_ci NOT NULL DEFAULT '0',
  PRIMARY KEY (`id`),
  KEY `craft_navee_nodes_navigationId_fk` (`navigationId`)
) ENGINE=InnoDB DEFAULT CHARSET=utf8 COLLATE=utf8_unicode_ci;

--
-- Data for table `craft_navee_nodes`
--

INSERT INTO `craft_navee_nodes` (`id`, `navigationId`, `linkType`, `entryId`, `assetId`, `categoryId`, `customUri`, `class`, `idAttr`, `rel`, `name`, `titleAttr`, `accessKey`, `target`, `includeInNavigation`, `passive`, `userGroups`, `regex`, `dateCreated`, `dateUpdated`, `uid`) VALUES
 ('101', '1', 'entryId', NULL, NULL, NULL, '', '', '', '', '', '', '', '', '1', '0', '[]', '', '2017-08-09 20:23:47', '2017-08-09 20:42:46', '40da7a9d-daa8-49de-a18e-87a35276110c'),
 ('102', '1', 'entryId', '88', NULL, NULL, '', '', '', '', '', '', '', '', '1', '0', '[]', '', '2017-08-09 20:43:15', '2017-08-09 20:43:15', 'e5679609-4f51-406d-8128-ce97740008d9'),
 ('103', '1', 'entryId', '89', NULL, NULL, '', '', '', '', '', '', '', '', '1', '0', '[]', '', '2017-08-09 20:43:33', '2017-08-09 20:43:33', 'c41def27-7871-4e90-ae06-2f74a6efeeec');



DROP TABLE IF EXISTS `craft_plugins`;


--
-- Schema for table `craft_plugins`
--
CREATE TABLE `craft_plugins` (
  `id` int(11) NOT NULL AUTO_INCREMENT,
  `class` varchar(150) COLLATE utf8_unicode_ci NOT NULL,
  `version` varchar(15) COLLATE utf8_unicode_ci NOT NULL,
  `schemaVersion` varchar(15) COLLATE utf8_unicode_ci DEFAULT NULL,
  `licenseKey` char(24) COLLATE utf8_unicode_ci DEFAULT NULL,
  `licenseKeyStatus` enum('valid','invalid','mismatched','unknown') COLLATE utf8_unicode_ci NOT NULL DEFAULT 'unknown',
  `enabled` tinyint(1) unsigned NOT NULL DEFAULT '0',
  `settings` text COLLATE utf8_unicode_ci,
  `installDate` datetime NOT NULL,
  `dateCreated` datetime NOT NULL,
  `dateUpdated` datetime NOT NULL,
  `uid` char(36) COLLATE utf8_unicode_ci NOT NULL DEFAULT '0',
  PRIMARY KEY (`id`)
) ENGINE=InnoDB AUTO_INCREMENT=3 DEFAULT CHARSET=utf8 COLLATE=utf8_unicode_ci;

--
-- Data for table `craft_plugins`
--

INSERT INTO `craft_plugins` (`id`, `class`, `version`, `schemaVersion`, `licenseKey`, `licenseKeyStatus`, `enabled`, `settings`, `installDate`, `dateCreated`, `dateUpdated`, `uid`) VALUES
 ('1', 'Import', '0.8.34', NULL, NULL, 'unknown', '0', NULL, '2017-07-27 20:46:59', '2017-07-27 20:46:59', '2017-07-29 18:51:26', '4ef29124-ce25-45c5-88a9-55d01d1e1342'),
 ('2', 'Navee', '1.3.0', NULL, NULL, 'unknown', '1', NULL, '2017-08-09 20:13:54', '2017-08-09 20:13:54', '2017-08-16 19:30:48', 'c8a3ff63-523f-48f3-a51e-8ae58475e0a9');



DROP TABLE IF EXISTS `craft_rackspaceaccess`;


--
-- Schema for table `craft_rackspaceaccess`
--
CREATE TABLE `craft_rackspaceaccess` (
  `id` int(11) NOT NULL AUTO_INCREMENT,
  `connectionKey` varchar(255) COLLATE utf8_unicode_ci NOT NULL,
  `token` varchar(255) COLLATE utf8_unicode_ci NOT NULL,
  `storageUrl` varchar(255) COLLATE utf8_unicode_ci NOT NULL,
  `cdnUrl` varchar(255) COLLATE utf8_unicode_ci NOT NULL,
  `dateCreated` datetime NOT NULL,
  `dateUpdated` datetime NOT NULL,
  `uid` char(36) COLLATE utf8_unicode_ci NOT NULL DEFAULT '0',
  PRIMARY KEY (`id`),
  UNIQUE KEY `craft_rackspaceaccess_connectionKey_unq_idx` (`connectionKey`)
) ENGINE=InnoDB DEFAULT CHARSET=utf8 COLLATE=utf8_unicode_ci;

DROP TABLE IF EXISTS `craft_relations`;


--
-- Schema for table `craft_relations`
--
CREATE TABLE `craft_relations` (
  `id` int(11) NOT NULL AUTO_INCREMENT,
  `fieldId` int(11) NOT NULL,
  `sourceId` int(11) NOT NULL,
  `sourceLocale` char(12) COLLATE utf8_unicode_ci DEFAULT NULL,
  `targetId` int(11) NOT NULL,
  `sortOrder` smallint(6) DEFAULT NULL,
  `dateCreated` datetime NOT NULL,
  `dateUpdated` datetime NOT NULL,
  `uid` char(36) COLLATE utf8_unicode_ci NOT NULL DEFAULT '0',
  PRIMARY KEY (`id`),
  UNIQUE KEY `craft_relations_fieldId_sourceId_sourceLocale_targetId_unq_idx` (`fieldId`,`sourceId`,`sourceLocale`,`targetId`),
  KEY `craft_relations_sourceId_fk` (`sourceId`),
  KEY `craft_relations_sourceLocale_fk` (`sourceLocale`),
  KEY `craft_relations_targetId_fk` (`targetId`)
) ENGINE=InnoDB AUTO_INCREMENT=223 DEFAULT CHARSET=utf8 COLLATE=utf8_unicode_ci;

--
-- Data for table `craft_relations`
--

INSERT INTO `craft_relations` (`id`, `fieldId`, `sourceId`, `sourceLocale`, `targetId`, `sortOrder`, `dateCreated`, `dateUpdated`, `uid`) VALUES
 ('59', '18', '2', NULL, '86', '1', '2017-08-04 21:59:40', '2017-08-04 21:59:40', '90331e0c-1af3-4dbe-82ed-d08bfa5ce1c9'),
 ('60', '19', '2', NULL, '85', '1', '2017-08-04 21:59:40', '2017-08-04 21:59:40', '2f51cfe9-4377-42ce-b98f-2eca1ba87a98'),
 ('79', '29', '91', NULL, '92', '1', '2017-08-06 23:07:05', '2017-08-06 23:07:05', 'da9ae699-e58c-42df-8343-17476c2b32dc'),
 ('84', '29', '95', NULL, '94', '1', '2017-08-08 19:45:36', '2017-08-08 19:45:36', '05e1c022-67be-4870-9afa-9690969ff0b3'),
 ('85', '12', '90', NULL, '72', '1', '2017-08-08 19:45:53', '2017-08-08 19:45:53', 'b35fe402-ff0c-44d7-8d3c-857bc201a155'),
 ('86', '8', '90', NULL, '91', '1', '2017-08-08 19:45:53', '2017-08-08 19:45:53', '710560e6-c776-494d-af6e-5bd7a5a62541'),
 ('87', '8', '90', NULL, '95', '2', '2017-08-08 19:45:53', '2017-08-08 19:45:53', '04154212-edee-4f17-ae7b-fc2011b5ec8a'),
 ('93', '12', '100', NULL, '99', '1', '2017-08-08 22:26:40', '2017-08-08 22:26:40', 'de9be863-71e5-40cb-b9a4-bbc3b6db6902'),
 ('94', '4', '100', NULL, '98', '1', '2017-08-08 22:26:40', '2017-08-08 22:26:40', '4cd5d806-c9b0-4f8f-b8d6-15196f4a9208'),
 ('95', '32', '100', NULL, '95', '1', '2017-08-08 22:26:40', '2017-08-08 22:26:40', 'd0e8f263-e60a-4d57-83cc-fe64317d1a0d'),
 ('96', '8', '100', NULL, '97', '1', '2017-08-08 22:26:40', '2017-08-08 22:26:40', 'e33f076f-fcf6-4791-9654-e23ff804b387'),
 ('102', '12', '96', NULL, '68', '1', '2017-08-08 22:33:19', '2017-08-08 22:33:19', '7a33f193-149c-43b1-83ac-32194f65bb0b'),
 ('103', '32', '96', NULL, '97', '1', '2017-08-08 22:33:19', '2017-08-08 22:33:19', 'e1541547-921e-4d95-afb1-6a82020bb488'),
 ('104', '8', '96', NULL, '95', '1', '2017-08-08 22:33:19', '2017-08-08 22:33:19', '430d5ea0-59f5-4f05-84db-b322287533f8'),
 ('121', '28', '117', NULL, '90', '1', '2017-08-11 16:41:55', '2017-08-11 16:41:55', '1e496737-6949-4572-9e89-806316f7d47e'),
 ('125', '28', '114', NULL, '90', '1', '2017-08-11 16:47:32', '2017-08-11 16:47:32', '0b44ebf5-9594-4066-85d7-bb98b123cb3e'),
 ('158', '12', '89', NULL, '70', '1', '2017-08-14 13:46:20', '2017-08-14 13:46:20', 'a2556a9e-50a0-4890-ae95-0bd3083b68ef'),
 ('159', '32', '89', NULL, '91', '1', '2017-08-14 13:46:20', '2017-08-14 13:46:20', '8a3e3e37-346f-4dc1-aa56-19221d926caf'),
 ('160', '32', '89', NULL, '95', '2', '2017-08-14 13:46:20', '2017-08-14 13:46:20', '5253d2cd-0ef0-4522-86c5-1a79a3e6c221'),
 ('161', '8', '89', NULL, '97', '1', '2017-08-14 13:46:20', '2017-08-14 13:46:20', '052ad62b-6920-4891-88aa-30648e2b4710'),
 ('162', '12', '87', NULL, '67', '1', '2017-08-14 15:38:55', '2017-08-14 15:38:55', '33718597-3955-41ad-ac30-0239b45b2863'),
 ('163', '4', '87', NULL, '23', '1', '2017-08-14 15:38:55', '2017-08-14 15:38:55', '395dee40-c7ce-4007-873d-ab5c7702084b'),
 ('164', '3', '130', NULL, '131', '1', '2017-08-14 22:26:03', '2017-08-14 22:26:03', '95b04e36-8aac-4967-849b-471d33563dd9'),
 ('178', '39', '119', NULL, '87', '1', '2017-08-15 21:57:24', '2017-08-15 21:57:24', '092784f3-3ccb-4663-9c8a-66e6f2c6395a'),
 ('179', '39', '120', NULL, '90', '1', '2017-08-15 21:57:24', '2017-08-15 21:57:24', 'c3ab3cfe-5ace-4d4d-8187-dd5c96bc0430'),
 ('191', '35', '114', NULL, '111', '1', '2017-08-15 22:01:16', '2017-08-15 22:01:16', '80190b16-392f-4414-895a-5563162b537c'),
 ('192', '35', '114', NULL, '112', '2', '2017-08-15 22:01:16', '2017-08-15 22:01:16', '56f077f5-d8b2-41ca-b16e-912e7dd011c3'),
 ('193', '35', '114', NULL, '113', '3', '2017-08-15 22:01:16', '2017-08-15 22:01:16', 'ae2c3785-dbc2-43a5-a635-f5c2e5cf20af'),
 ('194', '51', '114', NULL, '87', '1', '2017-08-15 22:01:16', '2017-08-15 22:01:16', '2cf1c26c-eb5a-47a9-9fd8-0c55d557d295'),
 ('195', '51', '114', NULL, '96', '2', '2017-08-15 22:01:16', '2017-08-15 22:01:16', '9a50341a-218a-4a64-bfd3-c44813fd1776'),
 ('196', '52', '114', NULL, '90', '1', '2017-08-15 22:01:16', '2017-08-15 22:01:16', '287c6204-5b89-4793-bc6c-b8f855f698b8'),
 ('200', '37', '117', NULL, '116', '1', '2017-08-15 23:09:02', '2017-08-15 23:09:02', 'f3da1b9f-3d8f-41bf-b323-79365bce3b55'),
 ('201', '51', '117', NULL, '90', '1', '2017-08-15 23:09:02', '2017-08-15 23:09:02', 'aa1d7e94-3255-4a2e-8c73-593264a2ac26'),
 ('202', '52', '117', NULL, '96', '1', '2017-08-15 23:09:02', '2017-08-15 23:09:02', 'be0c71c8-e9c1-4bfd-b836-5a7c9391246b'),
 ('218', '34', '110', NULL, '104', '1', '2017-08-16 00:14:39', '2017-08-16 00:14:39', 'ffa684d9-eed2-4e02-998a-9519ea17b91e'),
 ('219', '34', '110', NULL, '105', '2', '2017-08-16 00:14:39', '2017-08-16 00:14:39', 'cbbb4401-5afc-4f3f-ae4d-48c62fe26807'),
 ('220', '34', '110', NULL, '118', '3', '2017-08-16 00:14:39', '2017-08-16 00:14:39', 'bb575f35-0f36-4adc-bcb7-723e5709d88c'),
 ('221', '56', '110', NULL, '88', '1', '2017-08-16 00:14:39', '2017-08-16 00:14:39', 'a7083d08-3109-45f7-93c7-263a350e293b'),
 ('222', '57', '110', NULL, '115', '1', '2017-08-16 00:14:39', '2017-08-16 00:14:39', 'cc6c7919-ec8b-475f-9969-9bdf0da30505');



DROP TABLE IF EXISTS `craft_routes`;


--
-- Schema for table `craft_routes`
--
CREATE TABLE `craft_routes` (
  `id` int(11) NOT NULL AUTO_INCREMENT,
  `locale` char(12) COLLATE utf8_unicode_ci DEFAULT NULL,
  `urlParts` varchar(255) COLLATE utf8_unicode_ci NOT NULL,
  `urlPattern` varchar(255) COLLATE utf8_unicode_ci NOT NULL,
  `template` varchar(255) COLLATE utf8_unicode_ci NOT NULL,
  `sortOrder` smallint(6) unsigned DEFAULT NULL,
  `dateCreated` datetime NOT NULL,
  `dateUpdated` datetime NOT NULL,
  `uid` char(36) COLLATE utf8_unicode_ci NOT NULL DEFAULT '0',
  PRIMARY KEY (`id`),
  KEY `craft_routes_locale_idx` (`locale`),
  KEY `craft_routes_urlPattern_idx` (`urlPattern`)
) ENGINE=InnoDB AUTO_INCREMENT=3 DEFAULT CHARSET=utf8 COLLATE=utf8_unicode_ci;

--
-- Data for table `craft_routes`
--

INSERT INTO `craft_routes` (`id`, `locale`, `urlParts`, `urlPattern`, `template`, `sortOrder`, `dateCreated`, `dateUpdated`, `uid`) VALUES
 ('2', NULL, '[\"search\\/results\"]', 'search\\/results', 'search/_results', '1', '2017-08-09 22:25:56', '2017-08-09 22:25:56', '8dd1f50a-9343-469b-a2ad-d85b5abbfe81');



DROP TABLE IF EXISTS `craft_searchindex`;


--
-- Schema for table `craft_searchindex`
--
CREATE TABLE `craft_searchindex` (
  `elementId` int(11) NOT NULL,
  `attribute` varchar(25) COLLATE utf8_unicode_ci NOT NULL,
  `fieldId` int(11) NOT NULL,
  `locale` char(12) COLLATE utf8_unicode_ci NOT NULL,
  `keywords` text COLLATE utf8_unicode_ci NOT NULL,
  PRIMARY KEY (`elementId`,`attribute`,`fieldId`,`locale`),
  FULLTEXT KEY `craft_searchindex_keywords_idx` (`keywords`)
) ENGINE=MyISAM DEFAULT CHARSET=utf8 COLLATE=utf8_unicode_ci;

--
-- Data for table `craft_searchindex`
--

INSERT INTO `craft_searchindex` (`elementId`, `attribute`, `fieldId`, `locale`, `keywords`) VALUES
 ('5', 'filename', '0', 'en_us', ' test cv pdf '),
 ('5', 'extension', '0', 'en_us', ' pdf '),
 ('5', 'kind', '0', 'en_us', ' pdf '),
 ('5', 'slug', '0', 'en_us', ' test cv '),
 ('5', 'title', '0', 'en_us', ' test cv '),
 ('2', 'slug', '0', 'en_us', ' homepage '),
 ('2', 'title', '0', 'en_us', ' home '),
 ('2', 'field', '1', 'en_us', ' the water institute of the gulf connects academic public and private research providers and conducts applied research to serve communities and industry the institute s work helps ensure livable communities and a thriving economy and environment '),
 ('123', 'field', '45', 'en_us', ' 02 '),
 ('123', 'field', '46', 'en_us', ' real time sensor data collection and monitoring design '),
 ('123', 'field', '47', 'en_us', ' we have a number of sensors and data collection platforms that we deploy for long periods of time in order to gather data for parameters such as flow characteristics suspended sediment water quality and meteorology we also design monitoring approaches to obtain repeated long term measurements that can be analyzed to detect change that may result from a variety of sources including large scale restoration and protection projects environmental disturbances changing climate and other major drivers '),
 ('123', 'slug', '0', 'en_us', ''),
 ('124', 'field', '45', 'en_us', ' 03 '),
 ('124', 'field', '46', 'en_us', ' integrated natural system modeling '),
 ('124', 'field', '47', 'en_us', ' we develop and apply world class integrated hydrologic morphodynamic and ecosystem numerical tools to understand short and long term dynamics of complex riverine coastal and deltaic systems these predictive numerical models support and inform decision makers on how to manage and sustain valuable natural resources and infrastructure our team uses a wide range of numerical models and is continually seeking and identifying the best available tools in the research and practitioner communities examples of modeling software that we currently utilize include delft3d mike flood openfoam and flow3d we led the development of the integrated compartment model icm a comprehensive predictive landscape and ecosystem model that supports large scale coastal planning efforts in april 2015 we earned a delft3d modeling center certification the first north america based organization to receive such a credential '),
 ('1', 'username', '0', 'en_us', ' mollie emergentmethod com '),
 ('1', 'firstname', '0', 'en_us', ''),
 ('1', 'lastname', '0', 'en_us', ''),
 ('1', 'fullname', '0', 'en_us', ''),
 ('1', 'email', '0', 'en_us', ' mollie emergentmethod com '),
 ('1', 'slug', '0', 'en_us', ''),
 ('2', 'field', '10', 'en_us', ' applied research technical support '),
 ('9', 'field', '1', 'en_us', ' details about this focus area '),
 ('9', 'slug', '0', 'en_us', ' integrated watershed management '),
 ('9', 'title', '0', 'en_us', ' integrated watershed management '),
 ('70', 'extension', '0', 'en_us', ' jpg '),
 ('70', 'kind', '0', 'en_us', ' image '),
 ('70', 'filename', '0', 'en_us', ' denise reed final web jpg '),
 ('69', 'title', '0', 'en_us', ' jennifer butler final 2 web '),
 ('69', 'kind', '0', 'en_us', ' image '),
 ('69', 'slug', '0', 'en_us', ' jennifer butler final 2 web '),
 ('69', 'extension', '0', 'en_us', ' jpg '),
 ('69', 'filename', '0', 'en_us', ' jennifer butler final 2 web jpg '),
 ('68', 'title', '0', 'en_us', ' ehab meselhe photo ii final web '),
 ('68', 'slug', '0', 'en_us', ' ehab meselhe photo ii final web '),
 ('68', 'extension', '0', 'en_us', ' jpg '),
 ('68', 'kind', '0', 'en_us', ' image '),
 ('121', 'field', '44', 'en_us', ' we undertake a wide range of boat based and fixed station observations and field investigations of riverine deltaic coastal and continental shelf environments using a variety of sampling techniques and investigative tools our team performs river channel and coastal surveys of bathymetry hydrodynamics and sediment dynamics as well as sampling a range of submerged and emergent biotic communities and ecosystem processes the institute also conducts sub bottom acoustic surveys performs geological measurements characterizes wetland vegetation and soil through the collections of data in complex and rugged coastlines pizza field investigations 01 we have a number of sensors and data collection platforms that we deploy for long periods of time in order to gather data for parameters such as flow characteristics suspended sediment water quality and meteorology we also design monitoring approaches to obtain repeated long term measurements that can be analyzed to detect change that may result from a variety of sources including large scale restoration and protection projects environmental disturbances changing climate and other major drivers real time sensor data collection and monitoring design 02 we develop and apply world class integrated hydrologic morphodynamic and ecosystem numerical tools to understand short and long term dynamics of complex riverine coastal and deltaic systems these predictive numerical models support and inform decision makers on how to manage and sustain valuable natural resources and infrastructure our team uses a wide range of numerical models and is continually seeking and identifying the best available tools in the research and practitioner communities examples of modeling software that we currently utilize include delft3d mike flood openfoam and flow3d we led the development of the integrated compartment model icm a comprehensive predictive landscape and ecosystem model that supports large scale coastal planning efforts in april 2015 we earned a delft3d modeling center certification the first north america based organization to receive such a credential integrated natural system modeling 03 we develop and apply integrated decision support systems linking sensors predictions and analytics in a real time framework that can support coastal planning preparedness operations and emergency response at local and regional scales our goal is to make links between data models and end users more seamless in order to provide high quality information to support effective and transparent decision making analytics and integrated decision support 04 we use geospatial analytics and data visualization to better understand patterns of change and the relationship of the natural system to society this includes analysis of u s census and american community survey data reconstruction of historic ecosystem change and investigation of potential future system response to planned restoration and protection measures we combine site scale data on biotic communities with coastwide data sets to assess change in ecosystem function over time spatial analysis of socioeconomic and ecosystem change 05 in addition to our applied research program the institute is often called upon to connect academic public and private research providers from around the world to find and evaluate solutions to coastal protection and restoration challenges our decision support efforts inform a range of implementation and policy decisions from large scale ecosystem restoration to natural coastal infrastructure to water systems management decision support 06 independent review by subject matter experts not directly involved in projects is essential to ensure technical information used in decision making is sound evidence based and meets the state of the practice because of our experience and relationships we conduct peer reviews either by using our experts within the institute or by tapping into our network of experts across the country and the world independent technical expert review 07 members of our technical team are called upon to provide expert opinion and advice as others work through complex coastal deltaic and water resource related challenges this includes serving in an advisory role on large scale restoration planning efforts and providing consulting support to others as they undertake new projects or initiatives the water institute s invaluable applied research knowledge and experience gained in coastal louisiana are already being extended globally with engagements in chile egypt the netherlands pacific island countries and the mekong delta in vietnam we also welcome the opportunity to apply our expertise and to partner with mission driven organizations who share our passion for advancing resilient coasts and sustainable water systems worldwide expert opinion and advice 08 '),
 ('122', 'field', '45', 'en_us', ' 01 '),
 ('122', 'field', '46', 'en_us', ' field investigations '),
 ('122', 'field', '47', 'en_us', ' we undertake a wide range of boat based and fixed station observations and field investigations of riverine deltaic coastal and continental shelf environments using a variety of sampling techniques and investigative tools our team performs river channel and coastal surveys of bathymetry hydrodynamics and sediment dynamics as well as sampling a range of submerged and emergent biotic communities and ecosystem processes the institute also conducts sub bottom acoustic surveys performs geological measurements characterizes wetland vegetation and soil through the collections of data in complex and rugged coastlines pizza '),
 ('122', 'slug', '0', 'en_us', ''),
 ('68', 'filename', '0', 'en_us', ' ehab meselhe photoii final web jpg '),
 ('67', 'title', '0', 'en_us', ' cyndhia ramatchchanderine final '),
 ('21', 'filename', '0', 'en_us', ' denise reed cv pdf '),
 ('21', 'extension', '0', 'en_us', ' pdf '),
 ('21', 'kind', '0', 'en_us', ' pdf '),
 ('21', 'slug', '0', 'en_us', ' reed cv january 2017 '),
 ('21', 'title', '0', 'en_us', ' denise reed cv '),
 ('117', 'title', '0', 'en_us', ' particle tracking to examine sediment dynamics in a mississippi river delta diversion '),
 ('118', 'field', '1', 'en_us', ' publications the water institute produces a range of scientific publications in this way we contribute to the state of the science communicating cutting edge ideas to a broad technical audience '),
 ('118', 'slug', '0', 'en_us', ' our publications '),
 ('118', 'title', '0', 'en_us', ' our publications '),
 ('114', 'field', '38', 'en_us', ' 1 test cyndhia ramatchandirane 0 mead allison '),
 ('119', 'field', '39', 'en_us', ' cyndhia ramatchandirane '),
 ('119', 'field', '40', 'en_us', ' primary author '),
 ('119', 'slug', '0', 'en_us', ''),
 ('119', 'field', '41', 'en_us', ' 1 '),
 ('120', 'field', '39', 'en_us', ' mead allison '),
 ('120', 'field', '41', 'en_us', ' 0 '),
 ('120', 'slug', '0', 'en_us', ''),
 ('119', 'field', '42', 'en_us', ' test '),
 ('120', 'field', '42', 'en_us', ''),
 ('119', 'field', '43', 'en_us', ' test '),
 ('120', 'field', '43', 'en_us', ''),
 ('121', 'slug', '0', 'en_us', ' capabilities '),
 ('121', 'title', '0', 'en_us', ' capabilities '),
 ('121', 'field', '1', 'en_us', ' using an integrated approach the water institute of the gulf provides a suite of capabilities from large scale plans and decision support tools to targeted research and technical reviews collaboration across disciplines allows the institute to provide a more holistic approach to problem solving incorporating large and small scale integrated physical ecological modeling sediment and geomorphological processes coastal ecological systems understanding and community based analysis whether in the field collecting information in the lab analyzing results or through the world class numerical modeling the institute s strength comes not only from the world class researchers but from the integrated way we approach applied research and problem solving in addition to the work the institute has done on bathemetry sediment transport and hydrology in support of louisiana s sediment diversion plans the institute has also been involved in evaluating waterflow needs for ecosystem stability and real time flood forecasting tools that take local river and floodways into account the institute s strength comes not only from the world class researchers but from the integrated way we approach applied research and problem solving '),
 ('117', 'slug', '0', 'en_us', ' particle tracking to examine sediment dynamics in a mississippi river delta diversion '),
 ('23', 'filename', '0', 'en_us', ' ramatchandirane cyndhia cv pdf '),
 ('23', 'extension', '0', 'en_us', ' pdf '),
 ('23', 'kind', '0', 'en_us', ' pdf '),
 ('23', 'slug', '0', 'en_us', ' ramatchandirane cyndhia cv '),
 ('23', 'title', '0', 'en_us', ' cyndhia ramatchandirane cv '),
 ('24', 'filename', '0', 'en_us', ' ehab meselhe_cv pdf '),
 ('24', 'extension', '0', 'en_us', ' pdf '),
 ('24', 'kind', '0', 'en_us', ' pdf '),
 ('24', 'slug', '0', 'en_us', ' ehab meselhe cv '),
 ('24', 'title', '0', 'en_us', ' ehab meselhe cv '),
 ('67', 'kind', '0', 'en_us', ' image '),
 ('67', 'slug', '0', 'en_us', ' cyndhia ramatchchanderine final '),
 ('67', 'extension', '0', 'en_us', ' jpg '),
 ('67', 'filename', '0', 'en_us', ' cyndhia ramatchchanderinefinal jpg '),
 ('117', 'field', '28', 'en_us', ' mead allison '),
 ('117', 'field', '37', 'en_us', ' allison west bay '),
 ('114', 'field', '23', 'en_us', ' 2 years '),
 ('114', 'field', '35', 'en_us', ' changing restoration costs methodology september 2016 changing restoration costs summary findings september 2016 changing restoration costs summary presentation september 2016 '),
 ('114', 'field', '28', 'en_us', ' mead allison '),
 ('114', 'slug', '0', 'en_us', ' future costs of marsh creation projects in coastal louisiana '),
 ('114', 'title', '0', 'en_us', ' future costs of marsh creation projects in coastal louisiana '),
 ('115', 'field', '1', 'en_us', ' reports spanning an array of subjects and formats the water institute of the gulf s reports provide an in depth look at the work we do please refer to our projects to learn more about individual projects '),
 ('115', 'slug', '0', 'en_us', ' reports '),
 ('115', 'title', '0', 'en_us', ' reports '),
 ('116', 'filename', '0', 'en_us', ' allisonetalwestbay20171 pdf '),
 ('116', 'extension', '0', 'en_us', ' pdf '),
 ('116', 'kind', '0', 'en_us', ' pdf '),
 ('116', 'slug', '0', 'en_us', ' allisonetal west bay20171 '),
 ('116', 'title', '0', 'en_us', ' allison west bay '),
 ('117', 'field', '36', 'en_us', ' estuarine coastal and shelf science '),
 ('117', 'field', '25', 'en_us', ' in this article observational and numerical particle tracking to examine sediment dynamics in a mississippi river delta diversion the authors use observational and numerical particle tracking to investigate the behavior of riverine sand and silt as it enters and passes through the west bay diversion receiving basin located on the lowermost mississippi river delta usa river diversions may serve as useful restoration tools along coastal deltas experiencing land loss due to high rates of relative sea level rise and the disruption of natural sediment supply diversions mitigate land loss by serving as new sediment sources for land building areas in basins proximal to river channels however because of the paucity of active diversions little is known about how diversion receiving basins evacuate or retain the sediment required to build new land ');
INSERT INTO `craft_searchindex` (`elementId`, `attribute`, `fieldId`, `locale`, `keywords`) VALUES
 ('2', 'field', '15', 'en_us', ' dedicated to the future of our coast '),
 ('2', 'field', '16', 'en_us', ' we all know the statistics and the battle we face seas are rising land is subsiding and coastal communities and business and industry are at risk bold action here in louisiana and elsewhere is needed and those decisions must be based on independent sound science in order to be successful many diverse groups will have to come together '),
 ('2', 'field', '17', 'en_us', ' kevin reilly jr '),
 ('2', 'field', '18', 'en_us', ' img signature '),
 ('2', 'field', '19', 'en_us', ' img chile '),
 ('86', 'title', '0', 'en_us', ' img signature '),
 ('86', 'slug', '0', 'en_us', ' img signature '),
 ('86', 'extension', '0', 'en_us', ' png '),
 ('86', 'kind', '0', 'en_us', ' image '),
 ('86', 'filename', '0', 'en_us', ' img signature png '),
 ('85', 'title', '0', 'en_us', ' img chile '),
 ('85', 'kind', '0', 'en_us', ' image '),
 ('85', 'slug', '0', 'en_us', ' img chile '),
 ('85', 'extension', '0', 'en_us', ' jpg '),
 ('85', 'filename', '0', 'en_us', ' img chile jpg '),
 ('84', 'title', '0', 'en_us', ' ramatchandirane cyndhia cv '),
 ('84', 'slug', '0', 'en_us', ' ramatchandirane cyndhia cv '),
 ('84', 'kind', '0', 'en_us', ' pdf '),
 ('84', 'extension', '0', 'en_us', ' pdf '),
 ('84', 'filename', '0', 'en_us', ' ramatchandirane cyndhia cv pdf '),
 ('83', 'title', '0', 'en_us', ' test cv '),
 ('83', 'kind', '0', 'en_us', ' pdf '),
 ('83', 'slug', '0', 'en_us', ' test cv '),
 ('83', 'extension', '0', 'en_us', ' pdf '),
 ('83', 'filename', '0', 'en_us', ' test cv pdf '),
 ('82', 'title', '0', 'en_us', ' ehab meselhe cv '),
 ('82', 'slug', '0', 'en_us', ' ehab meselhe cv '),
 ('82', 'kind', '0', 'en_us', ' pdf '),
 ('82', 'extension', '0', 'en_us', ' pdf '),
 ('82', 'filename', '0', 'en_us', ' ehab meselhe_cv pdf '),
 ('81', 'title', '0', 'en_us', ' denise reed cv '),
 ('81', 'kind', '0', 'en_us', ' pdf '),
 ('81', 'slug', '0', 'en_us', ' denise reed cv '),
 ('81', 'extension', '0', 'en_us', ' pdf '),
 ('81', 'filename', '0', 'en_us', ' denise reed cv pdf '),
 ('80', 'title', '0', 'en_us', ' mead allison final '),
 ('80', 'slug', '0', 'en_us', ' mead allison final '),
 ('80', 'kind', '0', 'en_us', ' image '),
 ('80', 'extension', '0', 'en_us', ' jpg '),
 ('80', 'filename', '0', 'en_us', ' mead allison final jpg '),
 ('79', 'title', '0', 'en_us', ' justin photo '),
 ('79', 'slug', '0', 'en_us', ' justin photo '),
 ('79', 'kind', '0', 'en_us', ' image '),
 ('79', 'extension', '0', 'en_us', ' jpg '),
 ('79', 'filename', '0', 'en_us', ' justin photo jpg '),
 ('78', 'title', '0', 'en_us', ' ehab meselhe photo ii final web '),
 ('78', 'slug', '0', 'en_us', ' ehab meselhe photo ii final web '),
 ('78', 'kind', '0', 'en_us', ' image '),
 ('78', 'extension', '0', 'en_us', ' jpg '),
 ('78', 'filename', '0', 'en_us', ' ehab meselhe photoii final web jpg '),
 ('77', 'title', '0', 'en_us', ' jennifer butler final 2 web '),
 ('77', 'slug', '0', 'en_us', ' jennifer butler final 2 web '),
 ('77', 'extension', '0', 'en_us', ' jpg '),
 ('77', 'kind', '0', 'en_us', ' image '),
 ('77', 'filename', '0', 'en_us', ' jennifer butler final 2 web jpg '),
 ('76', 'title', '0', 'en_us', ' denise reed final web '),
 ('76', 'slug', '0', 'en_us', ' denise reed final web '),
 ('76', 'kind', '0', 'en_us', ' image '),
 ('76', 'extension', '0', 'en_us', ' jpg '),
 ('76', 'filename', '0', 'en_us', ' denise reed final web jpg '),
 ('75', 'title', '0', 'en_us', ' cyndhia ramatchchanderine final '),
 ('75', 'slug', '0', 'en_us', ' cyndhia ramatchchanderine final '),
 ('75', 'kind', '0', 'en_us', ' image '),
 ('75', 'extension', '0', 'en_us', ' jpg '),
 ('75', 'filename', '0', 'en_us', ' cyndhia ramatchchanderinefinal jpg '),
 ('2', 'field', '20', 'en_us', ' officials from the institute and braf visit a site in laraquette chile with a ph d student working on a thesis to maximize production and determine best methods for mussel aquaculture '),
 ('114', 'field', '25', 'en_us', ' this study looks at how costs of marsh creation can change over time and some of the factors that influence those changes done for the coast builders coalition and the restore the mississippi river delta coalition the study looked at seven sites and considered multiple possible scenarios for sea level rise inflation rates and two different criteria for fill depth using this information the report examines how cost savings could be achieved and how either borrowing money or investing it could alter the timing of restoration and construction costs '),
 ('105', 'slug', '0', 'en_us', ' projects '),
 ('105', 'title', '0', 'en_us', ' projects '),
 ('107', 'slug', '0', 'en_us', ' community resilience '),
 ('107', 'title', '0', 'en_us', ' community resilience '),
 ('108', 'field', '1', 'en_us', ' details about this focus area '),
 ('108', 'slug', '0', 'en_us', ' coastal deltaic dynamics '),
 ('108', 'title', '0', 'en_us', ' coastal deltaic dynamics '),
 ('109', 'field', '1', 'en_us', ' details about this focus area '),
 ('109', 'slug', '0', 'en_us', ' coastal adaptation '),
 ('109', 'title', '0', 'en_us', ' coastal adaptation '),
 ('110', 'field', '34', 'en_us', ' focus areas projects our publications '),
 ('110', 'field', '33', 'en_us', ' because life happens at the water s edge '),
 ('110', 'slug', '0', 'en_us', ''),
 ('111', 'filename', '0', 'en_us', ' changing restoration costs_methodology_september 2016 pdf '),
 ('111', 'extension', '0', 'en_us', ' pdf '),
 ('111', 'kind', '0', 'en_us', ' pdf '),
 ('111', 'slug', '0', 'en_us', ' changing restoration costs methodology september 2016 '),
 ('111', 'title', '0', 'en_us', ' changing restoration costs methodology september 2016 '),
 ('112', 'filename', '0', 'en_us', ' changing restoration costs_summaryfindings_september 2016 pdf '),
 ('112', 'extension', '0', 'en_us', ' pdf '),
 ('112', 'kind', '0', 'en_us', ' pdf '),
 ('112', 'slug', '0', 'en_us', ' changing restoration costs summary findings september 2016 '),
 ('112', 'title', '0', 'en_us', ' changing restoration costs summary findings september 2016 '),
 ('113', 'filename', '0', 'en_us', ' changing restoration costs_summarypresentation_september 2016 pdf '),
 ('113', 'extension', '0', 'en_us', ' pdf '),
 ('113', 'kind', '0', 'en_us', ' pdf '),
 ('113', 'slug', '0', 'en_us', ' changing restoration costs summary presentation september 2016 '),
 ('113', 'title', '0', 'en_us', ' changing restoration costs summary presentation september 2016 '),
 ('114', 'field', '22', 'en_us', ' coast builders coalition '),
 ('105', 'field', '1', 'en_us', ' our projects the section offers access to details about the wide ranging work that has been completed or is being undertaken by the water institute of the gulf by design many of our projects are multidisciplinary and multifaceted thus when using the search function below you may notice individual projects appearing under multiple search criteria '),
 ('104', 'slug', '0', 'en_us', ' focus areas '),
 ('104', 'title', '0', 'en_us', ' focus areas '),
 ('103', 'slug', '0', 'en_us', ' denise reed ');
INSERT INTO `craft_searchindex` (`elementId`, `attribute`, `fieldId`, `locale`, `keywords`) VALUES
 ('103', 'title', '0', 'en_us', ' denise reed '),
 ('102', 'title', '0', 'en_us', ' technical team '),
 ('101', 'title', '0', 'en_us', ' focus areas '),
 ('102', 'slug', '0', 'en_us', ' technical team '),
 ('101', 'slug', '0', 'en_us', ' focus areas '),
 ('72', 'filename', '0', 'en_us', ' mead allison final jpg '),
 ('72', 'extension', '0', 'en_us', ' jpg '),
 ('72', 'kind', '0', 'en_us', ' image '),
 ('72', 'slug', '0', 'en_us', ' mead allison final '),
 ('72', 'title', '0', 'en_us', ' mead allison final '),
 ('70', 'slug', '0', 'en_us', ' denise reed final web '),
 ('70', 'title', '0', 'en_us', ' denise reed final web '),
 ('71', 'filename', '0', 'en_us', ' justin photo jpg '),
 ('71', 'extension', '0', 'en_us', ' jpg '),
 ('71', 'kind', '0', 'en_us', ' image '),
 ('71', 'slug', '0', 'en_us', ' justin photo '),
 ('71', 'title', '0', 'en_us', ' justin photo '),
 ('2', 'field', '21', 'en_us', ' chair of the board '),
 ('87', 'slug', '0', 'en_us', ' cyndhia ramatchandirane '),
 ('87', 'title', '0', 'en_us', ' cyndhia ramatchandirane '),
 ('88', 'slug', '0', 'en_us', ' technical team '),
 ('88', 'title', '0', 'en_us', ' technical team '),
 ('87', 'field', '1', 'en_us', ' cyndhia ramatchandirane is a scientist associate with the water institute she has four years of experience studying and conducting fieldwork across coastal louisiana generally examining fluvial sediment delivery in tidal marsh systems her research interests include coastal restoration and water resources science and management as well as sediment and freshwater exchange between deltas and coastal basins and margins in addition to science she has broad interest in effective environmental science communication and education while at the water institute ramatchandirane has participated in many field data collection activities with the physical processes and sediment dynamics group led by director mead allison one of her main tasks was to collect and post process data for the calcasieu ship channel salinity control structure project currently she is most heavily involved with the data collection and processing for the basin wide modeling of the delta management project prior to joining the institute ramatchandirane researched chenier plain wetland development with an emphasis on sediment exchange along the southwest louisiana coastal zone her undergraduate studies and research experiences were also focused on coastal processes and wetland science she received her bachelor s degree in geosciences from wellesley college and obtained her master s degree in earth and environmental sciences from tulane university '),
 ('88', 'field', '1', 'en_us', ' our technical team the water institute of the gulf is distinguished by its staff of acknowledged leaders with proven expertise for a list of areas of expertise for each staff member click here '),
 ('87', 'field', '4', 'en_us', ' cyndhia ramatchandirane cv '),
 ('87', 'field', '5', 'en_us', ' cyndia ramatchandirane thewaterinstitute org '),
 ('87', 'field', '13', 'en_us', ' cyndhia '),
 ('87', 'field', '14', 'en_us', ' ramatchandirane '),
 ('87', 'field', '6', 'en_us', ' 225 448 2813 '),
 ('87', 'field', '7', 'en_us', ' scientist associate '),
 ('87', 'field', '8', 'en_us', ''),
 ('89', 'field', '13', 'en_us', ' denise '),
 ('89', 'field', '14', 'en_us', ' reed '),
 ('89', 'field', '12', 'en_us', ' denise reed final web '),
 ('89', 'field', '4', 'en_us', ''),
 ('89', 'field', '5', 'en_us', ' denise reed thewaterinstitute org '),
 ('89', 'field', '6', 'en_us', ' 225 448 2813 '),
 ('89', 'field', '7', 'en_us', ' vice president for strategic research initiatives '),
 ('89', 'field', '8', 'en_us', ' vegetation and climate change '),
 ('89', 'slug', '0', 'en_us', ' denise reed '),
 ('89', 'title', '0', 'en_us', ' denise reed '),
 ('90', 'field', '13', 'en_us', ' mead '),
 ('90', 'field', '14', 'en_us', ' allison '),
 ('90', 'field', '12', 'en_us', ' mead allison final '),
 ('90', 'field', '4', 'en_us', ''),
 ('90', 'field', '5', 'en_us', ' mead allison thewaterinstitute org '),
 ('90', 'field', '6', 'en_us', ' 225 448 2813 '),
 ('90', 'field', '7', 'en_us', ' director of physical processes sediment systems '),
 ('90', 'field', '8', 'en_us', ' understanding change in fisheries sediment availability and management '),
 ('90', 'slug', '0', 'en_us', ' mead allison '),
 ('90', 'title', '0', 'en_us', ' mead allison '),
 ('89', 'field', '1', 'en_us', ' denise reed ph d is a nationally and internationally recognized expert in coastal marsh sustainability and the role of human activities in modifying coastal systems she has studied coastal issues in the united states and around the world for more than 30 years dr reed has worked closely with louisiana s state government in developing coastal restoration plans including the 2012 and 2017 coastal master plans her experience includes field research on the response of coastal wetlands to sea level rise ecosystem restoration and planning in the california bay delta and advisory roles involving many federal water resource planning issues including post sandy work in the northeast and restoration planning in puget sound she has served on numerous boards and panels addressing the effects of human alterations on coastal environments and the role of science in guiding restoration including a number of national research council now the national academies for science engineering and medicine committees prior to joining the water institute of the gulf dr reed served as a university research professor in the university of new orleans department of earth and environmental sciences she currently serves on the noaa science advisory board and is a member of the committee on independent scientific review of everglades restoration progress she earned a bachelor s and doctoral degree in geography from the university of cambridge '),
 ('89', 'field', '2', 'en_us', ''),
 ('90', 'field', '1', 'en_us', ' an expert on river deltaic and coastal sedimentary processes mead allison ph d has researched river delta systems for nearly 25 years he is one of the foremost experts on the mississippi river s sediment transport processes prior to joining the water institute of the gulf he served the university of texas as associate director and senior research scientist at the jackson school of geosciences institute for geophysics dr allison has held faculty positions at tulane university s department of earth and environmental sciences and at texas am university s department of oceanography he earned a bachelor s degree in geology from the college of william mary a master s in geology from east carolina university and a doctorate in oceanography from state university of new york stony brook he studied at the university of paris as a j william fulbright fellow and was a post doctoral scholar at woods hole oceanographic institution since joining the institute in early 2013 dr allison and his group physical processes and sediment systems have undertaken a series of observational in support of coastal restoration efforts for the state of louisiana these include process studies of the calcasieu ship channel the west bay diversion the mississippi river channel and barataria basin and breton sound the basin studies are in support of research to examine the effects of large proposed river diversions dr allison s group has also initiated studies of the mekong river channel in vietnam funded by the office of naval research and the sediment budget of the middle mississippi river reach funded by the u s army corps of engineers in addition to his responsibilities at the institute dr allison is professor of earth environmental sciences at tulane university in new orleans '),
 ('90', 'field', '2', 'en_us', ''),
 ('87', 'field', '12', 'en_us', ' cyndhia ramatchchanderine final '),
 ('87', 'field', '2', 'en_us', ''),
 ('91', 'field', '30', 'en_us', ' understanding change in fisheries '),
 ('91', 'field', '22', 'en_us', ' client name '),
 ('91', 'field', '29', 'en_us', ' img feature project '),
 ('91', 'field', '23', 'en_us', ' 2 years '),
 ('91', 'field', '24', 'en_us', ' this project examines historical change as well as current natural variation in the abundance and distribution of native resident and estuarine dependent fisheries species the aim is to better understand fisheries resilience to short or long term perturbations in coastal conditions existing data on fisheries response to diversions is being studied to ensure this research embraces a broad range of conditions and or project effects this project is geared toward providing reasonable expectations of the future dynamics of key species '),
 ('91', 'field', '26', 'en_us', ' lorem ipsum dolor sit amet consectetur adipiscing elit sed do eiusmod tempor incididunt ut labore et dolore magna aliqua ut enim ad minim veniam quis nostrud exercitation ullamco laboris nisi ut aliquip ex ea commodo consequat duis aute irure dolor in reprehenderit in voluptate velit esse cillum dolore eu fugiat nulla pariatur excepteur sint occaecat cupidatat non proident sunt in culpa qui officia deserunt mollit anim id est laborum '),
 ('91', 'field', '27', 'en_us', ' ut ut massa sit amet eros auctor sagittis sed ac odio sed at dui rutrum sodales nibh eget euismod risus curabitur libero nunc porta ac felis a feugiat feugiat sapien cras ac aliquet augue vestibulum ultrices mi ut convallis egestas maecenas malesuada nisi ac dui consectetur vulputate phasellus vel risus lorem donec tristique tortor nisl et interdum ante sodales vitae aenean egestas imperdiet pretium nunc lorem ex vehicula ac rutrum id molestie sit amet sem quisque eget pretium augue sed sit amet porttitor ligula ut at congue nisl sed sagittis risus fusce feugiat dui nec imperdiet ornare est felis ullamcorper nulla non aliquet ante nunc sit amet urna curabitur consectetur efficitur ante et mattis in hac habitasse platea dictumst duis non accumsan felis proin ultricies orci sapien vel iaculis quam ultricies non donec molestie nulla sit amet pulvinar cursus massa lectus euismod nisi at pulvinar sapien mi non quam integer tristique eleifend ligula fringilla iaculis ipsum iaculis tristique fusce bibendum enim lacus aliquam leo ligula ullamcorper quis magna id fermentum imperdiet lacus ut ut lectus placerat vestibulum neque in volutpat leo aliquam ac dolor vitae tellus consequat imperdiet vivamus semper consectetur rutrum pellentesque habitant morbi tristique senectus et netus et malesuada fames ac turpis egestas praesent sed pharetra purus et iaculis augue etiam ultrices egestas varius '),
 ('91', 'field', '28', 'en_us', ''),
 ('91', 'slug', '0', 'en_us', ' understanding change in fisheries '),
 ('91', 'title', '0', 'en_us', ' understanding change in fisheries '),
 ('92', 'filename', '0', 'en_us', ' img feature project jpg '),
 ('92', 'extension', '0', 'en_us', ' jpg '),
 ('92', 'kind', '0', 'en_us', ' image '),
 ('92', 'slug', '0', 'en_us', ' img feature project '),
 ('92', 'title', '0', 'en_us', ' img feature project '),
 ('89', 'field', '31', 'en_us', ' integrated water resources managementcoastal policy planning climate change science communication '),
 ('96', 'field', '32', 'en_us', ' vegetation and climate change '),
 ('90', 'field', '31', 'en_us', ' sediment availability managementsubsidence water soil quality '),
 ('107', 'field', '1', 'en_us', ' details about this focus area '),
 ('87', 'field', '32', 'en_us', ''),
 ('87', 'field', '31', 'en_us', ''),
 ('90', 'field', '32', 'en_us', ''),
 ('106', 'field', '1', 'en_us', ' details about this focus area '),
 ('106', 'slug', '0', 'en_us', ' natural systems modeling '),
 ('106', 'title', '0', 'en_us', ' natural systems modeling '),
 ('94', 'filename', '0', 'en_us', ' img feature project 2 jpg '),
 ('94', 'extension', '0', 'en_us', ' jpg '),
 ('94', 'kind', '0', 'en_us', ' image '),
 ('94', 'slug', '0', 'en_us', ' img feature project 2 '),
 ('94', 'title', '0', 'en_us', ' img feature project 2 '),
 ('95', 'field', '30', 'en_us', ' sediment availability and management '),
 ('95', 'field', '22', 'en_us', ' client name '),
 ('95', 'field', '29', 'en_us', ' img feature project 2 '),
 ('95', 'field', '23', 'en_us', ' 2 years '),
 ('95', 'field', '24', 'en_us', ' restoration of coastal louisiana s wetlands depends on sediment availability and the effective management of all sediment resources including riverine sediment in system sediment from coastal bays and channels and offshore sand that can be used for restoring barrier islands and wetlands this project identifies sediment resources that can be used for restoration and protection without causing adverse ecological or economic consequences the research involves improving the estimation of sediment budgets and predicting how sediment naturally moves from one location to another in rivers along the barrier shoreline and in bays and wetlands '),
 ('95', 'field', '26', 'en_us', ' lorem ipsum dolor sit amet consectetur adipiscing elit sed do eiusmod tempor incididunt ut labore et dolore magna aliqua ut enim ad minim veniam quis nostrud exercitation ullamco laboris nisi ut aliquip ex ea commodo consequat duis aute irure dolor in reprehenderit in voluptate velit esse cillum dolore eu fugiat nulla pariatur excepteur sint occaecat cupidatat non proident sunt in culpa qui officia deserunt mollit anim id est laborum '),
 ('95', 'field', '27', 'en_us', ' ut ut massa sit amet eros auctor sagittis sed ac odio sed at dui rutrum sodales nibh eget euismod risus curabitur libero nunc porta ac felis a feugiat feugiat sapien cras ac aliquet augue vestibulum ultrices mi ut convallis egestas maecenas malesuada nisi ac dui consectetur vulputate phasellus vel risus lorem donec tristique tortor nisl et interdum ante sodales vitae aenean egestas imperdiet pretium nunc lorem ex vehicula ac rutrum id molestie sit amet sem quisque eget pretium augue sed sit amet porttitor ligula ut at congue nisl sed sagittis risus fusce feugiat dui nec imperdiet ornare est felis ullamcorper nulla non aliquet ante nunc sit amet urna curabitur consectetur efficitur ante et mattis in hac habitasse platea dictumst duis non accumsan felis proin ultricies orci sapien vel iaculis quam ultricies non donec molestie nulla sit amet pulvinar cursus massa lectus euismod nisi at pulvinar sapien mi non quam integer tristique eleifend ligula fringilla iaculis ipsum iaculis tristique fusce bibendum enim lacus aliquam leo ligula ullamcorper quis magna id fermentum imperdiet lacus ut ut lectus placerat vestibulum neque in volutpat leo aliquam ac dolor vitae tellus consequat imperdiet vivamus semper consectetur rutrum pellentesque habitant morbi tristique senectus et netus et malesuada fames ac turpis egestas praesent sed pharetra purus et iaculis augue etiam ultrices egestas varius '),
 ('95', 'slug', '0', 'en_us', ' sediment availability and management '),
 ('95', 'title', '0', 'en_us', ' sediment availability and management '),
 ('96', 'field', '13', 'en_us', ' ehab '),
 ('96', 'field', '14', 'en_us', ' meselhe '),
 ('96', 'field', '12', 'en_us', ' ehab meselhe photo ii final web '),
 ('96', 'field', '7', 'en_us', ' vice president for science and engineering ');
INSERT INTO `craft_searchindex` (`elementId`, `attribute`, `fieldId`, `locale`, `keywords`) VALUES
 ('96', 'field', '6', 'en_us', ' 225 448 2813 '),
 ('96', 'field', '5', 'en_us', ' ehab meselhe thewaterinstitute org '),
 ('96', 'field', '4', 'en_us', ''),
 ('96', 'field', '1', 'en_us', ' ehab meselhe ph d p e has more than 20 years of experience researching coastal wetland hydrology sediment transport and computer modeling of coastal wetland estuarine and riverine systems his multi layered background includes work as an educator researcher and practitioner with extensive experience working with academic institutions government agencies and the private sector he has been heavily involved in large scale coastal ecosystem restoration programs in south louisiana and the florida everglades as the institute s former director of natural systems dr meselhe served as louisiana s technical lead for the mississippi river hydrodynamic and delta management study and helped build the numerical models that provided a foundation for louisiana s 2017 coastal master plan dr meselhe is heavily involved in the numerical modeling being used by louisiana to help refine the design of sediment diversions at mid barataria and mid breton along the mississippi river prior to joining the water institute of the gulf dr meselhe directed the institute of coastal ecology and engineering at the university of louisiana lafayette where he also served as distinguished professor for the department of civil engineering during his tenure at ul lafayette he established and sustained an externally funded research program from federal and state agencies he is a registered professional engineer in the sates of iowa louisiana texas and arkansas he also served as an associate editor of the journal of hydrology elsevier and the journal of hydraulic research international association of hydraulic research '),
 ('96', 'field', '2', 'en_us', ''),
 ('96', 'field', '8', 'en_us', ' sediment availability and management '),
 ('96', 'field', '31', 'en_us', ' hydro ecological modelingsediment transporthydraulic engineering '),
 ('96', 'slug', '0', 'en_us', ' ehab meselhe '),
 ('96', 'title', '0', 'en_us', ' ehab meselhe '),
 ('97', 'field', '22', 'en_us', ' client name '),
 ('97', 'field', '30', 'en_us', ' vegetation and climate change '),
 ('97', 'field', '25', 'en_us', ' as a low lying deltaic area louisiana s coast is among the most vulnerable regions in the world to climate change this project synthesizes the current knowledge of the effects of climate change on coastal vegetation including sea level rise temperature increases and changes in rainfall patterns several specific questions are being examined through data synthesis field and laboratory research and preliminary modeling '),
 ('97', 'field', '2', 'en_us', ''),
 ('97', 'slug', '0', 'en_us', ' vegetation and climate change '),
 ('97', 'title', '0', 'en_us', ' vegetation and climate change '),
 ('97', 'field', '23', 'en_us', ' 2 years '),
 ('98', 'filename', '0', 'en_us', ' carruthers_cv_2017 pdf '),
 ('98', 'extension', '0', 'en_us', ' pdf '),
 ('98', 'kind', '0', 'en_us', ' pdf '),
 ('98', 'slug', '0', 'en_us', ' carruthers cv 2017 '),
 ('98', 'title', '0', 'en_us', ' carruthers cv 2017 '),
 ('99', 'filename', '0', 'en_us', ' tim carruthers final web jpg '),
 ('99', 'extension', '0', 'en_us', ' jpg '),
 ('99', 'kind', '0', 'en_us', ' image '),
 ('99', 'slug', '0', 'en_us', ' tim carruthers final web '),
 ('99', 'title', '0', 'en_us', ' tim carruthers final web '),
 ('100', 'field', '13', 'en_us', ' tim '),
 ('100', 'field', '14', 'en_us', ' carruthers '),
 ('100', 'field', '12', 'en_us', ' tim carruthers final web '),
 ('100', 'field', '7', 'en_us', ' director of coastal ecology '),
 ('100', 'field', '6', 'en_us', ' 225 448 2813 '),
 ('100', 'field', '5', 'en_us', ' tcarruthers thewaterinstitute org '),
 ('100', 'field', '4', 'en_us', ' carruthers cv 2017 '),
 ('100', 'field', '1', 'en_us', ' tim carruthers ph d has a strong international reputation from more than 20 years working in coastal ecology focusing on human impacts and management his work has focused on assessing and leveraging ecosystem conditions to enhance adaptation to coastal change he brings specific experience in developing ecosystem health indicators and solving problems by focusing on systems analysis before joining the water institute carruthers worked for the secretariat of the pacific regional environment programme as the coastal and marine advisor based in samoa providing marine management support to 21 pacific island countries and territories a large component of this work was developing and implementing approaches for preservation or restoration of natural ecosystems to increase resilience of vulnerable coastal communities carruthers has developed approaches to ecosystem condition assessment and global syntheses of seagrass trends and processes synthesizing knowledge for communication to broad audiences including coastal citizens policy makers and scientific colleagues has been an ongoing focus throughout his career currently carruthers is leading the coastal ecology program in projects supporting integration of physical and ecosystem models assessing and quantifying ecosystem function of submerged and emergent coastal habitats and linking ecosystem functions to community needs and uses of ecosystem services '),
 ('100', 'field', '2', 'en_us', ''),
 ('100', 'field', '8', 'en_us', ' vegetation and climate change '),
 ('100', 'field', '31', 'en_us', ' ecosystem approaches for building resiliencecoastal and seagrass ecologysynthesis and integrationscience communication '),
 ('100', 'slug', '0', 'en_us', ' tim carruthers '),
 ('100', 'title', '0', 'en_us', ' tim carruthers '),
 ('100', 'field', '32', 'en_us', ' sediment availability and management '),
 ('89', 'field', '32', 'en_us', ' understanding change in fisheries sediment availability and management '),
 ('124', 'slug', '0', 'en_us', ''),
 ('125', 'field', '45', 'en_us', ' 04 '),
 ('125', 'field', '46', 'en_us', ' analytics and integrated decision support '),
 ('125', 'field', '47', 'en_us', ' we develop and apply integrated decision support systems linking sensors predictions and analytics in a real time framework that can support coastal planning preparedness operations and emergency response at local and regional scales our goal is to make links between data models and end users more seamless in order to provide high quality information to support effective and transparent decision making '),
 ('125', 'slug', '0', 'en_us', ''),
 ('126', 'field', '45', 'en_us', ' 05 '),
 ('126', 'field', '46', 'en_us', ' spatial analysis of socioeconomic and ecosystem change '),
 ('126', 'field', '47', 'en_us', ' we use geospatial analytics and data visualization to better understand patterns of change and the relationship of the natural system to society this includes analysis of u s census and american community survey data reconstruction of historic ecosystem change and investigation of potential future system response to planned restoration and protection measures we combine site scale data on biotic communities with coastwide data sets to assess change in ecosystem function over time '),
 ('126', 'slug', '0', 'en_us', ''),
 ('127', 'field', '45', 'en_us', ' 06 '),
 ('127', 'field', '46', 'en_us', ' decision support '),
 ('127', 'field', '47', 'en_us', ' in addition to our applied research program the institute is often called upon to connect academic public and private research providers from around the world to find and evaluate solutions to coastal protection and restoration challenges our decision support efforts inform a range of implementation and policy decisions from large scale ecosystem restoration to natural coastal infrastructure to water systems management '),
 ('127', 'slug', '0', 'en_us', ''),
 ('128', 'field', '45', 'en_us', ' 07 '),
 ('128', 'field', '46', 'en_us', ' independent technical expert review '),
 ('128', 'field', '47', 'en_us', ' independent review by subject matter experts not directly involved in projects is essential to ensure technical information used in decision making is sound evidence based and meets the state of the practice because of our experience and relationships we conduct peer reviews either by using our experts within the institute or by tapping into our network of experts across the country and the world '),
 ('128', 'slug', '0', 'en_us', ''),
 ('129', 'field', '45', 'en_us', ' 08 '),
 ('129', 'field', '46', 'en_us', ' expert opinion and advice '),
 ('129', 'field', '47', 'en_us', ' members of our technical team are called upon to provide expert opinion and advice as others work through complex coastal deltaic and water resource related challenges this includes serving in an advisory role on large scale restoration planning efforts and providing consulting support to others as they undertake new projects or initiatives the water institute s invaluable applied research knowledge and experience gained in coastal louisiana are already being extended globally with engagements in chile egypt the netherlands pacific island countries and the mekong delta in vietnam we also welcome the opportunity to apply our expertise and to partner with mission driven organizations who share our passion for advancing resilient coasts and sustainable water systems worldwide '),
 ('129', 'slug', '0', 'en_us', ''),
 ('130', 'slug', '0', 'en_us', ' equipment '),
 ('130', 'title', '0', 'en_us', ' equipment '),
 ('130', 'field', '48', 'en_us', ' lorem ipsum dolor sit amet consectetuer adipiscing elit sed diam nonummy nibh euismod tincidunt ut laoreet dolore magna aliquam erat volutpat ut wisi enim ad '),
 ('130', 'field', '3', 'en_us', ' img equipment '),
 ('130', 'field', '49', 'en_us', ' field boats r v itasca25 foot scully s aluminum workboat with cabin and davit arm 2x 115 hp honda outboard motors r v silver mullet20 foot scully s aluminum shallow draft hull with hard t top and davit arm 1x 150 hp yamaha outboard motor bathymetry topography elevation navigation reson seabat 7125 multibeam r2 sonic 2020 multibeam ohmex sonarmite single beam trimble r8 dual frequency survey grade gps system with real time kinematic rtk capability mdl dynascan m150 lidar applanix pos mv inertial navigation system current and wave meters teledyne rdi workhorse acoustic doppler current profilers adcp 2 sontek triton acoustic doppler velocimeter adv 1 sontek sl500 horizontal adcp hadcp 3 nortek aquadopp current profilers with wave capability 3 rbr hydrological and water quality measurements xylem exo2 ysis with temperature conductivity depth ph turbidity 11 and also chlorophyllα dissolved oxygen 5 seabird sbe 19plus profiler conductivity temperature depth ctd with ph turbidity optical backscatter and transmissometer licor par sensor secchi disk surface nalgene bottles and subsurface water sampling van dorn water sampler rbr sensorsrbr solo water level and waves 6 rbr duo water level waves and turbidity 6 suspended bed surface and subsurface sediment sampling sequoia laser in situ scattering and transmissometry lisst 100 x 3 automated water samplerscampbell scientific pvs 5120d 2 teledyne isco 6712 1 isokinetic water samplersusgs fisp p 72 carnet technologies p 6 200 shipek benthic surface sediment grab sampler mooring systems inc gravity corer piston corer for sediment sampling geotechnical geovane soil shear strength fauna sampling throw trap for nekton sampling suction sampler for nekton sampling honda water pump pump hoses and barrels flora sampling quadrat sampling for vegetation infauna '),
 ('130', 'field', '50', 'en_us', ' laboratory equipment balance calipers drying ovens refrigerators freezers grinding and processing facilities genesys 20 spectrophotometer muffle furnace analyses phosphorus sediment and water porewater ammonium chlorophyll α sediment and water sediment grain size sediment organic matter loi % carbonates vegetation aboveground and belowground biomass fauna biomass fish and macroinvertebrate species identification sample preparation for tissue nutrients acid washing '),
 ('131', 'filename', '0', 'en_us', ' img equipment jpg '),
 ('131', 'extension', '0', 'en_us', ' jpg '),
 ('131', 'kind', '0', 'en_us', ' image '),
 ('131', 'slug', '0', 'en_us', ' img equipment '),
 ('131', 'title', '0', 'en_us', ' img equipment '),
 ('114', 'field', '51', 'en_us', ' cyndhia ramatchandirane ehab meselhe '),
 ('114', 'field', '52', 'en_us', ' mead allison '),
 ('117', 'field', '51', 'en_us', ' mead allison '),
 ('117', 'field', '52', 'en_us', ' ehab meselhe '),
 ('110', 'field', '53', 'en_us', ' about '),
 ('110', 'field', '54', 'en_us', ' technical team '),
 ('110', 'field', '56', 'en_us', ' technical team '),
 ('110', 'field', '55', 'en_us', ' connect '),
 ('110', 'field', '57', 'en_us', ' reports '),
 ('110', 'field', '58', 'en_us', ' 1156 river rd baton rouge la 70802 '),
 ('110', 'field', '59', 'en_us', ' https www linkedin com company beta 3691934 https twitter com theh2oinstitute https www instagram com theh2oinstitute '),
 ('110', 'field', '60', 'en_us', ''),
 ('110', 'field', '61', 'en_us', ''),
 ('132', 'field', '62', 'en_us', ' https www linkedin com company beta 3691934 '),
 ('132', 'field', '63', 'en_us', ''),
 ('132', 'slug', '0', 'en_us', ''),
 ('133', 'field', '64', 'en_us', ' https twitter com theh2oinstitute '),
 ('133', 'field', '65', 'en_us', ''),
 ('133', 'slug', '0', 'en_us', ''),
 ('134', 'field', '66', 'en_us', ' https www instagram com theh2oinstitute '),
 ('134', 'field', '67', 'en_us', ''),
 ('134', 'slug', '0', 'en_us', '');



DROP TABLE IF EXISTS `craft_sections`;


--
-- Schema for table `craft_sections`
--
CREATE TABLE `craft_sections` (
  `id` int(11) NOT NULL AUTO_INCREMENT,
  `structureId` int(11) DEFAULT NULL,
  `name` varchar(255) COLLATE utf8_unicode_ci NOT NULL,
  `handle` varchar(255) COLLATE utf8_unicode_ci NOT NULL,
  `type` enum('single','channel','structure') COLLATE utf8_unicode_ci NOT NULL DEFAULT 'channel',
  `hasUrls` tinyint(1) unsigned NOT NULL DEFAULT '1',
  `template` varchar(500) COLLATE utf8_unicode_ci DEFAULT NULL,
  `enableVersioning` tinyint(1) unsigned NOT NULL DEFAULT '0',
  `dateCreated` datetime NOT NULL,
  `dateUpdated` datetime NOT NULL,
  `uid` char(36) COLLATE utf8_unicode_ci NOT NULL DEFAULT '0',
  PRIMARY KEY (`id`),
  UNIQUE KEY `craft_sections_name_unq_idx` (`name`),
  UNIQUE KEY `craft_sections_handle_unq_idx` (`handle`),
  KEY `craft_sections_structureId_fk` (`structureId`)
) ENGINE=InnoDB AUTO_INCREMENT=13 DEFAULT CHARSET=utf8 COLLATE=utf8_unicode_ci;

--
-- Data for table `craft_sections`
--

INSERT INTO `craft_sections` (`id`, `structureId`, `name`, `handle`, `type`, `hasUrls`, `template`, `enableVersioning`, `dateCreated`, `dateUpdated`, `uid`) VALUES
 ('1', NULL, 'Homepage', 'homepage', 'single', '1', 'index', '1', '2017-07-26 23:54:39', '2017-07-26 23:54:39', '3813322a-bc51-4dba-b3f7-bfb070593a79'),
 ('2', NULL, 'News', 'news', 'channel', '1', 'news/_entry', '1', '2017-07-27 20:57:58', '2017-07-27 20:57:58', 'cfb01607-d658-4936-aaab-e7e35e9120b8'),
 ('5', '2', 'Technical Team', 'technicalTeam', 'structure', '1', 'technical-team/_entry', '1', '2017-07-30 21:37:11', '2017-08-09 22:48:19', 'f5be9ae6-fe32-4bb9-b6a5-0a08e33fdf42'),
 ('6', '5', 'Focus Areas', 'focusAreas', 'structure', '1', 'focus-areas/_entry', '1', '2017-07-30 23:13:21', '2017-08-09 21:02:29', 'b5df274b-4a49-459b-9efa-935a02be292a'),
 ('8', '6', 'Projects', 'projects', 'structure', '1', 'projects/_entry', '1', '2017-08-06 20:14:58', '2017-08-09 22:31:42', 'd78a224e-4bc6-446d-9c38-9a58e2b096da'),
 ('9', '7', 'Reports', 'reports', 'structure', '1', 'reports/_entry', '1', '2017-08-11 15:27:08', '2017-08-11 15:27:08', '5eb35098-c735-46de-a9fa-95a518603dbb'),
 ('10', '8', 'Publications', 'publications', 'structure', '1', 'publications/_entry', '1', '2017-08-11 15:27:22', '2017-08-11 15:27:22', '86c76041-31bd-4bfc-9c6d-3620788116a8'),
 ('11', NULL, 'Capabilities', 'capabilities', 'single', '1', 'capabilities', '1', '2017-08-13 01:50:52', '2017-08-13 01:50:52', '1bff8290-d8f7-4e30-b21e-2080f714aa07'),
 ('12', NULL, 'Equipment', 'equipment', 'single', '1', 'equipment', '1', '2017-08-14 19:29:04', '2017-08-14 19:29:04', '6434b609-1f61-4436-9969-6eba9305e284');



DROP TABLE IF EXISTS `craft_sections_i18n`;


--
-- Schema for table `craft_sections_i18n`
--
CREATE TABLE `craft_sections_i18n` (
  `id` int(11) NOT NULL AUTO_INCREMENT,
  `sectionId` int(11) NOT NULL,
  `locale` char(12) COLLATE utf8_unicode_ci NOT NULL,
  `enabledByDefault` tinyint(1) unsigned NOT NULL DEFAULT '1',
  `urlFormat` text COLLATE utf8_unicode_ci,
  `nestedUrlFormat` text COLLATE utf8_unicode_ci,
  `dateCreated` datetime NOT NULL,
  `dateUpdated` datetime NOT NULL,
  `uid` char(36) COLLATE utf8_unicode_ci NOT NULL DEFAULT '0',
  PRIMARY KEY (`id`),
  UNIQUE KEY `craft_sections_i18n_sectionId_locale_unq_idx` (`sectionId`,`locale`),
  KEY `craft_sections_i18n_locale_fk` (`locale`)
) ENGINE=InnoDB AUTO_INCREMENT=13 DEFAULT CHARSET=utf8 COLLATE=utf8_unicode_ci;

--
-- Data for table `craft_sections_i18n`
--

INSERT INTO `craft_sections_i18n` (`id`, `sectionId`, `locale`, `enabledByDefault`, `urlFormat`, `nestedUrlFormat`, `dateCreated`, `dateUpdated`, `uid`) VALUES
 ('1', '1', 'en_us', '1', '__home__', NULL, '2017-07-26 23:54:39', '2017-07-26 23:54:39', '20d60140-9088-4ed6-bf4c-4762c508c88c'),
 ('2', '2', 'en_us', '1', 'news/{postDate.year}/{slug}', NULL, '2017-07-27 20:57:58', '2017-07-27 20:57:58', '5e34e6de-9a35-4278-a3ca-344e3541da21'),
 ('5', '5', 'en_us', '1', '{slug}', '{parent.uri}/{slug}', '2017-07-30 21:37:11', '2017-08-06 19:17:15', '6707a35f-d035-46d3-8a8f-5dc136907248'),
 ('6', '6', 'en_us', '1', '{slug}', '{parent.uri}/{slug}', '2017-07-30 23:13:21', '2017-08-09 21:02:29', 'b6766907-027f-45d5-a373-e916305426b0'),
 ('8', '8', 'en_us', '1', '{slug}', '{parent.uri}/{slug}', '2017-08-06 20:14:58', '2017-08-09 22:31:42', '8ae6d017-b377-48be-8bca-ee36f09cec60'),
 ('9', '9', 'en_us', '1', '{slug}', '{parent.uri}/{slug}', '2017-08-11 15:27:08', '2017-08-11 15:27:08', 'abd08b85-4652-4620-90e7-33a88026779c'),
 ('10', '10', 'en_us', '1', '{slug}', '{parent.uri}/{slug}', '2017-08-11 15:27:22', '2017-08-11 15:27:22', '48f792b5-066b-4344-8bc3-978f3a2272b1'),
 ('11', '11', 'en_us', '1', 'capabilities', NULL, '2017-08-13 01:50:52', '2017-08-13 01:50:52', '6d6e258d-f8eb-4b03-9fad-8aeaa66e3218'),
 ('12', '12', 'en_us', '1', 'equipment', NULL, '2017-08-14 19:29:04', '2017-08-14 19:29:04', 'cf47cfdb-fef6-4388-9b4f-d7162e2fca3b');



DROP TABLE IF EXISTS `craft_sessions`;


--
-- Schema for table `craft_sessions`
--
CREATE TABLE `craft_sessions` (
  `id` int(11) NOT NULL AUTO_INCREMENT,
  `userId` int(11) NOT NULL,
  `token` char(100) COLLATE utf8_unicode_ci NOT NULL,
  `dateCreated` datetime NOT NULL,
  `dateUpdated` datetime NOT NULL,
  `uid` char(36) COLLATE utf8_unicode_ci NOT NULL DEFAULT '0',
  PRIMARY KEY (`id`),
  KEY `craft_sessions_uid_idx` (`uid`),
  KEY `craft_sessions_token_idx` (`token`),
  KEY `craft_sessions_dateUpdated_idx` (`dateUpdated`),
  KEY `craft_sessions_userId_fk` (`userId`)
) ENGINE=InnoDB AUTO_INCREMENT=36 DEFAULT CHARSET=utf8 COLLATE=utf8_unicode_ci;

DROP TABLE IF EXISTS `craft_shunnedmessages`;


--
-- Schema for table `craft_shunnedmessages`
--
CREATE TABLE `craft_shunnedmessages` (
  `id` int(11) NOT NULL AUTO_INCREMENT,
  `userId` int(11) NOT NULL,
  `message` varchar(255) COLLATE utf8_unicode_ci NOT NULL,
  `expiryDate` datetime DEFAULT NULL,
  `dateCreated` datetime NOT NULL,
  `dateUpdated` datetime NOT NULL,
  `uid` char(36) COLLATE utf8_unicode_ci NOT NULL DEFAULT '0',
  PRIMARY KEY (`id`),
  UNIQUE KEY `craft_shunnedmessages_userId_message_unq_idx` (`userId`,`message`)
) ENGINE=InnoDB DEFAULT CHARSET=utf8 COLLATE=utf8_unicode_ci;

DROP TABLE IF EXISTS `craft_structureelements`;


--
-- Schema for table `craft_structureelements`
--
CREATE TABLE `craft_structureelements` (
  `id` int(11) NOT NULL AUTO_INCREMENT,
  `structureId` int(11) NOT NULL,
  `elementId` int(11) DEFAULT NULL,
  `root` int(11) unsigned DEFAULT NULL,
  `lft` int(11) unsigned NOT NULL,
  `rgt` int(11) unsigned NOT NULL,
  `level` smallint(6) unsigned NOT NULL,
  `dateCreated` datetime NOT NULL,
  `dateUpdated` datetime NOT NULL,
  `uid` char(36) COLLATE utf8_unicode_ci NOT NULL DEFAULT '0',
  PRIMARY KEY (`id`),
  UNIQUE KEY `craft_structureelements_structureId_elementId_unq_idx` (`structureId`,`elementId`),
  KEY `craft_structureelements_root_idx` (`root`),
  KEY `craft_structureelements_lft_idx` (`lft`),
  KEY `craft_structureelements_rgt_idx` (`rgt`),
  KEY `craft_structureelements_level_idx` (`level`),
  KEY `craft_structureelements_elementId_fk` (`elementId`)
) ENGINE=InnoDB AUTO_INCREMENT=47 DEFAULT CHARSET=utf8 COLLATE=utf8_unicode_ci;

--
-- Data for table `craft_structureelements`
--

INSERT INTO `craft_structureelements` (`id`, `structureId`, `elementId`, `root`, `lft`, `rgt`, `level`, `dateCreated`, `dateUpdated`, `uid`) VALUES
 ('3', '2', NULL, '3', '1', '14', '0', '2017-07-30 22:23:01', '2017-07-30 22:23:01', 'e42ce879-efa2-47eb-8020-eb8a0eb42738'),
 ('18', '2', '87', '3', '11', '12', '2', '2017-08-06 17:43:08', '2017-08-06 17:43:08', '08f991dc-2975-40a2-9511-0be7ced82b48'),
 ('19', '2', '88', '3', '2', '13', '1', '2017-08-06 17:44:58', '2017-08-06 17:44:58', 'a304ced2-ab4a-4de8-8673-2f1c0b4d6772'),
 ('20', '2', '89', '3', '3', '4', '2', '2017-08-06 19:36:38', '2017-08-06 19:36:38', '6efe0c29-5409-4cff-8589-7956511193b6'),
 ('21', '2', '90', '3', '7', '8', '2', '2017-08-06 19:38:11', '2017-08-06 19:38:11', 'dd589f4a-758c-4c4b-b058-5d59df30e3b6'),
 ('23', '2', '96', '3', '5', '6', '2', '2017-08-08 19:47:52', '2017-08-08 19:47:52', '8d80bfc8-d1c2-44d7-bae1-ab3253582653'),
 ('24', '2', '100', '3', '9', '10', '2', '2017-08-08 20:46:05', '2017-08-08 20:46:05', 'e2250a60-329a-4f0b-a353-a278e18f2cc9'),
 ('25', '4', NULL, '25', '1', '8', '0', '2017-08-09 20:23:47', '2017-08-09 20:23:47', '5c446351-eaa6-452c-923c-a2a6473e4906'),
 ('26', '4', '101', '25', '2', '3', '1', '2017-08-09 20:23:47', '2017-08-09 20:23:47', '79551858-ca3d-4f14-8337-0c6c99c1afe0'),
 ('27', '4', '102', '25', '4', '7', '1', '2017-08-09 20:43:15', '2017-08-09 20:43:15', 'b671d14d-5808-4761-8caf-c398322c7062'),
 ('28', '4', '103', '25', '5', '6', '2', '2017-08-09 20:43:33', '2017-08-09 20:43:33', 'd452fdef-9772-4a9d-9c2b-6e4b3db05e88'),
 ('29', '5', NULL, '29', '1', '14', '0', '2017-08-09 21:02:29', '2017-08-09 21:02:29', '1a341ec6-d320-4e6e-88ae-863451e45c4e'),
 ('30', '5', '9', '29', '3', '4', '2', '2017-08-09 21:02:29', '2017-08-09 21:02:29', '3a5dac79-c850-47ad-8e11-3cb29c6ccda7'),
 ('31', '5', '104', '29', '2', '13', '1', '2017-08-09 21:16:37', '2017-08-09 21:16:37', 'db5aed16-5b80-4e85-ba54-12924c201c47'),
 ('32', '6', NULL, '32', '1', '10', '0', '2017-08-09 22:31:42', '2017-08-09 22:31:42', 'd3a7f507-18c5-4354-9b33-9e37c8c527d4'),
 ('33', '6', '91', '32', '7', '8', '2', '2017-08-09 22:31:42', '2017-08-09 22:31:42', '60ddf628-dabe-478b-9f0a-d37af1f9999f'),
 ('34', '6', '95', '32', '5', '6', '2', '2017-08-09 22:31:42', '2017-08-09 22:31:42', '0e828de3-3cb5-4fd7-881b-70403b0eff09'),
 ('35', '6', '97', '32', '3', '4', '2', '2017-08-09 22:31:42', '2017-08-09 22:31:42', '89e98eec-0941-4119-bd58-63bea782adb8'),
 ('36', '6', '105', '32', '2', '9', '1', '2017-08-09 22:34:21', '2017-08-09 22:34:21', '4c44e6de-4676-4759-ae6a-c2725358ec33'),
 ('37', '5', '106', '29', '5', '6', '2', '2017-08-09 22:55:04', '2017-08-09 22:55:04', 'd5445fbd-bef8-4833-a56d-3762ce4badbe'),
 ('38', '5', '107', '29', '7', '8', '2', '2017-08-09 22:55:27', '2017-08-09 22:55:27', '99ec5ccf-bbec-4c54-9d54-d1220018a42c'),
 ('39', '5', '108', '29', '9', '10', '2', '2017-08-09 22:56:10', '2017-08-09 22:56:10', 'c428033e-fd77-4212-b978-73e371497c75'),
 ('40', '5', '109', '29', '11', '12', '2', '2017-08-09 22:56:31', '2017-08-09 22:56:31', '3ef9edcf-940c-4d01-b32b-27205aaeea3b'),
 ('41', '7', NULL, '41', '1', '6', '0', '2017-08-11 16:03:42', '2017-08-11 16:03:42', '3df9cace-4fd3-46be-958a-eb9aca50290b'),
 ('42', '7', '114', '41', '3', '4', '2', '2017-08-11 16:03:42', '2017-08-11 16:03:42', '36ced07b-112e-4964-83e3-36cca14e8ea9'),
 ('43', '7', '115', '41', '2', '5', '1', '2017-08-11 16:08:53', '2017-08-11 16:08:53', '0d581e1a-e7e4-487b-8887-0946d37bc525'),
 ('44', '8', NULL, '44', '1', '6', '0', '2017-08-11 16:38:09', '2017-08-11 16:38:09', '0bf46e44-79db-4848-82c3-bfe27a3f4625'),
 ('45', '8', '117', '44', '3', '4', '2', '2017-08-11 16:38:09', '2017-08-11 16:38:09', 'dd104458-1bd9-4847-b285-13095eaca50e'),
 ('46', '8', '118', '44', '2', '5', '1', '2017-08-11 16:41:46', '2017-08-11 16:41:46', '43d1fae7-72ab-4599-be35-f1dc93bf7a20');



DROP TABLE IF EXISTS `craft_structures`;


--
-- Schema for table `craft_structures`
--
CREATE TABLE `craft_structures` (
  `id` int(11) NOT NULL AUTO_INCREMENT,
  `maxLevels` smallint(6) unsigned DEFAULT NULL,
  `dateCreated` datetime NOT NULL,
  `dateUpdated` datetime NOT NULL,
  `uid` char(36) COLLATE utf8_unicode_ci NOT NULL DEFAULT '0',
  PRIMARY KEY (`id`)
) ENGINE=InnoDB AUTO_INCREMENT=9 DEFAULT CHARSET=utf8 COLLATE=utf8_unicode_ci;

--
-- Data for table `craft_structures`
--

INSERT INTO `craft_structures` (`id`, `maxLevels`, `dateCreated`, `dateUpdated`, `uid`) VALUES
 ('2', NULL, '2017-07-30 21:37:11', '2017-08-09 22:48:19', '9fc1adcd-155b-4149-a6dc-429ef77d566d'),
 ('4', NULL, '2017-08-09 20:21:42', '2017-08-09 20:49:00', '9b1a8b5b-5d6c-4335-8cd2-5c425fa67310'),
 ('5', NULL, '2017-08-09 21:02:29', '2017-08-09 21:02:29', '8463bafa-ecc9-40b1-b16b-bd350ff2595b'),
 ('6', NULL, '2017-08-09 22:31:42', '2017-08-09 22:31:42', 'afc8c829-8491-41a3-a53c-0f0ebccab6c8'),
 ('7', NULL, '2017-08-11 15:27:08', '2017-08-11 15:27:08', '505ede99-b152-4ed8-8482-ad45fc294cc5'),
 ('8', NULL, '2017-08-11 15:27:22', '2017-08-11 15:27:22', 'ee3ba4fd-d04e-44b3-80a7-70085b9a0b0c');



DROP TABLE IF EXISTS `craft_systemsettings`;


--
-- Schema for table `craft_systemsettings`
--
CREATE TABLE `craft_systemsettings` (
  `id` int(11) NOT NULL AUTO_INCREMENT,
  `category` varchar(15) COLLATE utf8_unicode_ci NOT NULL,
  `settings` text COLLATE utf8_unicode_ci,
  `dateCreated` datetime NOT NULL,
  `dateUpdated` datetime NOT NULL,
  `uid` char(36) COLLATE utf8_unicode_ci NOT NULL DEFAULT '0',
  PRIMARY KEY (`id`),
  UNIQUE KEY `craft_systemsettings_category_unq_idx` (`category`)
) ENGINE=InnoDB AUTO_INCREMENT=2 DEFAULT CHARSET=utf8 COLLATE=utf8_unicode_ci;

--
-- Data for table `craft_systemsettings`
--

INSERT INTO `craft_systemsettings` (`id`, `category`, `settings`, `dateCreated`, `dateUpdated`, `uid`) VALUES
 ('1', 'email', '{\"protocol\":\"php\",\"emailAddress\":\"mollie@emergentmethod.com\",\"senderName\":\"Water Institute\"}', '2017-07-26 23:54:38', '2017-07-26 23:54:38', 'd0933636-12c4-4bbc-aef5-bb842a9d7a33');



DROP TABLE IF EXISTS `craft_taggroups`;


--
-- Schema for table `craft_taggroups`
--
CREATE TABLE `craft_taggroups` (
  `id` int(11) NOT NULL AUTO_INCREMENT,
  `name` varchar(255) COLLATE utf8_unicode_ci NOT NULL,
  `handle` varchar(255) COLLATE utf8_unicode_ci NOT NULL,
  `fieldLayoutId` int(10) DEFAULT NULL,
  `dateCreated` datetime NOT NULL,
  `dateUpdated` datetime NOT NULL,
  `uid` char(36) COLLATE utf8_unicode_ci NOT NULL DEFAULT '0',
  PRIMARY KEY (`id`),
  UNIQUE KEY `craft_taggroups_name_unq_idx` (`name`),
  UNIQUE KEY `craft_taggroups_handle_unq_idx` (`handle`),
  KEY `craft_taggroups_fieldLayoutId_fk` (`fieldLayoutId`)
) ENGINE=InnoDB AUTO_INCREMENT=2 DEFAULT CHARSET=utf8 COLLATE=utf8_unicode_ci;

--
-- Data for table `craft_taggroups`
--

INSERT INTO `craft_taggroups` (`id`, `name`, `handle`, `fieldLayoutId`, `dateCreated`, `dateUpdated`, `uid`) VALUES
 ('1', 'Default', 'default', '1', '2017-07-26 23:54:39', '2017-07-26 23:54:39', 'a8e9dd54-622e-4eff-8c02-4e6d02b85613');



DROP TABLE IF EXISTS `craft_tags`;


--
-- Schema for table `craft_tags`
--
CREATE TABLE `craft_tags` (
  `id` int(11) NOT NULL,
  `groupId` int(11) NOT NULL,
  `dateCreated` datetime NOT NULL,
  `dateUpdated` datetime NOT NULL,
  `uid` char(36) COLLATE utf8_unicode_ci NOT NULL DEFAULT '0',
  PRIMARY KEY (`id`),
  KEY `craft_tags_groupId_fk` (`groupId`)
) ENGINE=InnoDB DEFAULT CHARSET=utf8 COLLATE=utf8_unicode_ci;

DROP TABLE IF EXISTS `craft_tasks`;


--
-- Schema for table `craft_tasks`
--
CREATE TABLE `craft_tasks` (
  `id` int(11) NOT NULL AUTO_INCREMENT,
  `root` int(11) unsigned DEFAULT NULL,
  `lft` int(11) unsigned NOT NULL,
  `rgt` int(11) unsigned NOT NULL,
  `level` smallint(6) unsigned NOT NULL,
  `currentStep` int(11) unsigned DEFAULT NULL,
  `totalSteps` int(11) unsigned DEFAULT NULL,
  `status` enum('pending','error','running') COLLATE utf8_unicode_ci DEFAULT NULL,
  `type` varchar(150) COLLATE utf8_unicode_ci NOT NULL,
  `description` varchar(255) COLLATE utf8_unicode_ci DEFAULT NULL,
  `settings` mediumtext COLLATE utf8_unicode_ci,
  `dateCreated` datetime NOT NULL,
  `dateUpdated` datetime NOT NULL,
  `uid` char(36) COLLATE utf8_unicode_ci NOT NULL DEFAULT '0',
  PRIMARY KEY (`id`),
  KEY `craft_tasks_root_idx` (`root`),
  KEY `craft_tasks_lft_idx` (`lft`),
  KEY `craft_tasks_rgt_idx` (`rgt`),
  KEY `craft_tasks_level_idx` (`level`)
) ENGINE=InnoDB AUTO_INCREMENT=350 DEFAULT CHARSET=utf8 COLLATE=utf8_unicode_ci;

DROP TABLE IF EXISTS `craft_templatecachecriteria`;


--
-- Schema for table `craft_templatecachecriteria`
--
CREATE TABLE `craft_templatecachecriteria` (
  `id` int(11) NOT NULL AUTO_INCREMENT,
  `cacheId` int(11) NOT NULL,
  `type` varchar(150) COLLATE utf8_unicode_ci NOT NULL,
  `criteria` text COLLATE utf8_unicode_ci NOT NULL,
  PRIMARY KEY (`id`),
  KEY `craft_templatecachecriteria_cacheId_fk` (`cacheId`),
  KEY `craft_templatecachecriteria_type_idx` (`type`)
) ENGINE=InnoDB DEFAULT CHARSET=utf8 COLLATE=utf8_unicode_ci;

DROP TABLE IF EXISTS `craft_templatecacheelements`;


--
-- Schema for table `craft_templatecacheelements`
--
CREATE TABLE `craft_templatecacheelements` (
  `cacheId` int(11) NOT NULL,
  `elementId` int(11) NOT NULL,
  KEY `craft_templatecacheelements_cacheId_fk` (`cacheId`),
  KEY `craft_templatecacheelements_elementId_fk` (`elementId`)
) ENGINE=InnoDB DEFAULT CHARSET=utf8 COLLATE=utf8_unicode_ci;

DROP TABLE IF EXISTS `craft_templatecaches`;


--
-- Schema for table `craft_templatecaches`
--
CREATE TABLE `craft_templatecaches` (
  `id` int(11) NOT NULL AUTO_INCREMENT,
  `cacheKey` varchar(255) COLLATE utf8_unicode_ci NOT NULL,
  `locale` char(12) COLLATE utf8_unicode_ci NOT NULL,
  `path` varchar(255) COLLATE utf8_unicode_ci DEFAULT NULL,
  `expiryDate` datetime NOT NULL,
  `body` mediumtext COLLATE utf8_unicode_ci NOT NULL,
  PRIMARY KEY (`id`),
  KEY `craft_templatecaches_expiryDate_cacheKey_locale_path_idx` (`expiryDate`,`cacheKey`,`locale`,`path`),
  KEY `craft_templatecaches_locale_fk` (`locale`)
) ENGINE=InnoDB DEFAULT CHARSET=utf8 COLLATE=utf8_unicode_ci;

DROP TABLE IF EXISTS `craft_tokens`;


--
-- Schema for table `craft_tokens`
--
CREATE TABLE `craft_tokens` (
  `id` int(11) NOT NULL AUTO_INCREMENT,
  `token` char(32) COLLATE utf8_unicode_ci NOT NULL,
  `route` text COLLATE utf8_unicode_ci,
  `usageLimit` tinyint(3) unsigned DEFAULT NULL,
  `usageCount` tinyint(3) unsigned DEFAULT NULL,
  `expiryDate` datetime NOT NULL,
  `dateCreated` datetime NOT NULL,
  `dateUpdated` datetime NOT NULL,
  `uid` char(36) COLLATE utf8_unicode_ci NOT NULL DEFAULT '0',
  PRIMARY KEY (`id`),
  UNIQUE KEY `craft_tokens_token_unq_idx` (`token`),
  KEY `craft_tokens_expiryDate_idx` (`expiryDate`)
) ENGINE=InnoDB DEFAULT CHARSET=utf8 COLLATE=utf8_unicode_ci;

DROP TABLE IF EXISTS `craft_usergroups`;


--
-- Schema for table `craft_usergroups`
--
CREATE TABLE `craft_usergroups` (
  `id` int(11) NOT NULL AUTO_INCREMENT,
  `name` varchar(255) COLLATE utf8_unicode_ci NOT NULL,
  `handle` varchar(255) COLLATE utf8_unicode_ci NOT NULL,
  `dateCreated` datetime NOT NULL,
  `dateUpdated` datetime NOT NULL,
  `uid` char(36) COLLATE utf8_unicode_ci NOT NULL DEFAULT '0',
  PRIMARY KEY (`id`),
  UNIQUE KEY `craft_usergroups_name_unq_idx` (`name`),
  UNIQUE KEY `craft_usergroups_handle_unq_idx` (`handle`)
) ENGINE=InnoDB DEFAULT CHARSET=utf8 COLLATE=utf8_unicode_ci;

DROP TABLE IF EXISTS `craft_usergroups_users`;


--
-- Schema for table `craft_usergroups_users`
--
CREATE TABLE `craft_usergroups_users` (
  `id` int(11) NOT NULL AUTO_INCREMENT,
  `groupId` int(11) NOT NULL,
  `userId` int(11) NOT NULL,
  `dateCreated` datetime NOT NULL,
  `dateUpdated` datetime NOT NULL,
  `uid` char(36) COLLATE utf8_unicode_ci NOT NULL DEFAULT '0',
  PRIMARY KEY (`id`),
  UNIQUE KEY `craft_usergroups_users_groupId_userId_unq_idx` (`groupId`,`userId`),
  KEY `craft_usergroups_users_userId_fk` (`userId`)
) ENGINE=InnoDB DEFAULT CHARSET=utf8 COLLATE=utf8_unicode_ci;

DROP TABLE IF EXISTS `craft_userpermissions`;


--
-- Schema for table `craft_userpermissions`
--
CREATE TABLE `craft_userpermissions` (
  `id` int(11) NOT NULL AUTO_INCREMENT,
  `name` varchar(255) COLLATE utf8_unicode_ci NOT NULL,
  `dateCreated` datetime NOT NULL,
  `dateUpdated` datetime NOT NULL,
  `uid` char(36) COLLATE utf8_unicode_ci NOT NULL DEFAULT '0',
  PRIMARY KEY (`id`),
  UNIQUE KEY `craft_userpermissions_name_unq_idx` (`name`)
) ENGINE=InnoDB DEFAULT CHARSET=utf8 COLLATE=utf8_unicode_ci;

DROP TABLE IF EXISTS `craft_userpermissions_usergroups`;


--
-- Schema for table `craft_userpermissions_usergroups`
--
CREATE TABLE `craft_userpermissions_usergroups` (
  `id` int(11) NOT NULL AUTO_INCREMENT,
  `permissionId` int(11) NOT NULL,
  `groupId` int(11) NOT NULL,
  `dateCreated` datetime NOT NULL,
  `dateUpdated` datetime NOT NULL,
  `uid` char(36) COLLATE utf8_unicode_ci NOT NULL DEFAULT '0',
  PRIMARY KEY (`id`),
  UNIQUE KEY `craft_userpermissions_usergroups_permissionId_groupId_unq_idx` (`permissionId`,`groupId`),
  KEY `craft_userpermissions_usergroups_groupId_fk` (`groupId`)
) ENGINE=InnoDB DEFAULT CHARSET=utf8 COLLATE=utf8_unicode_ci;

DROP TABLE IF EXISTS `craft_userpermissions_users`;


--
-- Schema for table `craft_userpermissions_users`
--
CREATE TABLE `craft_userpermissions_users` (
  `id` int(11) NOT NULL AUTO_INCREMENT,
  `permissionId` int(11) NOT NULL,
  `userId` int(11) NOT NULL,
  `dateCreated` datetime NOT NULL,
  `dateUpdated` datetime NOT NULL,
  `uid` char(36) COLLATE utf8_unicode_ci NOT NULL DEFAULT '0',
  PRIMARY KEY (`id`),
  UNIQUE KEY `craft_userpermissions_users_permissionId_userId_unq_idx` (`permissionId`,`userId`),
  KEY `craft_userpermissions_users_userId_fk` (`userId`)
) ENGINE=InnoDB DEFAULT CHARSET=utf8 COLLATE=utf8_unicode_ci;

DROP TABLE IF EXISTS `craft_users`;


--
-- Schema for table `craft_users`
--
CREATE TABLE `craft_users` (
  `id` int(11) NOT NULL,
  `username` varchar(100) COLLATE utf8_unicode_ci NOT NULL,
  `photo` varchar(100) COLLATE utf8_unicode_ci DEFAULT NULL,
  `firstName` varchar(100) COLLATE utf8_unicode_ci DEFAULT NULL,
  `lastName` varchar(100) COLLATE utf8_unicode_ci DEFAULT NULL,
  `email` varchar(255) COLLATE utf8_unicode_ci NOT NULL,
  `password` char(255) COLLATE utf8_unicode_ci DEFAULT NULL,
  `preferredLocale` char(12) COLLATE utf8_unicode_ci DEFAULT NULL,
  `weekStartDay` tinyint(1) unsigned NOT NULL DEFAULT '0',
  `admin` tinyint(1) unsigned NOT NULL DEFAULT '0',
  `client` tinyint(1) unsigned NOT NULL DEFAULT '0',
  `locked` tinyint(1) unsigned NOT NULL DEFAULT '0',
  `suspended` tinyint(1) unsigned NOT NULL DEFAULT '0',
  `pending` tinyint(1) unsigned NOT NULL DEFAULT '0',
  `archived` tinyint(1) unsigned NOT NULL DEFAULT '0',
  `lastLoginDate` datetime DEFAULT NULL,
  `lastLoginAttemptIPAddress` varchar(45) COLLATE utf8_unicode_ci DEFAULT NULL,
  `invalidLoginWindowStart` datetime DEFAULT NULL,
  `invalidLoginCount` tinyint(4) unsigned DEFAULT NULL,
  `lastInvalidLoginDate` datetime DEFAULT NULL,
  `lockoutDate` datetime DEFAULT NULL,
  `verificationCode` char(100) COLLATE utf8_unicode_ci DEFAULT NULL,
  `verificationCodeIssuedDate` datetime DEFAULT NULL,
  `unverifiedEmail` varchar(255) COLLATE utf8_unicode_ci DEFAULT NULL,
  `passwordResetRequired` tinyint(1) unsigned NOT NULL DEFAULT '0',
  `lastPasswordChangeDate` datetime DEFAULT NULL,
  `dateCreated` datetime NOT NULL,
  `dateUpdated` datetime NOT NULL,
  `uid` char(36) COLLATE utf8_unicode_ci NOT NULL DEFAULT '0',
  PRIMARY KEY (`id`),
  UNIQUE KEY `craft_users_username_unq_idx` (`username`),
  UNIQUE KEY `craft_users_email_unq_idx` (`email`),
  KEY `craft_users_verificationCode_idx` (`verificationCode`),
  KEY `craft_users_uid_idx` (`uid`),
  KEY `craft_users_preferredLocale_fk` (`preferredLocale`)
) ENGINE=InnoDB DEFAULT CHARSET=utf8 COLLATE=utf8_unicode_ci;

--
-- Data for table `craft_users`
--

INSERT INTO `craft_users` (`id`, `username`, `photo`, `firstName`, `lastName`, `email`, `password`, `preferredLocale`, `weekStartDay`, `admin`, `client`, `locked`, `suspended`, `pending`, `archived`, `lastLoginDate`, `lastLoginAttemptIPAddress`, `invalidLoginWindowStart`, `invalidLoginCount`, `lastInvalidLoginDate`, `lockoutDate`, `verificationCode`, `verificationCodeIssuedDate`, `unverifiedEmail`, `passwordResetRequired`, `lastPasswordChangeDate`, `dateCreated`, `dateUpdated`, `uid`) VALUES
 ('1', 'mollie@emergentmethod.com', NULL, NULL, NULL, 'mollie@emergentmethod.com', '$2y$13$SPzKwYvJwBZgGjgrnHip6u2WVgGOtTJhn4Rix9UqItYl1o/MzgRZK', NULL, '0', '1', '0', '0', '0', '0', '0', '2017-08-16 19:23:28', '70.168.193.106', NULL, NULL, '2017-08-11 19:16:11', NULL, NULL, NULL, NULL, '0', '2017-07-26 23:54:37', '2017-07-26 23:54:37', '2017-08-16 19:23:28', '1169155a-9d64-4f15-8c67-fe17ddf37914');



DROP TABLE IF EXISTS `craft_widgets`;


--
-- Schema for table `craft_widgets`
--
CREATE TABLE `craft_widgets` (
  `id` int(11) NOT NULL AUTO_INCREMENT,
  `userId` int(11) NOT NULL,
  `type` varchar(150) COLLATE utf8_unicode_ci NOT NULL,
  `sortOrder` smallint(6) unsigned DEFAULT NULL,
  `colspan` tinyint(4) unsigned DEFAULT NULL,
  `settings` text COLLATE utf8_unicode_ci,
  `enabled` tinyint(1) unsigned NOT NULL DEFAULT '1',
  `dateCreated` datetime NOT NULL,
  `dateUpdated` datetime NOT NULL,
  `uid` char(36) COLLATE utf8_unicode_ci NOT NULL DEFAULT '0',
  PRIMARY KEY (`id`),
  KEY `craft_widgets_userId_fk` (`userId`)
) ENGINE=InnoDB AUTO_INCREMENT=5 DEFAULT CHARSET=utf8 COLLATE=utf8_unicode_ci;

--
-- Data for table `craft_widgets`
--

INSERT INTO `craft_widgets` (`id`, `userId`, `type`, `sortOrder`, `colspan`, `settings`, `enabled`, `dateCreated`, `dateUpdated`, `uid`) VALUES
 ('1', '1', 'RecentEntries', '1', NULL, NULL, '1', '2017-07-27 00:33:14', '2017-07-27 00:33:14', '85d5467f-c46b-425a-b222-0cdd99694240'),
 ('2', '1', 'GetHelp', '2', NULL, NULL, '1', '2017-07-27 00:33:14', '2017-07-27 00:33:14', '1829f54d-f098-46ec-b718-72cdcc35aab5'),
 ('3', '1', 'Updates', '3', NULL, NULL, '1', '2017-07-27 00:33:14', '2017-07-27 00:33:14', '0324fce4-771d-4cd4-a298-9064019ccab0'),
 ('4', '1', 'Feed', '4', NULL, '{\"url\":\"https:\\/\\/craftcms.com\\/news.rss\",\"title\":\"Craft News\"}', '1', '2017-07-27 00:33:14', '2017-07-27 00:33:14', 'd534c246-ec50-40a1-aef5-d0029f679fd7');


--
-- Constraints for tables
--


--
-- Constraints for table `craft_assetfiles`
--
ALTER TABLE `craft_assetfiles`
	ADD CONSTRAINT `craft_assetfiles_folderId_fk` FOREIGN KEY (`folderId`) REFERENCES `craft_assetfolders` (`id`) ON DELETE CASCADE,
	ADD CONSTRAINT `craft_assetfiles_id_fk` FOREIGN KEY (`id`) REFERENCES `craft_elements` (`id`) ON DELETE CASCADE,
	ADD CONSTRAINT `craft_assetfiles_sourceId_fk` FOREIGN KEY (`sourceId`) REFERENCES `craft_assetsources` (`id`) ON DELETE CASCADE;

--
-- Constraints for table `craft_assetfolders`
--
ALTER TABLE `craft_assetfolders`
	ADD CONSTRAINT `craft_assetfolders_parentId_fk` FOREIGN KEY (`parentId`) REFERENCES `craft_assetfolders` (`id`) ON DELETE CASCADE,
	ADD CONSTRAINT `craft_assetfolders_sourceId_fk` FOREIGN KEY (`sourceId`) REFERENCES `craft_assetsources` (`id`) ON DELETE CASCADE;

--
-- Constraints for table `craft_assetindexdata`
--
ALTER TABLE `craft_assetindexdata`
	ADD CONSTRAINT `craft_assetindexdata_sourceId_fk` FOREIGN KEY (`sourceId`) REFERENCES `craft_assetsources` (`id`) ON DELETE CASCADE;

--
-- Constraints for table `craft_assetsources`
--
ALTER TABLE `craft_assetsources`
	ADD CONSTRAINT `craft_assetsources_fieldLayoutId_fk` FOREIGN KEY (`fieldLayoutId`) REFERENCES `craft_fieldlayouts` (`id`) ON DELETE SET NULL;

--
-- Constraints for table `craft_categories`
--
ALTER TABLE `craft_categories`
	ADD CONSTRAINT `craft_categories_groupId_fk` FOREIGN KEY (`groupId`) REFERENCES `craft_categorygroups` (`id`) ON DELETE CASCADE,
	ADD CONSTRAINT `craft_categories_id_fk` FOREIGN KEY (`id`) REFERENCES `craft_elements` (`id`) ON DELETE CASCADE;

--
-- Constraints for table `craft_categorygroups`
--
ALTER TABLE `craft_categorygroups`
	ADD CONSTRAINT `craft_categorygroups_fieldLayoutId_fk` FOREIGN KEY (`fieldLayoutId`) REFERENCES `craft_fieldlayouts` (`id`) ON DELETE SET NULL,
	ADD CONSTRAINT `craft_categorygroups_structureId_fk` FOREIGN KEY (`structureId`) REFERENCES `craft_structures` (`id`) ON DELETE CASCADE;

--
-- Constraints for table `craft_categorygroups_i18n`
--
ALTER TABLE `craft_categorygroups_i18n`
	ADD CONSTRAINT `craft_categorygroups_i18n_groupId_fk` FOREIGN KEY (`groupId`) REFERENCES `craft_categorygroups` (`id`) ON DELETE CASCADE,
	ADD CONSTRAINT `craft_categorygroups_i18n_locale_fk` FOREIGN KEY (`locale`) REFERENCES `craft_locales` (`locale`) ON DELETE CASCADE ON UPDATE CASCADE;

--
-- Constraints for table `craft_content`
--
ALTER TABLE `craft_content`
	ADD CONSTRAINT `craft_content_elementId_fk` FOREIGN KEY (`elementId`) REFERENCES `craft_elements` (`id`) ON DELETE CASCADE,
	ADD CONSTRAINT `craft_content_locale_fk` FOREIGN KEY (`locale`) REFERENCES `craft_locales` (`locale`) ON DELETE CASCADE ON UPDATE CASCADE;

--
-- Constraints for table `craft_elements_i18n`
--
ALTER TABLE `craft_elements_i18n`
	ADD CONSTRAINT `craft_elements_i18n_elementId_fk` FOREIGN KEY (`elementId`) REFERENCES `craft_elements` (`id`) ON DELETE CASCADE,
	ADD CONSTRAINT `craft_elements_i18n_locale_fk` FOREIGN KEY (`locale`) REFERENCES `craft_locales` (`locale`) ON DELETE CASCADE ON UPDATE CASCADE;

--
-- Constraints for table `craft_emailmessages`
--
ALTER TABLE `craft_emailmessages`
	ADD CONSTRAINT `craft_emailmessages_locale_fk` FOREIGN KEY (`locale`) REFERENCES `craft_locales` (`locale`) ON DELETE CASCADE ON UPDATE CASCADE;

--
-- Constraints for table `craft_entries`
--
ALTER TABLE `craft_entries`
	ADD CONSTRAINT `craft_entries_authorId_fk` FOREIGN KEY (`authorId`) REFERENCES `craft_users` (`id`) ON DELETE CASCADE,
	ADD CONSTRAINT `craft_entries_id_fk` FOREIGN KEY (`id`) REFERENCES `craft_elements` (`id`) ON DELETE CASCADE,
	ADD CONSTRAINT `craft_entries_sectionId_fk` FOREIGN KEY (`sectionId`) REFERENCES `craft_sections` (`id`) ON DELETE CASCADE,
	ADD CONSTRAINT `craft_entries_typeId_fk` FOREIGN KEY (`typeId`) REFERENCES `craft_entrytypes` (`id`) ON DELETE CASCADE;

--
-- Constraints for table `craft_entrydrafts`
--
ALTER TABLE `craft_entrydrafts`
	ADD CONSTRAINT `craft_entrydrafts_creatorId_fk` FOREIGN KEY (`creatorId`) REFERENCES `craft_users` (`id`) ON DELETE CASCADE,
	ADD CONSTRAINT `craft_entrydrafts_entryId_fk` FOREIGN KEY (`entryId`) REFERENCES `craft_entries` (`id`) ON DELETE CASCADE,
	ADD CONSTRAINT `craft_entrydrafts_locale_fk` FOREIGN KEY (`locale`) REFERENCES `craft_locales` (`locale`) ON DELETE CASCADE ON UPDATE CASCADE,
	ADD CONSTRAINT `craft_entrydrafts_sectionId_fk` FOREIGN KEY (`sectionId`) REFERENCES `craft_sections` (`id`) ON DELETE CASCADE;

--
-- Constraints for table `craft_entrytypes`
--
ALTER TABLE `craft_entrytypes`
	ADD CONSTRAINT `craft_entrytypes_fieldLayoutId_fk` FOREIGN KEY (`fieldLayoutId`) REFERENCES `craft_fieldlayouts` (`id`) ON DELETE SET NULL,
	ADD CONSTRAINT `craft_entrytypes_sectionId_fk` FOREIGN KEY (`sectionId`) REFERENCES `craft_sections` (`id`) ON DELETE CASCADE;

--
-- Constraints for table `craft_entryversions`
--
ALTER TABLE `craft_entryversions`
	ADD CONSTRAINT `craft_entryversions_creatorId_fk` FOREIGN KEY (`creatorId`) REFERENCES `craft_users` (`id`) ON DELETE SET NULL,
	ADD CONSTRAINT `craft_entryversions_entryId_fk` FOREIGN KEY (`entryId`) REFERENCES `craft_entries` (`id`) ON DELETE CASCADE,
	ADD CONSTRAINT `craft_entryversions_locale_fk` FOREIGN KEY (`locale`) REFERENCES `craft_locales` (`locale`) ON DELETE CASCADE ON UPDATE CASCADE,
	ADD CONSTRAINT `craft_entryversions_sectionId_fk` FOREIGN KEY (`sectionId`) REFERENCES `craft_sections` (`id`) ON DELETE CASCADE;

--
-- Constraints for table `craft_fieldlayoutfields`
--
ALTER TABLE `craft_fieldlayoutfields`
	ADD CONSTRAINT `craft_fieldlayoutfields_fieldId_fk` FOREIGN KEY (`fieldId`) REFERENCES `craft_fields` (`id`) ON DELETE CASCADE,
	ADD CONSTRAINT `craft_fieldlayoutfields_layoutId_fk` FOREIGN KEY (`layoutId`) REFERENCES `craft_fieldlayouts` (`id`) ON DELETE CASCADE,
	ADD CONSTRAINT `craft_fieldlayoutfields_tabId_fk` FOREIGN KEY (`tabId`) REFERENCES `craft_fieldlayouttabs` (`id`) ON DELETE CASCADE;

--
-- Constraints for table `craft_fieldlayouttabs`
--
ALTER TABLE `craft_fieldlayouttabs`
	ADD CONSTRAINT `craft_fieldlayouttabs_layoutId_fk` FOREIGN KEY (`layoutId`) REFERENCES `craft_fieldlayouts` (`id`) ON DELETE CASCADE;

--
-- Constraints for table `craft_fields`
--
ALTER TABLE `craft_fields`
	ADD CONSTRAINT `craft_fields_groupId_fk` FOREIGN KEY (`groupId`) REFERENCES `craft_fieldgroups` (`id`) ON DELETE CASCADE;

--
-- Constraints for table `craft_globalsets`
--
ALTER TABLE `craft_globalsets`
	ADD CONSTRAINT `craft_globalsets_fieldLayoutId_fk` FOREIGN KEY (`fieldLayoutId`) REFERENCES `craft_fieldlayouts` (`id`) ON DELETE SET NULL,
	ADD CONSTRAINT `craft_globalsets_id_fk` FOREIGN KEY (`id`) REFERENCES `craft_elements` (`id`) ON DELETE CASCADE;

--
-- Constraints for table `craft_import_entries`
--
ALTER TABLE `craft_import_entries`
	ADD CONSTRAINT `craft_import_entries_entryId_fk` FOREIGN KEY (`entryId`) REFERENCES `craft_entries` (`id`) ON DELETE CASCADE,
	ADD CONSTRAINT `craft_import_entries_historyId_fk` FOREIGN KEY (`historyId`) REFERENCES `craft_import_history` (`id`) ON DELETE SET NULL;

--
-- Constraints for table `craft_import_history`
--
ALTER TABLE `craft_import_history`
	ADD CONSTRAINT `craft_import_history_userId_fk` FOREIGN KEY (`userId`) REFERENCES `craft_users` (`id`) ON DELETE CASCADE;

--
-- Constraints for table `craft_import_log`
--
ALTER TABLE `craft_import_log`
	ADD CONSTRAINT `craft_import_log_historyId_fk` FOREIGN KEY (`historyId`) REFERENCES `craft_import_history` (`id`) ON DELETE SET NULL;

--
-- Constraints for table `craft_matrixblocks`
--
ALTER TABLE `craft_matrixblocks`
	ADD CONSTRAINT `craft_matrixblocks_fieldId_fk` FOREIGN KEY (`fieldId`) REFERENCES `craft_fields` (`id`) ON DELETE CASCADE,
	ADD CONSTRAINT `craft_matrixblocks_id_fk` FOREIGN KEY (`id`) REFERENCES `craft_elements` (`id`) ON DELETE CASCADE,
	ADD CONSTRAINT `craft_matrixblocks_ownerId_fk` FOREIGN KEY (`ownerId`) REFERENCES `craft_elements` (`id`) ON DELETE CASCADE,
	ADD CONSTRAINT `craft_matrixblocks_ownerLocale_fk` FOREIGN KEY (`ownerLocale`) REFERENCES `craft_locales` (`locale`) ON DELETE CASCADE ON UPDATE CASCADE,
	ADD CONSTRAINT `craft_matrixblocks_typeId_fk` FOREIGN KEY (`typeId`) REFERENCES `craft_matrixblocktypes` (`id`) ON DELETE CASCADE;

--
-- Constraints for table `craft_matrixblocktypes`
--
ALTER TABLE `craft_matrixblocktypes`
	ADD CONSTRAINT `craft_matrixblocktypes_fieldId_fk` FOREIGN KEY (`fieldId`) REFERENCES `craft_fields` (`id`) ON DELETE CASCADE,
	ADD CONSTRAINT `craft_matrixblocktypes_fieldLayoutId_fk` FOREIGN KEY (`fieldLayoutId`) REFERENCES `craft_fieldlayouts` (`id`) ON DELETE SET NULL;

--
-- Constraints for table `craft_matrixcontent_authors`
--
ALTER TABLE `craft_matrixcontent_authors`
	ADD CONSTRAINT `craft_matrixcontent_authors_elementId_fk` FOREIGN KEY (`elementId`) REFERENCES `craft_elements` (`id`) ON DELETE CASCADE,
	ADD CONSTRAINT `craft_matrixcontent_authors_locale_fk` FOREIGN KEY (`locale`) REFERENCES `craft_locales` (`locale`) ON DELETE CASCADE ON UPDATE CASCADE;

--
-- Constraints for table `craft_matrixcontent_capability`
--
ALTER TABLE `craft_matrixcontent_capability`
	ADD CONSTRAINT `craft_matrixcontent_capability_elementId_fk` FOREIGN KEY (`elementId`) REFERENCES `craft_elements` (`id`) ON DELETE CASCADE,
	ADD CONSTRAINT `craft_matrixcontent_capability_locale_fk` FOREIGN KEY (`locale`) REFERENCES `craft_locales` (`locale`) ON DELETE CASCADE ON UPDATE CASCADE;

--
-- Constraints for table `craft_matrixcontent_socialmedialinks`
--
ALTER TABLE `craft_matrixcontent_socialmedialinks`
	ADD CONSTRAINT `craft_matrixcontent_socialmedialinks_elementId_fk` FOREIGN KEY (`elementId`) REFERENCES `craft_elements` (`id`) ON DELETE CASCADE,
	ADD CONSTRAINT `craft_matrixcontent_socialmedialinks_locale_fk` FOREIGN KEY (`locale`) REFERENCES `craft_locales` (`locale`) ON DELETE CASCADE ON UPDATE CASCADE;

--
-- Constraints for table `craft_migrations`
--
ALTER TABLE `craft_migrations`
	ADD CONSTRAINT `craft_migrations_pluginId_fk` FOREIGN KEY (`pluginId`) REFERENCES `craft_plugins` (`id`) ON DELETE CASCADE;

--
-- Constraints for table `craft_navee_navigations`
--
ALTER TABLE `craft_navee_navigations`
	ADD CONSTRAINT `craft_navee_navigations_creatorId_fk` FOREIGN KEY (`creatorId`) REFERENCES `craft_users` (`id`) ON DELETE SET NULL,
	ADD CONSTRAINT `craft_navee_navigations_fieldLayoutId_fk` FOREIGN KEY (`fieldLayoutId`) REFERENCES `craft_fieldlayouts` (`id`) ON DELETE SET NULL;

--
-- Constraints for table `craft_navee_nodes`
--
ALTER TABLE `craft_navee_nodes`
	ADD CONSTRAINT `craft_navee_nodes_id_fk` FOREIGN KEY (`id`) REFERENCES `craft_elements` (`id`) ON DELETE CASCADE,
	ADD CONSTRAINT `craft_navee_nodes_navigationId_fk` FOREIGN KEY (`navigationId`) REFERENCES `craft_navee_navigations` (`id`) ON DELETE CASCADE;

--
-- Constraints for table `craft_relations`
--
ALTER TABLE `craft_relations`
	ADD CONSTRAINT `craft_relations_fieldId_fk` FOREIGN KEY (`fieldId`) REFERENCES `craft_fields` (`id`) ON DELETE CASCADE,
	ADD CONSTRAINT `craft_relations_sourceId_fk` FOREIGN KEY (`sourceId`) REFERENCES `craft_elements` (`id`) ON DELETE CASCADE,
	ADD CONSTRAINT `craft_relations_sourceLocale_fk` FOREIGN KEY (`sourceLocale`) REFERENCES `craft_locales` (`locale`) ON DELETE CASCADE ON UPDATE CASCADE,
	ADD CONSTRAINT `craft_relations_targetId_fk` FOREIGN KEY (`targetId`) REFERENCES `craft_elements` (`id`) ON DELETE CASCADE;

--
-- Constraints for table `craft_routes`
--
ALTER TABLE `craft_routes`
	ADD CONSTRAINT `craft_routes_locale_fk` FOREIGN KEY (`locale`) REFERENCES `craft_locales` (`locale`) ON DELETE CASCADE ON UPDATE CASCADE;

--
-- Constraints for table `craft_sections`
--
ALTER TABLE `craft_sections`
	ADD CONSTRAINT `craft_sections_structureId_fk` FOREIGN KEY (`structureId`) REFERENCES `craft_structures` (`id`) ON DELETE SET NULL;

--
-- Constraints for table `craft_sections_i18n`
--
ALTER TABLE `craft_sections_i18n`
	ADD CONSTRAINT `craft_sections_i18n_locale_fk` FOREIGN KEY (`locale`) REFERENCES `craft_locales` (`locale`) ON DELETE CASCADE ON UPDATE CASCADE,
	ADD CONSTRAINT `craft_sections_i18n_sectionId_fk` FOREIGN KEY (`sectionId`) REFERENCES `craft_sections` (`id`) ON DELETE CASCADE;

--
-- Constraints for table `craft_sessions`
--
ALTER TABLE `craft_sessions`
	ADD CONSTRAINT `craft_sessions_userId_fk` FOREIGN KEY (`userId`) REFERENCES `craft_users` (`id`) ON DELETE CASCADE;

--
-- Constraints for table `craft_shunnedmessages`
--
ALTER TABLE `craft_shunnedmessages`
	ADD CONSTRAINT `craft_shunnedmessages_userId_fk` FOREIGN KEY (`userId`) REFERENCES `craft_users` (`id`) ON DELETE CASCADE;

--
-- Constraints for table `craft_structureelements`
--
ALTER TABLE `craft_structureelements`
	ADD CONSTRAINT `craft_structureelements_elementId_fk` FOREIGN KEY (`elementId`) REFERENCES `craft_elements` (`id`) ON DELETE CASCADE,
	ADD CONSTRAINT `craft_structureelements_structureId_fk` FOREIGN KEY (`structureId`) REFERENCES `craft_structures` (`id`) ON DELETE CASCADE;

--
-- Constraints for table `craft_taggroups`
--
ALTER TABLE `craft_taggroups`
	ADD CONSTRAINT `craft_taggroups_fieldLayoutId_fk` FOREIGN KEY (`fieldLayoutId`) REFERENCES `craft_fieldlayouts` (`id`) ON DELETE SET NULL;

--
-- Constraints for table `craft_tags`
--
ALTER TABLE `craft_tags`
	ADD CONSTRAINT `craft_tags_groupId_fk` FOREIGN KEY (`groupId`) REFERENCES `craft_taggroups` (`id`) ON DELETE CASCADE,
	ADD CONSTRAINT `craft_tags_id_fk` FOREIGN KEY (`id`) REFERENCES `craft_elements` (`id`) ON DELETE CASCADE;

--
-- Constraints for table `craft_templatecachecriteria`
--
ALTER TABLE `craft_templatecachecriteria`
	ADD CONSTRAINT `craft_templatecachecriteria_cacheId_fk` FOREIGN KEY (`cacheId`) REFERENCES `craft_templatecaches` (`id`) ON DELETE CASCADE;

--
-- Constraints for table `craft_templatecacheelements`
--
ALTER TABLE `craft_templatecacheelements`
	ADD CONSTRAINT `craft_templatecacheelements_cacheId_fk` FOREIGN KEY (`cacheId`) REFERENCES `craft_templatecaches` (`id`) ON DELETE CASCADE,
	ADD CONSTRAINT `craft_templatecacheelements_elementId_fk` FOREIGN KEY (`elementId`) REFERENCES `craft_elements` (`id`) ON DELETE CASCADE;

--
-- Constraints for table `craft_templatecaches`
--
ALTER TABLE `craft_templatecaches`
	ADD CONSTRAINT `craft_templatecaches_locale_fk` FOREIGN KEY (`locale`) REFERENCES `craft_locales` (`locale`) ON DELETE CASCADE ON UPDATE CASCADE;

--
-- Constraints for table `craft_usergroups_users`
--
ALTER TABLE `craft_usergroups_users`
	ADD CONSTRAINT `craft_usergroups_users_groupId_fk` FOREIGN KEY (`groupId`) REFERENCES `craft_usergroups` (`id`) ON DELETE CASCADE,
	ADD CONSTRAINT `craft_usergroups_users_userId_fk` FOREIGN KEY (`userId`) REFERENCES `craft_users` (`id`) ON DELETE CASCADE;

--
-- Constraints for table `craft_userpermissions_usergroups`
--
ALTER TABLE `craft_userpermissions_usergroups`
	ADD CONSTRAINT `craft_userpermissions_usergroups_groupId_fk` FOREIGN KEY (`groupId`) REFERENCES `craft_usergroups` (`id`) ON DELETE CASCADE,
	ADD CONSTRAINT `craft_userpermissions_usergroups_permissionId_fk` FOREIGN KEY (`permissionId`) REFERENCES `craft_userpermissions` (`id`) ON DELETE CASCADE;

--
-- Constraints for table `craft_userpermissions_users`
--
ALTER TABLE `craft_userpermissions_users`
	ADD CONSTRAINT `craft_userpermissions_users_permissionId_fk` FOREIGN KEY (`permissionId`) REFERENCES `craft_userpermissions` (`id`) ON DELETE CASCADE,
	ADD CONSTRAINT `craft_userpermissions_users_userId_fk` FOREIGN KEY (`userId`) REFERENCES `craft_users` (`id`) ON DELETE CASCADE;

--
-- Constraints for table `craft_users`
--
ALTER TABLE `craft_users`
	ADD CONSTRAINT `craft_users_id_fk` FOREIGN KEY (`id`) REFERENCES `craft_elements` (`id`) ON DELETE CASCADE,
	ADD CONSTRAINT `craft_users_preferredLocale_fk` FOREIGN KEY (`preferredLocale`) REFERENCES `craft_locales` (`locale`) ON DELETE SET NULL ON UPDATE CASCADE;

--
-- Constraints for table `craft_widgets`
--
ALTER TABLE `craft_widgets`
	ADD CONSTRAINT `craft_widgets_userId_fk` FOREIGN KEY (`userId`) REFERENCES `craft_users` (`id`) ON DELETE CASCADE;

SET FOREIGN_KEY_CHECKS = 1;
